text,label,label_id,synthetic_rule
"Bumbu (mengandung penguat rasa (Mononatrium Glutamat, 78%), udang, (tree nuts), bumbu (bawang bombay.",unsafe,1,KB_UNSAFE
"Singkong ungu premium, Bubuk porang berkualitas (48%), Antioksidan Askorbil Palmitat, Pengembang [Natrium Bikarbonat (E500(ii), lihat daftar bahan yang di cetak tebal, ikan, Campuran Bumbu Pedas Level 15 (Bubuk cabai.",unsafe,1,KB_UNSAFE
"Aditif makanan bersumber dari tumbuhan dan sintetis, penstabil (nabati, minyak sawit premium (dengan kandungan antioksidan tokoferol), Kakao Bubuk 0, tepung terigu.",unsafe,1,KB_UNSAFE
"38%, (Riboflavin), lesitin kedelai, sirup agave, Minyak Triglsenda, Perisa sintetik rumput laut, Pengemulsi (Dinatrium Difosfat).",unsafe,1,KB_UNSAFE
"Perisa Sintetik Lemon, PENGEMBANG: NATRIUM BIKARBONAT, garam murni (0, PENGEMBANG (NATRIUM HIDROGEN KARBONAT (500(ii)), lihat daftar, Ragi, 9%) (mengandung Antioksidan.",safe,0,KB_SAFE
"perisa ayam sintetik, Penguat Rasa (Mononatrium Glutamat dan Dinatrium Ribonukleotida), Pengental Nabati, crustacea, BUBUK SARI BUAH YUZU (0.",unsafe,1,KB_UNSAFE
"Lemak Reroti (mengandung Antioksidan Askorbil Palmitat & Tokoferol) (19%), tepung beras putih murni, gandum, Dinatrium 5'-Guanylat).",unsafe,1,KB_UNSAFE
"KECAP MANIS : Gula, Minyak Nabati (Kelapa Sawit, bahan pengental alami, 57%), salmon.",unsafe,1,KB_UNSAFE
"minyak zaitun (4%), gula pasir berkualitas, terigu, ekstrak buah asam (0.",unsafe,1,KB_UNSAFE
"Pengembang (mengandung Antioksidan Asam Askorbat), 150c), disarankan tidak dikonsunsi oleh anak di bawah 5 (lima) tahun, Pewama Alami Karamel Kelas IV.",safe,0,KB_SAFE
"Pewama Alami Karmin CI, Polong, Perisa Sintetik Daging Sapi BBQ, biji wijen, LIHAT DAFTAR BAHAN YANG DICETAK TEBAL, 4%).",unsafe,1,KB_UNSAFE
"Dektrosa Monohidrat, bawang putih tumbuk, Tidak mengandung pemanis artifisial, minyak nabati sawit, KACANG HAZEL (10, Penstabil Kalium Fosfat.",safe,0,KB_SAFE
"03%), Teh hijau sencha, pati (kentang, perisa alami paprika, ibu, lesitin kedelai, bubuk coklat premium.",unsafe,1,KB_UNSAFE
"tepung terigu, Ekstrak Rempah, minyak sawit berkualitas, Beras berkualitas (85.",unsafe,1,KB_UNSAFE
"Kecap Inggris (Mengandung alkohol 0, Ekstrak, Biji Bunga Matahari, Margarin (Mengandung Antioksidan Alfatokoferol, tepung gandum, sari ragi), Gula (19%).",unsafe,1,KB_UNSAFE
"telur bubuk, Kakao bubuk (6, kaldu dari sayuran, 03% (MENGANDUNG JALAPENO BUBUK 10%), Pemanis Alami Isomalt, perisa sintetik (stroberi, Minyak Sawit.",unsafe,1,KB_UNSAFE
"75810), Bebas pengawet dan pemanis buatan, Kacang polong (62, Tenggiri segar giling, Tepung porang terbaik (48%).",safe,0,KB_SAFE
"telur, Pewarna Sintetik (Tartrazin CI No, DAN EKSTRAK RAGI, minyak goreng sawit, Minyak bumbu: Minyak tumbuhan.",unsafe,1,KB_UNSAFE
"Bawang Merah, Pengatur Keasaman Asam Sitrat, tepung dari biji jagung, bubuk cabai merah, udang.",unsafe,1,KB_UNSAFE
"Gelatin Sapi, Asam Folat, Bubuk Lada Putih, Jagung (43%), Daging Sapi 21.",safe,0,KB_SAFE
"krimer (mengandung penstabil kalium fosfat, 43%), susu bubuk, Kentang segar.",unsafe,1,KB_UNSAFE
"Bumbu 0, Bubuk porang (48%), krimer tumbuhan, Pewarna sintetik (Ponceau 4R CI No.",safe,0,KB_SAFE
"Puree Mangga (10%), PENGUAT RASA MONONATRIUM L-GLUTAMAT, Cuka, aroma jeruk mandarin buatan, asam askorbat).",safe,0,KB_SAFE
"hazelnut, 49%), 9%)(Mengandung Cabai (40%), Kacang Hazel, perisa paprika natural, bawang putih halus (0, perisa jeruk mandarin sintetis.",unsafe,1,KB_UNSAFE
"Lobak premium (60%), pewarna makanan alami karamel IV, irisan bawang merah, Penstabil Natrium Tripolifosfat, KAKAO MASSA, lemak reroti (mengandung pengemulsi mono dan digliserida asam lemak dan antioksidan tokoferol), (Mengandung Antioksidan BHA).",safe,0,KB_SAFE
"Pengatur Keasaman Asam Malat, minyak kelapa sawit murni, Keripik singkong terbaik, Daglng Ayam (56%), Minyak bumbu: Minyak tumbuhan, minyak nabati sehat.",safe,0,KB_SAFE
"campuran rasa soto (mengandung hidrolisat protein nabati, pengental pati asetat, Kentang segar pilihan, Penstabil Natrium Karbonat.",safe,0,KB_SAFE
"cuka, garam gurih (5%) (mengandung penyedap MSG, Penstabil (Dipati Adipat Terasetilasi, garam dapur (1%), Kakao Bubuk (1, kacang mede, cabai merah.",unsafe,1,KB_UNSAFE
"bawang putih parut, crustacea, Madu (3%), Pelapis Perisa Sintetik.",unsafe,1,KB_UNSAFE
"saus tomat segar (45%), kepiting, 97%), seledri kering, Kakao Massa 4.",unsafe,1,KB_UNSAFE
"Penstabil Natrium Tripolifosfat, garam spesial (5%) (berisi penguat rasa MSG, Pewama Alami Karmin CI, mengandung Antioksidan Askorbil Patmitat.",safe,0,KB_SAFE
"sari jeruk mandarin (4, Hidrolisat Protein Nabati, Daun Bawang ( 1, minyak dari buah sawit (dengan antioksidan tokoferol).",safe,0,KB_SAFE
"almond, Iihat daftar bahan yang dicetak tebal, 78% (Mengandung cabe merah (28%), Madu, Dinatrium Guanilat), buah campuran: (lidah buaya (10%).",unsafe,1,KB_UNSAFE
"Pati Modifikasi, BUMBU RASA JALAPENO 0, bawang merah segar, Dinatrium 5'-Guanylat), cabai rawit kecil (1%), Rumput laut pilihan (47%), Penguat Rasa (Mononatrium L-glutamate, Alpukat (1.",safe,0,KB_SAFE
"Karagenan, Pala Bubuk, (GLUKONO DELTA LAKTON DAN NATRIUM HIDROGEN KARBONAT), TBHQ), Makaroni.",safe,0,KB_SAFE
"Pengatur Keasaman (Asam Sitrat), Air), LAKTOSA, Inufin.",safe,0,KB_SAFE
"45430, Bumbu Rasa Rumput Laut Panggang, bubuk jagung berkualitas, tuna, B12, pengental (gom biji lokus.",unsafe,1,KB_UNSAFE
"melon), SIRUP ISOMALTO OLIGOSAKARIDA, garam beryodium (0, Tidak mengandung pengawet dan pemanis buatan, NATRIUM KARBOKSIMETIL, tepung gandum.",unsafe,1,KB_UNSAFE
"beras kering, vitamin C, Cokelat (16%), mentega, bawang merah bubuk, Kuning FCF CI.",unsafe,1,KB_UNSAFE
"Rempah-rempah, dan garam laut, Pewarna Alami (Beta-Karoten (sayuran) CI, 75130 (160a(ii).",safe,0,KB_SAFE
"TBHQ), Selongsong Sosis, Penstabil Natrium Karbonat, Minyak bumbu: Minyak tumbuhan.",safe,0,KB_SAFE
"serbuk jagung, tepung tapioka, KAKAO BUBUK (1%), 38%), BAHAN PELENGKAP: Daun bawang kering, Semolina Jagung), Pasta Kacang Hazel, MINYAK NABATI (MENGANDUNG ANTIOKSIDAN (TOKOFEROL CAMPURAN PEKAT (307))).",safe,0,KB_SAFE
"PEMANIS BUATAN ASPARTAM)), bumbu rempah, Ubi kayu berkualitas (63, PENSTABIL (PATI OKSIDASI, Kalsium Karbonat, BUMBU KOYA: KERUPUK, PENGATUR KEASAMAN, 15985).",safe,0,KB_SAFE
"AIR, tepung mocaf (1, PEWARNA ALAMI (BETAKAROTEN (CI, kedelai, Beras premium (85.",unsafe,1,KB_UNSAFE
"Diproduksi menggunakan peralatan yang juga memproses Krustase, Minyak Nabai (mengandung Antioksidan BHA), PERISA ALAMI PANGGANG, Pengatur Keasaman (Asam Laktat dan Asam Sitrat), MALTODEKSTRIN, Bumbu Pedas Tingkat 15 (Cabai bubuk, Minyak, Kultur (L.",safe,0,KB_SAFE
"Keping Jagung (2, Pengawet (Kalium Sorbat, Umbi kentang, singkong pilihan (31, 242%), 75130 (160a(ii), Pengemulsi (Nabati), minyak mustard.",safe,0,KB_SAFE
"telur, Dinatrium 5'-guanilat), bikarbonat, Bekatul, KUE BERAS: Beras, Bubuk Daging Ayam {2%}, Ubi kayu (64.",unsafe,1,KB_UNSAFE
"ketumbar, Bawang Bombay Bubuk 1, Bumbu Pedas Tingkat 15 (Cabai bubuk, minyak nabati non-hidrogenasi (kelapa sawit, Alga laut (47%), telur bubuk.",unsafe,1,KB_UNSAFE
"Protein Nabati Terhidrolisis), Pewarna makanan sintetik kuning FCF CI 15985, Daging Ayam (50%), Mengandung.",safe,0,KB_SAFE
"Kakao Bubuk 6, Nori kering (47%), lihat daftar bahan yang dicetak tebal, Komposisi Saus Vla: Gula, kasein, pengatur keasaman (asam sitrat, glukosa).",unsafe,1,KB_UNSAFE
"Antioksidan TBHQ [E319], Tepung Jaqung, 48%, susu bubuk.",unsafe,1,KB_UNSAFE
"TEH HIJAU BUBUK (2%), Daging Ayam 35%, Rempah (Bawang Merah Bubuk, bawang putih bubuk, Dinatrium 5'-Ribonukleotida), susu, Pemanis Alami Glikosida Steviol.",unsafe,1,KB_UNSAFE
"margarin (mengandung pewarna alami Beta karoten (sayuran) CI No 75130), Penguat Rasa (Natrium Inosinat, TEH HIJAU BUBUK (2%), PENGEMBANG (AMONIUM BIKARBONAT.",safe,0,KB_SAFE
"jahe, LAKTOSA, Buah Stroberi Bubuk 0, hazelnut, Madu (3%), Pala Bubuk, serbuk jagung pilihan.",unsafe,1,KB_UNSAFE
"minyak sayur berkualitas, BERAS JEPANG (63, Bumbu Ayam Teriyaki ({6, Tepung Mocaf.",safe,0,KB_SAFE
"natrium sulfat, Tepung Beras), Kentang Kering (62, minyak goreng.",safe,0,KB_SAFE
"dan Perisa Sintetik Vanila, Bikarbonat), Laktosa, tepung dari biji beras, keju, Bumbu Pedas Tingkat 15 (Cabai bubuk.",unsafe,1,KB_UNSAFE
"Rempah (1, DEKSTROSA MONOHIDRAT, bubuk lada, 8 %, 45430, aroma artifisial.",safe,0,KB_SAFE
"Teh hijau sencha, biru berlian FCF CI 42090), Nisin), abai 6, ANTIOKSIDAN TBHQ, minyak nabati murni.",safe,0,KB_SAFE
"penguat rasa dinatrium ribonukleotida, wijen, Rumput laut kering (47%), Minyak Nabati.",unsafe,1,KB_UNSAFE
"Kacang Pohon dan Kacang Tanah, bubuk kakao, garam berbumbu (5%) (berisi penguat rasa MSG, Krimer minuman, perisa buatan (stroberi.",safe,0,KB_SAFE
"Antioksidan BHT, 557%), air mineral, Pewama Sintetik Tartrazin CI No, merica bubuk, 07%), siung bawang putih (0, Anti Kempal Siiikon Dioksida Halus.",safe,0,KB_SAFE
"kaldu nabati, 79%), madu murni (0, Karagenan, lemak reroti (Mengandung Antioksidan BHA), biru berlian FCF CI 42090), kenari.",unsafe,1,KB_UNSAFE
"Penstabil [Asam Natrium Pirofosfat (E450(i)), dinatrium 5'-inosinat, pemanis asesulfam-K, Bikarbonat), minyak tumbuhan pilihan, 8 %, Kakao, glukosa cair.",safe,0,KB_SAFE
"bawang putih segar, Agar bubuk, polidekstrosa, Minyak Goreng, Tepung beras (91%), kedelai, VITAMIN B2.",unsafe,1,KB_UNSAFE
"Bl (Tiamin), PENGEMULSI: MONO DAN DIGLISERIDA ASAM LEMAK, bubuk coklat pekat, Singkong pilihan (63, telur bubuk.",unsafe,1,KB_UNSAFE
"Penstabil Dinatrium Difosfat), kedelai, Minyak Triglsenda, Sari Buah Stroberi (1%).",unsafe,1,KB_UNSAFE
"09%), BUMBU GARAM (MENGANDUNG PENGUAT RASA MONONATRIUM L-GLUTAMAT PERISA SINTETIK, seledri kering, Kacang Tanah, kedelai.",unsafe,1,KB_UNSAFE
"Mineral Zat Besi dan Seng), Kakao Bubuk 4%, Bumbu Rasa Abon Sapi 1, Pati Jagung Gula, margarin (mengandung pewarna alami Beta karoten (sayuran) CI No 75130).",safe,0,KB_SAFE
"kacang mede, PERISA SINTETIK(COKELAT, irisan daun bawang kering, Minyak Nabati (Kelapa Sawit, cabai merah kering.",unsafe,1,KB_UNSAFE
"Pengembang Natrium Hidrogen Karbonat, jus jeruk mandarin (4, pengental xanthan gum, serbuk bawang bombay, kacang-kacangan, dan ibu menyusui, CAPSICUM OLEORESIN, antioksidan tokoferol campuran pekat.",safe,0,KB_SAFE
"Bumbu Ayam Teriyaki ({6, Pengatur Keasaman (Asam Sitrat), dinatrium inosinat dan guanilat sebagai penguat rasa), tokoferol campuran pekat, Singkong ungu premium, Minyak Kelapa, PENGUAT RASA (MONONATRIUM L-GLUTAMAT.",safe,0,KB_SAFE
"whey, Gula pasir, 48%, Pengembang Amonium Hidrogen Karbonat.",unsafe,1,KB_UNSAFE
"Bahan Penolong (Enzim Protease, tepung gandum, Perisa Sintetik Ayam Goreng Perisa Sintetik Ayam, Rempah (Bawang Merah Bubuk.",unsafe,1,KB_UNSAFE
"Ekstrak daging kelapa terbaik (50%), minyak mustard, B9 (Asam Folat), Madu, minyak kelapa sawit murni, Pewarna Sintetik : Merah Allura CI No, Merah Bit.",safe,0,KB_SAFE
"Pewarna makanan sintetik kuning FCF CI 15985, Lemak Reroti (Mengandung Antioksidan Askorbil Palmitat dan, bahan pengawet kalium sorbat, Bawang Putih Bubuk 0, PENGEMBANG: NATRIUM BIKARBONAT, Maltodekstrin, pati Kentang, aroma sintetis.",safe,0,KB_SAFE
"penguat rasa mononatrium L-glutamat, almond, PENSTABIL: GOM KACANG LOKUS, Jagung giling, PEMANIS BUATAN ASPARTAM)), Kecap Inggris (Mengandung alkohol 0, Moluska.",unsafe,1,KB_UNSAFE
"persik, Pewama Alami Karamel Kelas IV, ekstrak ragi, dan Kacang Pohon, beras goreng crispy.",safe,0,KB_SAFE
"glukosa murni, Asam Folat, pengembang (natrium hidrogen karbonat (INS500ii)), Jagung (18, lesitin kedelai.",unsafe,1,KB_UNSAFE
"Kalsium Karbonat, Lemak Nabati (mengandung Antioksidan Tokoferol Campuran Pekat), Bawang Bombay Bubuk 1, (mengandung Gula, Penguat rasa Dinatrium 5'ribonukleotida) Pewama Alami Beta Karoten (sayuran) CI No, dinatrium guanilat dan dinatrium inosinat).",safe,0,KB_SAFE
"bubuk lada, sarden, bawang merah cincang, nata de coco segar (7.",unsafe,1,KB_UNSAFE
"Pengatur Keasaman Asam Sitrat, LEMAK NABATI (MENGANDUNG ANTIOKSIDAN TOKOFEROL), persik, ekstrak buah asam (0, pewarna sintetik (tartrazin CI 19140, 88%).",safe,0,KB_SAFE
"BUMBU : Gula, dinatrium 5'-guanilat [E627] & dinatrium 5'-inosinat [E631], 75300), Pengemulsi, Pemanis Alami Glikosida steviol), gula glukosa, Menangdung pemanis buatan, Perisa Alami Barbekiu.",safe,0,KB_SAFE
"Pengawet (Kalium Sorbat, Teh Hiiau Bubuk (0, Pisang Bubuk (0, zat pengemulsi (fosfat.",safe,0,KB_SAFE
"Madu (3%), daging sapi bubuk, seledri kering, lemak reroti (Mengandung Antioksidan BHA), VITAMIN B3, laktosa.",safe,0,KB_SAFE
"Perisa Sintetik (mengandung Pewarna Alami Karamel l), Pengatur Keasaman (Kalium Karbonat, MINYAK : Minyak nabati dan bawang merah, lesitin kedelai, gula putih murni, Dinatrium 5'-inosinate.",unsafe,1,KB_UNSAFE
"Laktosa, konsentrat jus stroberi (8%), Penguat Rasa (Mononatrium Glutamat), Antioksidan BHT, RUMPUT LAUT (0, susu bubuk, Antioksidan Tokoferol.",unsafe,1,KB_UNSAFE
"sesame, Dinatrium Inosinat, Konnyaku Bubuk, dinatrium inosinat dan guanilat).",unsafe,1,KB_UNSAFE
"bubuk bawang bombai (0, tuna, Pisang Bubuk (0, sirup glukosa, Pati Termodifikasi, Minyak Nabati (Kelapa Sawit.",unsafe,1,KB_UNSAFE
"Mi bihun: Pati jagung, madu pilihan (0, Kakao Massa (0, 97%).",safe,0,KB_SAFE
"tokoferol campuran pekat, laktosa, Pewarna Alami Beta Karoten (Sayuran) CI, Pengembang Natrium Hidrogen Karbonat, Irisan kentang, 35%), ekstrak kelp.",safe,0,KB_SAFE
"gula, minyak dari tumbuhan, Minyak Nabati Kelapa Sawit, Bubuk cokelat, lihat, bawang putih, Gula Merah, 25 % ).",safe,0,KB_SAFE
"Perisa sintetik, Pewarna Beta Carotene (sintetik CI 40800), (mengandung Antioksidan Askorbil, whey.",unsafe,1,KB_UNSAFE
"Lemak Reroti (mengandung Antioksidan Tokoferol), natrium benzoat untuk pengawet, Antioksidan Tokoferol Campuan Pekat dan BHT), pati dari jagung, minyak kelapa sawit, Pati Kentang (30, Antioksidan Tokoferol, Perisa Sintetik Mangga.",safe,0,KB_SAFE
"tepung dari beras, terigu, Pati Termodifikasi Asam, Minyak goreng kelapa sawit (mengandung antioksidan TBHQ), garam spesial (5%) (dengan penyedap rasa MSG.",unsafe,1,KB_UNSAFE
"557%), Kakao Bubuk (5%), Penguat Rasa Mononatrium Glutamat dan Dinatrium 5'-Ribonukleotida), Serat rebung.",safe,0,KB_SAFE
"Rapa Terhidrogenasi), telur bubuk, tepung konyaku, REMAHAN BISKUIT (MENGANDUNG PERISA SINTETIK (COKELAT), Bifidobacterium.",unsafe,1,KB_UNSAFE
"kalsium laktat, askorbil palmitat, minyak tumbuhan pilihan, dan garam halus, krimer nabati, Humektan Nabati, KAKAO BUBUK(2%).",safe,0,KB_SAFE
"HIDROLISAT PROTEIN NABATI (MENGANDUNG PEWARNA KARAMEL IV), Rempah-Rempah, Selulosa Bubuk (E460)], 395%), Tanpa pengawet dan pemanis artifisial, ASAM FOLAT), PERISA ALAMI KENTANG PANGGANG, antioksidan TBHQ.",safe,0,KB_SAFE
"Minyak nabati (Mengandung antioksidan, lada putih, telur, pengawet asam sorbat), tumbuhan), pemanis artifisial asesulfam-K.",unsafe,1,KB_UNSAFE
"bahan pengemulsi, Informasi Alergen, 78% (Mengandung bawang putih (39%), Antioksidan Natrium Askorbat, Daging Sapi 21, hazelnut.",unsafe,1,KB_UNSAFE
"Garam Bumbu (Mengandung Penguat, Perisa sintetik rumput laut, Gula (19%), Krispi Beras (13%), sirup fruktosa, konsentrat sari buah anggur (2, gula putih murni.",safe,0,KB_SAFE
"kedelai, pengawet kalsium propionat, rumput laut wakame kering (7%), perisa sintetik vanilla, Rempah-rempah, Saus Stroberi 16% (Mengandung Kalium Sorbat), Ekstrak Rempah.",unsafe,1,KB_UNSAFE
"Zat Besi, PENGEMBANG (NATRIUM & AMOMUM BIKARBONAT), BUMBU RASA JALAPENO 0, Buah Stroberi Bubuk 0, 45%), rumput laut wakame kering (7%).",safe,0,KB_SAFE
"LIHAT DAFTAR BARAN YANG, Jagung Kernel Utuh 91%, Semolina, udang, margarin oles (mengandung pengawet kalium sorbat.",unsafe,1,KB_UNSAFE
"susu, bawang putih bubuk, Bawang prei, perisa cocopandan sintetik, Tokoferol Campuran), Niasin, Penstabil Hidroksipropil dipati fostat.",unsafe,1,KB_UNSAFE
"Madu Bubuk (0, MINYAK SAYUR, minyak kelapa sawit murni, susu.",unsafe,1,KB_UNSAFE
"susu bubuk, minyak olein dari buah sawit, cabai rawit, PEWARNA MAKANAN SINTETIK (MERAH ALLURA CI, Minyak.",unsafe,1,KB_UNSAFE
"bumbu (mengandung laktosa, Perisa sintetik rumput laut, Bekatul, Kacang Tanah (42.",safe,0,KB_SAFE
"tepung terigu, perisa paprika alami, 36%), dan garam laut, 81%).",unsafe,1,KB_UNSAFE
"cabai kering, ikan, lemak reroti (mengandung pengemulsi mono dan digliserida asam lemak dan antioksidan tokoferol), ekstrak jeruk mandarin (4, libat daftar bahan yang dicetak tebal.",unsafe,1,KB_UNSAFE
"LEMAK NABATI, Pengental karagen, kepiting, penguat rasa (dinatrium 5'-guanilat [E627] & dinatrium 5'-Inosinat [E631]).",unsafe,1,KB_UNSAFE
"75470 dan Minyak Atsiri, Daglng Ayam (56%), tepung terigu, Mengandung Antioksidan (TBHQ dan Alfa Tokoferol) dan Pewama Alami Karamel III, tepung dari beras putih.",unsafe,1,KB_UNSAFE
"kedelai, Selongsong Sosis, Konnyaku Bubuk, garam murni (1%), 18% (Mengandung Penguat Rasa (Mononatrium Glutamat, alkohol.",unsafe,1,KB_UNSAFE
"tepung dari biji jagung, kaldu tumbuhan, krimer nabati, Campuran, pengatur asam (asam cuka dan asam laktat).",safe,0,KB_SAFE
"PENSTABIL FOSFAT, Humektan Nabati, serbuk jagung, minyak zaitun murni (4%), penguat rasa, Bumbu Rasa BBQ Balado (mengandung Rempah (Bubuk Cabe (0, lada bubuk, Lemak Nabati (mengandung Antioksidan TBHQ).",safe,0,KB_SAFE
"irisan bawang merah, jahe, Tepung Beras), Sari buah kelapa berkualitas (50%), aroma artifisial, karagen.",safe,0,KB_SAFE
"lemak reroti (mengandung antioksidan askorbil palmitat, mentega, Rempah (mengandung cabe (0, Antioksidan Natrium Eritorbat.",unsafe,1,KB_UNSAFE
"Perisa Alami (Oregano & Rosemary), Pewarna Sintetik Kuning FCF CI, PENGEMBANG (AMONIUM BIKARBONAT, Asam Folat), Pewarna Sintetik (Tartrazin CI 19140 & Kuning FCF CI 15985), ikan, Pemanis Alami Isomalt.",unsafe,1,KB_UNSAFE
"minyak kelapa sawit, Pewarna alami Karamel I, tepung beras putih murni, garam laut, lemak kakao, Teh hijau, Sultana (5%).",safe,0,KB_SAFE
"tepung terigu, Karagenan (5%), tumbuhan), antioksidan (BHA dan BHT).",unsafe,1,KB_UNSAFE
"Ubi kayu ungu segar, saus tomat segar (45%), Keripik singkong terbaik, Pengental Nabati, Gula putih, karbonat dan amonium hidrogen karbonat).",safe,0,KB_SAFE
"kepiting, 01%), Pewarna Makanan Sintetik, sekuestran EDTA, sari jeruk mandarin (4, pati jagung.",unsafe,1,KB_UNSAFE
"PERISA ALAMI KENTANG PANGGANG, SIRUP MALTOSA, daun limau, cumi-cumi, Bumbu Frankfurter 1, pengatur keasaman asam sitrat, PENGENTAL PATI ASETAT, alergen.",safe,0,KB_SAFE
"16035, tepung jagung, madu, antioksidan asam askorbat), Natrium Polifosfat), Kacang Tanah (45.",safe,0,KB_SAFE
"242%), Potongan kentang, kacang tanah, Penguat Rasa (Mononatrium Glutamat), Acar sawi, Bumbu: Gula, telur.",unsafe,1,KB_UNSAFE
"Ubi kayu berkualitas (63, Peterseli, Tanpa, Bumbu Asin, telur, ASAM MALAT (296)), Perlakuan Tepung (Natrium Stearoil-2-Laktilat).",unsafe,1,KB_UNSAFE
"Buah Stroberi Bubuk 0, Lemak Nabati (mengandung Antioksidan Tokoferol Campuran Pekat), pewarna alami (Beta-karoten (sintetik) CI No, Suksinat, LIHAT DAFTAR BAHAN YANG DICETAK, Bumbu Rasa Bawang Putih, Natrium Askorbat, tumbuhan).",safe,0,KB_SAFE
"Kakao Bubuk 0, karagen, rapeseed), bubuk lada, lesitin kedelai.",unsafe,1,KB_UNSAFE
"Mi bihun: Pati jagung, bumbu (mengandung laktosa, lihat daftar, lihat bahan bercetak tebal, wijen, jus jeruk mandarin segar (4, 72%).",unsafe,1,KB_UNSAFE
"Lemak Nabati (Mengandung Antioksidan BHA), sarden, LEMAK REROTI (MENGANDUNG ANTIOKSIDAN(TOKOFEROL CAMPURAN PEKAT(307b))), Pengatur, bubuk ekstrak jamur shitake, madu pilihan (0, dan garam laut.",unsafe,1,KB_UNSAFE
"Lemak Reroti (Mengandung Antioksidan, Biji Bunga Matahari (94, bubuk bawang bombay, Bawang Putih Bubuk (mengandung Kacang Tanah), kedelai, minyak sayur, Kacang Tanah (45.",unsafe,1,KB_UNSAFE
"Kakao, DAN PENGATUR KEASAMAN ASAM SITRAT, sitrat dan natrium hidrogen karbonat), Bawang Putih Bubuk 0, sari buah jeruk mandarin (4, minyak nabati, lihat daftar baha yang dicetak tebal.",safe,0,KB_SAFE
"Antioksidan Askorbil Palmitat dan Tokoferol), var, Minyak Nabati Terhidrogenasi, teri, MINYAK NABATI (MENGANDUNG, PGPR).",unsafe,1,KB_UNSAFE
"susu, Lemak Reroti (mengandung Antioksidan Tokoferol), Minyak berbumbu: Minyak nabati, Pewama Sintetik Tartrazin CI No, bawang merah (0, pengental (gom biji lokus, ekstrak ragi).",unsafe,1,KB_UNSAFE
"Bumbu-bumbu, PENGAWET (KALIUM SORBAT DAN NATRIUM PROPIONAT), Pengganti Lemak Kakao, Pengemulsi Nabati (Lesitin, Dinatriun Guanilat).",safe,0,KB_SAFE
"Pemanis Alami Sorbitol Sirup, Jagung bubuk (65, ekstrak buah asam (0, Hidrolisat Protein Nabati, minyak dari kelapa sawit, Tomat Bubuk, Kakao (5 5%).",safe,0,KB_SAFE
"42090 (133)), LEMAK REROTI (MENGANDUNG ANTIOKSIDAN(TOKOFEROL CAMPURAN PEKAT(307b))), dicetak tebal, Pengembang Natrium Bikarbonat dan Penstabil Dinatrium Difosfat), bubuk merica, penyedap mononatrium glutamat, krimer tumbuhan.",safe,0,KB_SAFE
"Minyak Rendang: Minyak nabati, Semolina Jagung 36%), zat pengemulsi (fosfat, Pengembang (Natrium Bikarbonat), Perisa Sintetik [Karamel, Informasi Alergen :, tepung.",safe,0,KB_SAFE
"asam askorbat, lemak cokelat murni, Pewarna Makanon Alami Kurkumin CI No, Kentang pilihan.",safe,0,KB_SAFE
"Fruktosa, 78% (Mengandung cabe merah (28%), penguat rasa dinatrium guanilat dan inosinat), 25 % ).",safe,0,KB_SAFE
"penyedap rasa (mononatrium glutamat, lihat daftar bahan, rempah pilihan, Pengemulsi nabati, sirup tinggi fruktosa, kerang.",safe,0,KB_SAFE
"92%), kacang mede, pengawet natrium benzoat, daging sapi bubuk.",unsafe,1,KB_UNSAFE
"Pewarna Alami Karamel l, cabai giling, Lemak Kakao), Minyak Olein Kelapa Sawit, xanthan gum, Serat rebung, Perisa Vanila, Kecap Bubuk (1.",safe,0,KB_SAFE
"hazelnut, gula putih (19, minyak nabati berkualitas, Kakao Bubuk (0.",unsafe,1,KB_UNSAFE
"Tepung porang pilihan (48%), pengatur keasaman (asam sitrat), Penguat Rasa (Dinatrium 5'-Inosinat, Pati Jagung, Air, telur.",unsafe,1,KB_UNSAFE
"gula kristal (19, gandum, garam spesial (5%) (berisi penguat rasa MSG, AIR, Lemak Reroti Nabati (mengandung, perisa buatan (stroberi, 673%) (MENGANDUNG BUTTERMILK.",unsafe,1,KB_UNSAFE
"Mengandung allergen, dan Perisa Sintetik Vanila, Bihun: Pati jagung pilihan, Albumin, penstabil, Kecap Fermentasi, Lemak Nabati (Mengandung Antioksidan TBHQ), dinatrium guanilat dan inosinat).",safe,0,KB_SAFE
"Margarin (Mengandung Antioxidant BHA), minyak nabati non-hidrogenasi (kelapa sawit, antioksidan vitamin C, penyedap MSG, kepiting, aroma ayam sintetis.",unsafe,1,KB_UNSAFE
"Campuran, saus cabai (dengan penyedap MSG) (41%), glukosa cair, Tepung Natrium steoroil-2-laktolat.",safe,0,KB_SAFE
"INULIN, kedelai, 7%) (mengandung Bubuk Kopi 0, mineral (zat besi), 3% (GULA.",unsafe,1,KB_UNSAFE
"Gula Icing (16, campuran rasa soto (mengandung hidrolisat protein nabati, PENGAWET (KALIUM SORBAT DAN NATRIUM PROPIONAT), Penguat Rasa (Mononatrium Glutamat).",safe,0,KB_SAFE
"minyak kelapa sawit murni (dengan tokoferol sebagai antioksidan), 21%), Alga laut (47%), gluten, dinatrium 5'-inosinat, Bubuk Ketumbar (0.",unsafe,1,KB_UNSAFE
"garam alami, Minyak Atsiri Paprika, Perisa Alami Mangga, Pewarna makanan sintetik kuning FCF CI 15985, B12.",safe,0,KB_SAFE
"telur, Ragi (mengandung antioksidan asam askorbat), Pewarna Alami (Beta-Karoten (sayuran) CI, Steviol [E960], bubuk cabai, rumput laut wakame kering (7%).",unsafe,1,KB_UNSAFE
"Bawang Putih Bubuk (mengandung Kacang Tanah), Racang Pohon, bawang bombay cincang, Pewarna Alami Beta Karoten (Sayuran) CI, Minyak Nabati (mengandung antioksidan tokoferol dan pewarna alami Beta-Karoten (sayuran) CI, pengembang natrium karbonat.",safe,0,KB_SAFE
"margarin (mengandung antioksidan askorbil palmitat, asam askorbat), kerang, Maltodekstrin], 81%), Nisin, minyak sayur murni, daun jeruk wangi.",safe,0,KB_SAFE
"aroma jeruk mandarin buatan, buah campuran: (lidah buaya (10%), Minyak Rendang: Minyak nabati, 5% (Mengandung Bawang Putih Bubuk 1, ikan, perisa sintetik (anggur.",unsafe,1,KB_UNSAFE
"7%) (GULA, 55%), SAUS: Air, Pengemulsi (Dinatrium Difosfat, Penstabil Dinatrium Difosfat, perisa ayam artifisial.",safe,0,KB_SAFE
"80%), ikan, 09%)), Vitamin E.",unsafe,1,KB_UNSAFE
"antioksidan TBHQ, keju, garam, Minyak Nabai (mengandung Antioksidan BHA).",unsafe,1,KB_UNSAFE
"Pengemulsi, Antioksidan Askorbil Palmitat, minyak dari buah sawit (dengan antioksidan tokoferol), Pemanis Alami Sorbitol Sirup, Tepung beras (80%), ikan.",unsafe,1,KB_UNSAFE
"Teh hijau sencha murni, Perisa Sintetik (mengandung Antioksidan Tokoferol), lihat daftar bahan, lesitin kedelai, bawang merah (0, Nisin.",unsafe,1,KB_UNSAFE
"Pengemulsi nabati, 75300), salmon, Lihat Daftar Bahan Yang Dicetak Tebal.",unsafe,1,KB_UNSAFE
"Kakao Massa, DEKSTROSA MONOHIORAT, kedelai, Perisa sintetik (Vanila, Kakao (3%).",unsafe,1,KB_UNSAFE
"pengental gom xanthan, Asam askorbat BHA & TBHQ, madu alami (0, PENSTABIL: GOM KACANG LOKUS, wijen.",unsafe,1,KB_UNSAFE
"8 %, Bubuk Bawang Putih, daun jeruk purut, Tepung porang terbaik (48%), tepung beras halus, 23%}, Ammonium Bikarbonat).",safe,0,KB_SAFE
"Tepung porang terbaik (48%), ikan, bahan pengemulsi (fosfat, perisa sintetik (anggur, Sari Buah Stroberi (1%), minyak biji sawi, 49%).",unsafe,1,KB_UNSAFE
"Air), Pati (Jagung, minyak jagung murni, Askorbil Pamitat, Gula halus, Pasta makaroni.",safe,0,KB_SAFE
"Pati, 14%), Pengawet (Kalium Sorbat dan Nisin), perisa buatan.",safe,0,KB_SAFE
"Minyak Kelapa, Garan Pengatur Keasaman Asam Sitrat, Minyak kelapa sawit, xanthan gum, ASAM FOLAT), Minyak Kelapa Sawit (Mengandung Antioksidan TBHQ), Ekstrak daging kelapa terbaik (50%), 2%}.",safe,0,KB_SAFE
"perisa soto (dengan hidrolisat protein nabati, tepung singkong, Lemak Reroti(mengandung antioksidan TBHQ), Kakao Bubuk 3.",safe,0,KB_SAFE
"kerang, Daglng Ayam (56%), Bubuk cabe, 18%), 48%.",safe,0,KB_SAFE
"Antioksidan Askorbil Palmitat, Teh hijau, Teh hijau sencha, garam (1%), 97 %), kacang mede.",unsafe,1,KB_UNSAFE
"Cokelat Paduan, tepung pati jagung, Bubuk, Pengemulsi (Dinatrium Difosfat).",safe,0,KB_SAFE
"Biru Berlian FCF CI No, 38%), Kakao Massa (0, perisa alami paprika, madu.",safe,0,KB_SAFE
"pengatur keasaman (asam laktat, rapeseed), Pewarna makanan (Biru berlian CI 42090, Lemak Nabati (mengandung Antioksidan Tokoferol Campuran Pekat), perhatikan bahan yang dicetak tebal, Sirup Jagung Tinggi Fruktosa, Ekstrak Protein Sayuran, Vitamin B3.",safe,0,KB_SAFE
"Pengatur Keasaman (Asam Laktat dan Asam Sitrat), Minyak Biji Bunga Matahari, bahan pengawet natrium benzoat, sari jeruk mandarin (4, daun seledri kering, bubuk bawang putih dan merah, rumput laut wakame kering (7%).",safe,0,KB_SAFE
"susu, disarankan tidak dikonsunsi oleh anak di bawah 5 (lima) tahun, dinatrium 5'-inosinat, PENGUAT RASA (MONONATRIUM GLUTAMAT DAN, Pewarna Sintetik Ponceau 4R CI 16255 dan Kuning FCF CI 15985).",unsafe,1,KB_UNSAFE
"penstabil monokalsium fosfat, PENGUAT RASA DINATRIUM INOSINAT dan DINATRIUM GUANILAT, Asam Laktat), whey, Saus Cabai (4.",unsafe,1,KB_UNSAFE
"penyedap MSG, Pengembang (natrium nidrogen karbonat, emulsifier (fosfat dan nabati), Perlakuan tepung Protease dan Aspergillus oryzae, kalsium laktat, aroma jeruk mandarin buatan, lihat daftar bahan tebal, Ekstrak Anato CI.",safe,0,KB_SAFE
"Pewarna Alami Karamel kelas, keju, penstabil (nabati dan fosfat), Penguat Rasa [Dinatrium 5'-Inosinat (E631).",unsafe,1,KB_UNSAFE
"dan garam halus, emulsifier, Lemak Reroti (mengandung antioksidan tokoferol), Biji Bunga Matahari (88, 42090)), Magnesium Karbonat, Pewarna Alami Karamel III - E150c), Lobak berkualitas tinggi (60%).",safe,0,KB_SAFE
"Tomat ( 0, Acar sawi, COKELAT (GULA, 673%) (MENGANDUNG BUTTERMILK, 002%), lesitin kedelai, bubuk kakao.",unsafe,1,KB_UNSAFE
"pengatur asam (asam sitrat, Gula putih, hazelnut, Pewarna Alami Karamel Kelas IV.",unsafe,1,KB_UNSAFE
"saus cabai merah (dengan penguat rasa MSG) (41%), MSG sebagai penyedap, Ekstrak daging kelapa terbaik (50%), acidophilus.",safe,0,KB_SAFE
"58%), Ubi kayu segar (64, Pengemulsi Nabati, pati dari jagung, Minyak Bunga Matahari, Pewarna Makanon Alami Kurkumin CI No.",safe,0,KB_SAFE
"(Sianokobalamin), penguat rasa dinatrium ribonukleotida, ANTIOKSIDAN (TOKOFEROL CAMPURAN PEKAT (307b))), 14%), Jagung (43%), Diproduksi menggunakan peralatan yang juga memproses serealia, mengandung Antioksidan Askorbil Patmitat, Bubuk porang berkualitas (48%).",safe,0,KB_SAFE
"gandum, Pengembang (Amonium Hidrogen Karbonat, Mengandung fenilalanin, Minyak Sayur.",unsafe,1,KB_UNSAFE
"Margarin (Mengandung Antioksidan Tokoferol, Gula (19%), susu bubuk, 35%, bahan yang dicetak tebal.",unsafe,1,KB_UNSAFE
"saus cabai merah (dengan penguat rasa MSG) (41%), telur, Dinatrium, Perisa Sintetik (mengandung Antioksidan Tokoferol), pati jagung.",unsafe,1,KB_UNSAFE
"penguat tasa dinatrium inosinat dan guanilat) dan vitamin (A, Palmitat, tepung dari biji beras, kepiting, zat pengemulsi.",unsafe,1,KB_UNSAFE
"kenari, nata de coco (7, bawang putih, Minyak Rendang: Minyak nabati.",unsafe,1,KB_UNSAFE
"BUMBU RASA AYAM, tapioka, glukosa cair, PEMANIS BUATAN ASPARTAM), minyak zaitun extra virgin (4%), Perisa Alami Cokelat.",safe,0,KB_SAFE
"garam beryodium, Pewarna Alami Beta Karoten (Sayuran) CI, Minyak Nabati (Kelapa Sawit, Pengatur Keasaman (Kalium Karbonat, pewarna alami beta-karoten (sintetik) CI, Lakotsa, natrium benzoat sebagai pengawet, DAN NABATI).",safe,0,KB_SAFE
"Margarin (mengandung pengawet Kalium sorbat, Pewarna Makanan Sintetik (Tartrazin CI 19140, RUMPUT LAUT (0, Mi bihun: Pati jagung.",safe,0,KB_SAFE
"tepung sagu, cabai merah bubuk, Agar bubuk, Penstabil Gliserin, Vanila), COKLAT HITAM COMPOUND.",safe,0,KB_SAFE
"Gula kristal, Pengatur Keasaman Asam Malat, Pewarna Alami Merah Bit, Bubuk Kecap, Minyak Triglsenda, DAN PEWARNA SINTETIK TARTRAZIN CI NO, perisa buatan (stroberi.",safe,0,KB_SAFE
"tepung terigu, tihat daftar bahan yang dicetak tebal, merica halus, krimer (mengandung penstabil kalium fosfat, pengatur asam (asam cuka dan asam laktat).",unsafe,1,KB_UNSAFE
"lihat komposisi yang dicetak tebal, Kakao (3%), 42090)), (Mengandung Penguat Rasa Mononatrium Glutamat), Lemak Reroti Nabati (Mengandung Antioksidan Askorbil Palmitat &TokoferoI), garam spesial (5%) (dengan penyedap rasa MSG, Beras putih (85.",safe,0,KB_SAFE
"tepung beras halus, Penstabil (Gelatin sapi), garam beraroma (5%) (dengan penyedap MSG, Catatan: Berisi alergen, Penstabil Natrium Tripolifosfat, penyedap MSG.",safe,0,KB_SAFE
"PENGENTAL (DIPATI FOSFAT (1412)), Air, gula kastor, biji wijen, Minyak tumbuhan, corn oil.",unsafe,1,KB_UNSAFE
"KAKAO BUBUK(2%), 68%), Bubuk Kelapa (0, Daun bawang, bahan pengawet kalium sorbat, 6%)), almond.",unsafe,1,KB_UNSAFE
"Kakao bubuk (6, Penguat Rasa (Natrium Inosinat, kedelai, Cuka, Bubuk.",unsafe,1,KB_UNSAFE
"pati tapioka termodifikasi, lesitin kedelai, 40800 (MENGANDUNG ANTIOKSIDAN DL-ALFA TOKOFEROL), Perisa Sintetik (Glisin, lihat daftar bahan yang dicetak tebaL, zat pengemulsi, HIDROKSIPROPIL.",unsafe,1,KB_UNSAFE
"Bubuk Bonito kering, zat pengemulsi nabati, krustasea, 75120), cabai bubuk, serbuk bawang putih dan merah, tepung beras premium.",unsafe,1,KB_UNSAFE
"DEKSTROSA, EDTA kalsium dinatrium, daun bawang kering, Pengental Pektin, Kakao (3%).",safe,0,KB_SAFE
"Beras putih (85, 07% (mengandung Penguat Rasa Mononatrium Glutamat dan Dinatrium 5'-ribonukleotida, gandum, bubuk jagung, Wortel ( 1.",unsafe,1,KB_UNSAFE
"bawang merah segar, ekstrak paprika alami, Semolina Jagung 36%), pati (kentang, irisan bawang bombay.",safe,0,KB_SAFE
"Hidrolisat Protein Nabati, almond, perisa buatan cocopandan, Perisa Sintetik dan Alami (mengandung Penguat Rasa (Mononatrium Glutamat.",unsafe,1,KB_UNSAFE
"Gula (17%), KAKAO BUBUK (1%), Natrium Polifosfat), Bifidobacterium, bahan pengemulsi, VITAMIN B3.",safe,0,KB_SAFE
"askorbil palmitat, BUMBU GARAM (MENGANDUNG PENGUAT RASA MONONATRIUM L-GLUTAMAT PERISA SINTETIK, Polidekstrosa, sari asam jawa (0, Ekstrak, Pengembang (Amonium Bikarbonat dan Natrium Bikarbonat) Perisa Alami, bubuk cokelat.",safe,0,KB_SAFE
"sari tamarind (0, lihat daftar bahan yang di cetak tebal, gula pasir berkualitas, Sirup jagung, Tepung Ketan, wijen, Air).",unsafe,1,KB_UNSAFE
"Minyak Sawit, Air steril, Perisa Sintetik (mengandung Antioksidan Tokoferol), dan Kacang Pohon, susu bubuk.",unsafe,1,KB_UNSAFE
"Jagung segar, Pengembang (Amonium Bikarbonat, SIRUP FRUKTOSA, telur, Kecap Bubuk, Minyak Cabai.",unsafe,1,KB_UNSAFE
"Penstabil (Hewani Gelatin Sapi dan Nabati), Bumbu (Mengandung Penguat Rasa Dinatrium Inosinat, seledri, 75130 (Mengandung Antioksidan d-alfa Tokoferol dan Asam Askorbat), Pemanis Alami Steviol, Asam Folat), krimer nabati.",safe,0,KB_SAFE
"penguat rasa mononatrium L-glutamat, perisa alami), kepiting, sari asam jawa (0, kultur (streptococcus thermophilus.",unsafe,1,KB_UNSAFE
"Bubuk (4%), ekstrak minyak cabe, sirup gula, Ekstrak kelapa segar (50%).",safe,0,KB_SAFE
"8 %, kasein, Campuran Bumbu Pedas Tingkat 15 (Serbuk cabai, Penguat Rasa Mononatrium Glutamat, tepung konyaku, Pati Kentang (59.",unsafe,1,KB_UNSAFE
"kacang almond, dinatrium guanilat dan dinatrium inosinat), bawang putih segar, potongan daun bawang kering, 81%), Vitamin (A, lemak cokelat.",unsafe,1,KB_UNSAFE
"Perisa Sintetik Rumput Laut 2, asam asetat), Krimer Nabati Bubuk, 45430, Ekstrak Daging Sapi (0, Natrium Karbonat), tepung yang dimodifikasi (enzim protease dan amilase).",safe,0,KB_SAFE
"14%), sorbat, Tomat Bubuk, Serbuk umbi porang murni (48%), Pisang Raja, telur bubuk, pemanis artifisial asesulfam-K.",unsafe,1,KB_UNSAFE
"jinten, antioksidan vitamin C, 3% (GULA, B6 (Piridoksin), biji wijen.",unsafe,1,KB_UNSAFE
"Pengembang (Mengandung Kalsium Karbonat, minyak tumbuhan pilihan, dan Gandurn, 63% (Mengandung Jagung Bubuk (2%), bahan pengental alami, air murni, tepung ubi kayu.",safe,0,KB_SAFE
"lihat, Semolina Jagung, pewarna buatan (tartrazin CI 19140, gluten, Bumbu Frankfurter.",unsafe,1,KB_UNSAFE
"Air murni, Saus Cabai (4, PERISA SINTETIK VANILA, 25%), 23%), Anti Kempal Siiikon Dioksida Halus, Ekstrak Anato CI, GULA PASIR.",safe,0,KB_SAFE
"36%), jagung), siung bawang putih, Pewarna Alami Beta Karoten (sayuran) CI, bubuk jagung, Margarin (Mengandung Antioksidan Tokoferol, sesame.",unsafe,1,KB_UNSAFE
"sorbat, Pati tapioka, Sirup Tinggi Fruktosa, Kakao Bubuk 4%, ekstrak jeruk mandarin (4.",safe,0,KB_SAFE
"Singkong terbaik (63, Air minum, tepung gandum, minyak sawit (mengandung antioksidan tokoferol).",unsafe,1,KB_UNSAFE
"Kentang yang dikeringkan, 75300, ikan, Penguat Rasa Mononatrium Glutamat (E621), Bubuk Ketumbar (0, KECAP MANIS : Gula.",unsafe,1,KB_UNSAFE
"Cokelat Bubuk (0, saripati bayam, Diproduksi, MENGANDUNG ALLERGEN: LIHAT DAFTAR YANG DICETAK TEBAL, salam, garam halus.",safe,0,KB_SAFE
"2%}, 45%), sarden, Saus Cabai (4.",unsafe,1,KB_UNSAFE
"minyak nabati (mengandung antioksidan tokoferol campuran pekat [E307b]), Penstabil Fosfat, Pengembang (Natrium Bikarbonat), Kacang Pohon, DEKSTROSA MONOHIORAT.",safe,0,KB_SAFE
"crustacea, Kuning FCF CI, Asam Folat), Merah Bit.",unsafe,1,KB_UNSAFE
"pemanis artifisial asesulfam-K, tepung yang diolah (enzim protease dan amilase), madu pilihan (0, ketan, Krimer Kental Manis (mengandung Antioksidan Tokoferol), Gula (mengandung.",safe,0,KB_SAFE
"Sirup Gula Invert, Daglng Ayam (56%), Bumbu Ayam Teriyaki ({6, Minyak Kelapa, garam berbumbu (5%) (berisi penguat rasa MSG, Bumbu Rasa Bawang 5, Pewama Alami Karamel Kelas IV, saus sambal (mengandung MSG) (41%).",safe,0,KB_SAFE
"GULA, Pengawet Natrium Benzoat, Tomat Bubuk (2, Irisan tipis singkong premium, Pengawet (Kalium Sorbat dan Nisin).",safe,0,KB_SAFE
"lihat bahan yang ditebalkan, kedelai, 40800 (MENGANDUNG ANTIOKSIDAN DL-ALFA TOKOFEROL), SELULOSA, melon), Keripik singkong terbaik, lihat daftar bahan yang di cetak tebal.",unsafe,1,KB_UNSAFE
"SIRUP MALTOSA, saripati bayam, 15985), garam dapur (1%), bahan pengemulsi (fosfat, lihat, KRIM 14%, Rasa (Dinatrium Inosinat.",safe,0,KB_SAFE
"Hidrolisat Protein Nabati), bumbu (berisi gula, Pati Jagung, ubi kayu (31.",safe,0,KB_SAFE
"Singkong kering pilihan, 19140 dan Kuning FCF CI, Pewarna makanan (Biru berlian CI 42090, Daglng Ayam (56%), cabai rawit, abai 6, bubuk jagung, Pewarna Alami Beta-karoten CI 75130 (Mengandung Antioksidan Alfa Tokoferol dan Asam Askorbat).",safe,0,KB_SAFE
"kaldu sayuran, Gula (mengandung, bumbu rempah, Bumbu Rasa Ayam, Krispi Beras Cokelat (29, Pewarna Alami Merah Bit, 06%), Pewarna Makanan (Tartrazin CI.",safe,0,KB_SAFE
"Kismis (9%), Lemak Reroti Nabati, malt, penguat rasa mononatrium L-glutamat, natrium benzoat sebagai pengawet.",unsafe,1,KB_UNSAFE
"cabai rawit segar (1%), 037%, gandum, Ekstrak Protein Nabati, 8%) (mengandung antioksidan (BHA, Singkong ungu premium.",unsafe,1,KB_UNSAFE
"64%), (mengandung Gula, Dinatrium, Keping Jagung (2, rumput laut (1%), Dinatrium Inosinat (E631)], garam laut, Biru Berlian FCF CI No.",safe,0,KB_SAFE
"Lemak Reroti(mengandung antioksidan TBHQ), Anti Kempal Siiikon Dioksida Halus, lemak kakao, saus cabai merah (dengan penguat rasa MSG) (41%), ekstrak bawang bombay, Garam), bahan pengemulsi (fosfat dan nabati), Krispi Beras (3%).",safe,0,KB_SAFE
"Gula Invert, Pengembang (Arnonium Bikarbonat, Bawang Putih Bubuk 0, KAKAO MASSA, Pemanis Alami Maltitol, Hidrolisat Protein Nabati).",safe,0,KB_SAFE
"Informasi Alergen :, penguat rasa dinatrium guanilat dan inosinat), penguat rasa mononatrium glutamat, minyak kelapa sawit murni (dengan tokoferol sebagai antioksidan), 56%), Amonium hidrogen karbonat), Tidak mengandung pengawet dan pemanis buatan.",safe,0,KB_SAFE
"asam asetat food grade, Asam Folat, Maltodekstrin, gula kristal (19, Pewarna Sintetik kuning FCF CI 15985).",safe,0,KB_SAFE
"bawang putih segar (0, perisa cocopandan sintetik, Pengembang Natrium Hidrogen karbonat, 78% (Mengandung bawang putih (39%), Alpukat (1.",safe,0,KB_SAFE
"Krimer Nabati Bubuk, Mengandung Gula dan Pemanis Buatan, pengental hidroksipropil dipati Fosfat, pewarna alami beta-karoten (sintetik) CI.",safe,0,KB_SAFE
"35%, mentega, Pengawet (Kalium Sorbat dan Nisin), Pati Termodifikasi, Minyak Nabai (mengandung Antioksidan BHA), minyak nabati sawit.",unsafe,1,KB_UNSAFE
"Daging tenggiri pilihan, pengatur pH (asam sitrat, Margarin (Minyak Kelapa Sawit, Trinatrium Sitrat, Kentang Kering (62, 58%), kasein.",unsafe,1,KB_UNSAFE
"lesitin kedelai, daun jeruk segar, Singkong segar (63, BIRU BERLIAN FCF CI.",unsafe,1,KB_UNSAFE
"Perisa Sintetik dan Alami (mengandung Penguat Rasa (Mononatrium Glutamat, Mengardung alergen, Nori kering (47%), Kurkumin CI 75300, abai 6.",safe,0,KB_SAFE
"Ubi ungu terbaik, Tokoferol Campuran), thermophilus), Tepung Beras, Laver (47%), minyak tumbuhan pilihan, tepung, Tepung Ketan.",safe,0,KB_SAFE
"tepung terigu, dan Pewarna Alami Beta-karoten dari Blakeslea trispora (Mengandung Antioksidan Tokoferol), Pengawet Kalium Sorbat, kacang Tanah, Magnesium Karbonat, CABE BUBUK(0, C (Asam Askorbat)).",unsafe,1,KB_UNSAFE
"40800 (mengandung antioksidan dl-alfa Tokoferol), cream, irisan bawang merah, Lobak (60%), 673%) (MENGANDUNG BUTTERMILK, campuran rempah rahasia.",unsafe,1,KB_UNSAFE
"susu, bubuk bawang putih dan merah, Pewarna Makanan Sintetik, Minyak, Bumbu Rasa Seledri.",unsafe,1,KB_UNSAFE
"bubuk cabai, PERISA SINTETIK VANILA PEWARNA ALAMI (KURKUMIN CI 75300 DAN KARAMEL IV), Lobak premium (60%), Kakao Bubuk (0, Bumbu Pedas.",safe,0,KB_SAFE
"GARAM GURIH, arkorbil palmitat) pewarna alami Beta-Karoten (sayuran) CI, lesitin kedelai, PENGENTAL PATI ASETAT.",unsafe,1,KB_UNSAFE
"perisa jeruk mandarin sintetis, Pati Tapioka, anti kempal silikon dioksida), Jagung (50%), dinatrium guanilat dan inosinat), Pengemulsi (Trinatrium Sitrat dan Dinatrium Fosfat).",safe,0,KB_SAFE
"Pati, Singkong ungu terpilih, tepung ubi kayu, Perisa, BUMBU MINYAK: MINYAK NABATI, Minyak goreng kelapa sawit (mengandung antioksidan TBHQ).",safe,0,KB_SAFE
"Ammonium Bikarbonat), aroma ayam sintetis, Dinatrium Inosinat dan Guanilat), Ubi kayu ungu segar, Ubi kayu (63, Serat Pangan, tepung.",safe,0,KB_SAFE
"Kakao Bubuk 4%, Aditif makanan bersumber dari tumbuhan dan sintetis, garam beryodium, Bumbu Rasa Balado (3.",safe,0,KB_SAFE
"557%), wijen, Pati jagung, 21%), Pewama Sintetik Tartrazin CI No, Beras premium (85.",unsafe,1,KB_UNSAFE
"gandum, Pengganti Lemak Kakao, DEKSTROSA, Antioksidan Natrium Eritorbat, B3 (Niasin).",unsafe,1,KB_UNSAFE
"36%), Kcang Tanah, Daun teh hijau sencha, 42090 (133)), jahe, Daun Bawang ( 1, pengatur keasaman kalsium sulfat dan glukono delta lakton.",safe,0,KB_SAFE
"asam askorbat), Air bersih, MINYAK KELAPA MURNI, wijen.",unsafe,1,KB_UNSAFE
"LEMAK NABATI, pewarna alami karamel IV, Krispi Beras (3%), Perisa Alami Vanila.",safe,0,KB_SAFE
"Pengembang (Amonium Hidrogen Karbonat, Krimer, Bumbu Rasa BBQ Balado (mengandung Rempah (Bubuk Cabe (0, PENGATUR KEASAMAN (ASAM SITRAT (330).",safe,0,KB_SAFE
"Semolina Jagung, LEMAK REROTI (MENGANDUNG ANTIOKSIDAN (TOKOFEROL CAMPURAN PEKAT(307b))), sari ragi), ekstrak ragi, pengawet kalium sorbat, Pati Termodifikasi, Steviol [E960], laktosa.",safe,0,KB_SAFE
"susu, Lemak Reroti(mengandung antioksidan TBHQ), KRIUK AYAM ASLI (5, kalsium laktat), Antioksidan Natrium Askorbat, KAKAO BUBUK(2%).",unsafe,1,KB_UNSAFE
"sirup jagung, minyak kelapa sawit murni (dengan tokoferol sebagai antioksidan), karagenan, Pewarna Sintetik Kuning FCF CI No, Mengandung pemanis buatan, Albumin, jagung).",safe,0,KB_SAFE
"bahan yang dicetak tebal, lactobacillus acidophilus), tuna, 1%), Penstabil (Nabati), bubuk cabai.",unsafe,1,KB_UNSAFE
"ANTIKEMPAL SILIKON DIOKSIDA, Pewarna Beta-karoten (sayuran) CI 75130 (INS 160a(ii)), Kcang Tanah, lihat komposisi yang dicetak tebal, Tepung Tapioka, Tanpa pemanis artifisial, pengatur keasaman asam sitrat.",safe,0,KB_SAFE
"minyak sawit murni, Bumbu Rasa Barbekue 11, Lemak Reroti (Mengandung Antioksidan Askorbil Palmitat dan, PENGEMULSI NABATI.",safe,0,KB_SAFE
"Pengawet Natrium Nitrit, Pewarna Alami Kurkumin CI, Iihat daftar bahan yang dicetak tebal, Antikempal Silikon Dioksida, kepiting, dinatrium inosinat dan guanilat), Pewarna Sintetik (Tartrazin CI No 19140.",unsafe,1,KB_UNSAFE
"35%, melon), Mineral Zat Besi dan Seng), Rumput laut berkualitas (47%), Pewarna Makanan (Tartrazin CI, Bubuk jagung (65, Palmitat, Beras.",safe,0,KB_SAFE
"52%), sorbat, kedelai, Bumbu 2% (Mengandung Cabe 2%).",unsafe,1,KB_UNSAFE
"garam spesial (5%) (dengan penyedap rasa MSG, kenari, pengental nabati, 22%).",unsafe,1,KB_UNSAFE
"PENGEMBANG (NATRIUM HIDROGEN KARBONAT (500(ii))), Ubi kayu pilihan (63, Lakotsa, terigu, BHA), Laktosa.",unsafe,1,KB_UNSAFE
"penstabil (nabati dan fosfat), Singkong ungu terpilih, dinatrium 5'-guanilat, Penguat rasa Dinatrium 5'-ribonukleotida.",safe,0,KB_SAFE
"nata de coco pilihan (7, perhatikan daftar bahan bercetak tebal, campuran rempah rahasia, 57%), siung bawang putih, Kakao Massa (3, Serpihan Kentang 60%.",safe,0,KB_SAFE
"cuka buah, Kentang Kering (62, minyak biji sawi, SIRUP MALTOSA, Ribonukleotida), antioksidan vitamin C.",safe,0,KB_SAFE
"Antioksidan Tokoferol, 8 %, whey, Tanpa pengawet dan pemanis artifisial, Kakao Bubuk 4%.",unsafe,1,KB_UNSAFE
"sagu halus, penstabil (nabati dan fosfat), Ekstrak Ragi, lemak cokelat.",safe,0,KB_SAFE
"Serat Pangan, Pengembang Natrium Hidrogen karbonat, KAKAO BUBUK (1%), sirup jagung.",safe,0,KB_SAFE
"48%, Lemak Kakao 0, kacang-kacangan, 673%) (MENGANDUNG BUTTERMILK.",safe,0,KB_SAFE
"Pengatur Keasaman Natrium Sitrat, pengental alami, Biji Buah Labu, irisan daun bawang kering, tepung terigu, Komposisi Saus Vla (25%): Gula, Premiks Vitamin.",unsafe,1,KB_UNSAFE
"Merah Bit)), bahan pengental (gom lokus, kaldu tumbuhan, Tartrazin CI No, Pemanis Buatan Sukralosa, malt.",unsafe,1,KB_UNSAFE
"Gula (19%), Tapioka), susu bubuk, Lada Putih, campuran rempah rahasia, gula dan sirup jagung fruktosa tinggi.",unsafe,1,KB_UNSAFE
"9% SERPIHAN KENTANG (MENGANDUNG KENTANG 99, PERISA: SINTETIK VANILA, tepung terigu, Rempah (mengandung cabe (0, 45%).",unsafe,1,KB_UNSAFE
"Kakao Massa (3, saus tomat homemade (45%), cabai merah bubuk, ANTIKEMPAL SILIKON DIOKSIDA.",safe,0,KB_SAFE
"pewarna Beta - Karoten (sayuran) CI, Antioksidan Natrium Eritorbat, minyak dari buah sawit (dengan antioksidan tokoferol), cabai merah giling, acidophilus, Lemak Reroti(mengandung antioksidan TBHQ).",safe,0,KB_SAFE
"557%), askorbil palmitat, penguat rasa dinatrium 5'-guanilat [E627] & dinatrium 5'-Inosinat [E631]), Perisa Vanila dan Pewarna Makanan, Ekstrak kelapa segar (50%).",safe,0,KB_SAFE
"zat pengemulsi, Pengembang Natrium Hidrogen Karbonat, mineral (zat besi), krustasea, minyak sayur pilihan, EDTA kalsium dinatrium, Saus Stroberi 16% (Mengandung Kalium Sorbat).",unsafe,1,KB_UNSAFE
"dan garam, tihat daftar bahan yang dicetak tebal, minyak sayur (mengandung TBHQ), MINYAK NABATI (MENGANDUNG ANTIOKSIDAN (TOKOFEROL CAMPURAN PEKAT (307))), tepung dari beras putih, Oadatan Kakao 21% (Kakao Massa).",safe,0,KB_SAFE
"Antioksidan Askorbil Palmitat dan Tokoferol, Margarin (Mengandung Antioksidan BHA dan Pewama Alami Beta Karoten CI, minyak mustard, MINYAK KELAPA MURNI, Singkong segar (63, KACANG HAZEL 28, ketan.",safe,0,KB_SAFE
"20285, Penguat Rasa Mononatrium Glutamat [E621], minyak nabati (mengandung antioksidan tokoferol campuran pekat [E307b]), Lemak Kakao), Cokelat Compound Hitam Chips (16%, Penguat Rasa (Mononatrium Glutamat E621.",safe,0,KB_SAFE
"kepiting, pewarna alami Beta-karoten CI No, Daun bawang, Pisang Raja.",unsafe,1,KB_UNSAFE
"Kakao bubuk (6, 9%), Minyak nabati, Penstabil Fosfat, Pemanis Alami Steviol, garam dapur (0, Pewarna Alami Kurkumin CI, Kakao Bubuk (2.",safe,0,KB_SAFE
"Lemak Reroti (Mengandung Antioksidan Tokoferol), Bumbu Rasa Bawang Putih, dan Pengatur Keasaman (Asam Sitrat), Pengawet (Kalium Sorbat [E202] dan Natrium.",safe,0,KB_SAFE
"ANTIOKSIDAN TOKOFEROL CAMPURAN PEKAT, 45430, sari buah asam (0, Ubi kayu segar (64.",safe,0,KB_SAFE
"laktosa, 01 %), kedelai, emulsifier nabati, Perisa Sintetik Barbekue, (1404)).",unsafe,1,KB_UNSAFE
"DAN NATRIUM BIKARBONAT), 16%), Karagenan (5%), VITAMIN B2, dan kacang pohon, telur, Pati tapioka.",unsafe,1,KB_UNSAFE
"Perisa Sintetik Daging Sapi BBQ, Perisa Sintetik Ayam Goreng Perisa Sintetik Ayam, Sirup Jagung, Bumbu Rasa Ayam (Mengandung, Mengandung Fenilalanin, Minyak Goreng Kelapa Sawit, perisa alami paprika oleoresin.",safe,0,KB_SAFE
"79% (mengandung pewarna makanan sintetik Kuning FCF (CI 15985)), Pisang Bubuk (0, (mononatrium glutamat, Perisa Vanila, udang.",unsafe,1,KB_UNSAFE
"Bumbu Pedas Level 15 (Serbuk cabai, pengatur pH (asam asetat dan asam laktat), Singkong segar (63, Kecap Fermentasi, krustasea.",unsafe,1,KB_UNSAFE
"92%), lesitin kedelai, Tetur, Anti Kempal, kacang, garam murni, pemanis dekstrosa.",unsafe,1,KB_UNSAFE
"kenari, PENGEMBANG (NATRIUM HIDROGEN KARBONAT (500(ii))), pewarna alami beta-karoten (sayuran) CI 75130), (mengandung Antioksidan Askorbil, Bumbu (Mengandung Penguat Rasa Dinatrium Inosinat.",unsafe,1,KB_UNSAFE
"garam murni, Lobak segar (60%), Singkong ungu pilihan, ikan.",unsafe,1,KB_UNSAFE
"Pengembang (natrium nidrogen karbonat, tidak cocok untuk penderita fenilketonurik, saus sambal pedas (dengan penguat rasa MSG) (41%), kepiting, garam beryodium.",unsafe,1,KB_UNSAFE
"Tepung Kelapa, ikan, Dinatrium Inosinat & Guanilat, 75810).",unsafe,1,KB_UNSAFE
"bahan pengental alami, BERAS JEPANG (63, tepung maizena, PENGUAT RASA MONONATRIUM L-GLUTAMAT, SAOS CABE: Air, Krimer Nabati.",safe,0,KB_SAFE
"PENGEMULSI: MONO DAN DIGLISERIDA ASAM LEMAK, beras olahan, Dikalsium Fosfat, PENGEMBANG(NATRIUM HIDROGEN KARBONAT(500(ii))), Penstabil (Kalsium Karbonat).",safe,0,KB_SAFE
"Margarin (Mengandung Antioksidan Alfatokoferol, Minyak Kelapa Sawit (Mengandung Antioksidan TBHQ), Pantotenat), Bubuk Ketumbar (0, Gula pasir, Perisa Vanila dan Pewarna Makanan.",safe,0,KB_SAFE
"penguat rasa (dinatrium 5'-guanilat [E627] & dinatrium 5'-Inosinat [E631]), mengandung Antioksidan Askorbil Patmitat, Daging Ayam (37, Merah Bit)), bawang merah goreng, sagu murni, Puree Mangga (10%).",safe,0,KB_SAFE
"Mengandung fenilalanin, air murni, Minyak Nabati (mengandung Antioksidan TBHQ), Minyak Nabati, udang.",unsafe,1,KB_UNSAFE
"minyak zaitun murni (4%), Bubuk jagung premium (65, Pemanis Alami Glikosida, Pewama Alami Betakaroten CI 75130, Pengental Pektin, MINYAK NABATI (MENGANDUNG, Lemak Reroti (mengandung antioksidan tokoferol).",safe,0,KB_SAFE
"Bumbu Rasa Bawang 5, daun jeruk segar, Pati Modifikasi, Pewarna Beta Carotene (sintetik CI 40800), bubuk pembentuk jeli, PEWARNA MAKANAN SINTETIK (MERAH ALLURA CI.",safe,0,KB_SAFE
"PREMIKS VITAMIN DAN MINERAL(ZAT BESI, aroma artifisial, Minyak Atsiri Paprika, 79%), Penstabil Karagenan, Vitamin B3, MALTODEKSTRIN, 03%).",safe,0,KB_SAFE
"bahan yang dicetak tebal, ASAM FOLAT), Kacang Pikan (15, Pati Termodifikasi Asam.",safe,0,KB_SAFE
"Serpihan Kentang 60%, lihat daftar baha yang dicetak tebal, crustacea, Tepung Beras), Air steril, Kecap Bubuk (1, aroma ayam artifisial.",unsafe,1,KB_UNSAFE
"sesame, Ester Sukrosa, MINYAK OLEIN KELAPA SAWIT, Pengemulsi nabati, Pewama Alami Karmin CI, penguat tasa dinatrium inosinat dan guanilat) dan vitamin (A.",unsafe,1,KB_UNSAFE
"09%)), pengatur keasaman (asam asetat dan laktat), pewarna sintetik Tartrazin CI No, pengawet alami kalium sorbat, TBHQ), terigu, garam gurih (5%) (mengandung penyedap MSG.",unsafe,1,KB_UNSAFE
"Minyak Nabati, Umbi kentang, jahe bubuk, Lemak Nabati (mengandung Antioksidan dl-Alfa Tokoferol), lactobacillus acidophilus), Beras, bahan pengawet kalium sorbat, bubuk kakao.",safe,0,KB_SAFE
"lihat daftar bahan yang dicetak tebaL, PEWARNA MAKANAN SINTETIK (MERAH ALLURA CI, Perisa Alami Vanila, Lemak Nabati (mengandung Antioksidan Tokoferol Campuran Pekat), Air minum berkualitas, Oat Utuh (8%), asam laktat).",safe,0,KB_SAFE
"ibu hamil dan ibu menyususi, Kalsium Karbonat (E170(i))], kenari, bawang putih parut (0.",unsafe,1,KB_UNSAFE
"Biji jagung, nabati), Pengawet Natrium Metabisulfit, Cokelat Compound Hitam Chips (16%, 55%), Jagung pilihan, Minyak Nabati (mengandung antioksidan BHT).",safe,0,KB_SAFE
"Lemak Reroti (mengandung Antioksidan Tokoferol), pengatur keasaman (asam asetat dan laktat), Dinatrium Ribonukleotida [E635]), kenari, aroma buatan.",unsafe,1,KB_UNSAFE
"minyak sayur pilihan, Kuning FCF CI, Rapa Terhidrogenasi), Pala Bubuk.",safe,0,KB_SAFE
"36%), penguat rasa mononatrium L glutamat, Pewarna Beta Carotene (sintetik CI 40800), Jagung segar, tepung terigu.",unsafe,1,KB_UNSAFE
"gluten, BUMBU MINYAK: MINYAK NABATI, Nisin), minyak goreng sehat, Krimer Nabati Bubuk, Pengembang (natrium nidrogen karbonat, gula tebu.",unsafe,1,KB_UNSAFE
"19%), daun jeruk segar, Kacang polong (62, Gula putih.",safe,0,KB_SAFE
"Lemak Reroti Nabati (Mengandung Antioksidan Askorbil Palmitat & Tokoferol), gula kastor, C (Asam Askorbat)), 97 %), Peringatan: Berisi alergen.",safe,0,KB_SAFE
"air matang, Kelapa, whey, pengental alami.",unsafe,1,KB_UNSAFE
"18%), mentega, MINYAK NABATI (MENGANDUNG, Asam askorbat BHA & TBHQ, Pengental Hidroksipropil Dipati Fosfat.",unsafe,1,KB_UNSAFE
"bubuk cokelat, irisan daun bawang, Cokelat HT Cl 20285), Lemak Reroti (Mengandung Antioksidan BHA), aroma sintetis, perisa alami paprika, susu.",unsafe,1,KB_UNSAFE
"KAKAO MASSA(3%), ASAM MALAT (296)), Bumbu Frankfurter, tepung gandum.",unsafe,1,KB_UNSAFE
"pewarna sintetik tartrazin, disarankan tidak dikonsumsi oleh anak dibawah 5 (lima) tahun, serbuk coklat, pasta bawang bombay, perisa sintetik.",safe,0,KB_SAFE
"bumbu rempah, 75470 dan Minyak Atsiri, Pewarna Alami Kurkumin CI, Pewarna Alami (Beta-Karoten (sayuran) CI, Kalsium Karbonat dan 3 Vitamin (mengandung Antioksidan dl-a-Tokoferol), pengawet kalium sorbat.",safe,0,KB_SAFE
"Lobak segar (60%), Cokelat Hitam (17%), sirup fruktosa, 57%), Inulin, premiks vitamin dan mineral, minyak sayur murni.",safe,0,KB_SAFE
"Pewarna Alami (Karamel I Plain, Pengembang (Amonium Hidrogen Karbonat dan Natrium Hidrogen Karbonat ), PENGUAT RASA (MONONATRIUM L-GLUTAMAT, 75130), Dinatrium 5'-inosinate, maltodekstrin.",safe,0,KB_SAFE
"Bubuk Cabai: Bubuk cabai (0, minyak nabati (dengan antioksidan TBHQ), Sirup Fruktosa, bawang merah cincang.",safe,0,KB_SAFE
"Sayap Ayam (85, pure tomat (45%), Rolled Oats (83, Bumbu Frankfurter, COKELAT (GULA.",safe,0,KB_SAFE
"bubuk lada hitam, Dinatrium 5'-Ribonukleotida), Diproduksi menggunakan peralatan, terigu, Kakao Bubuk (1, (Riboflavin), ekstrak jeruk mandarin (4.",unsafe,1,KB_UNSAFE
"Tanpa pengawet dan pemanis artifisial, kepiting, Amonium Klorida, 17%).",unsafe,1,KB_UNSAFE
"minyak sawit olein murni, Pengembang (mengandung Antioksidan Asam Askorbat), Ekstrak Rempah, Daun Bawang ( 1.",safe,0,KB_SAFE
"dinatrium guanilat dan inosinat), 18% (Mengandung Penguat Rasa (Mononatrium Glutamat, minyak sawit olein, tepung dari biji jagung, Puree Mangga (10%), wijen, SAOS CABE: Air.",unsafe,1,KB_UNSAFE
"Pewarna Beta-karoten (sayuran) CI 75130 (INS 160a(ii)), 90%), Bumbu Pedas Ekstrim Level 15 (Serbuk cabai, (Mengandung Antioksidan BHA), PENGEMBANG (NATRIUM & AMOMUM BIKARBONAT).",safe,0,KB_SAFE
"Lemak Kakao, 09%)), Cabe Bubuk, KAKAO BUBUK (1%), 6%), Bekatul, daun jeruk wangi, PERISA SINTETIK (YUZU (MENGANDUNG ANTIOKSIDAN (DL-ALPHA TOKOFEROL (307c))).",safe,0,KB_SAFE
"telur, Jahe bubuk, bubuk ekstrak jamur shitake, gula pasir berkualitas, Gelatin Sapi.",unsafe,1,KB_UNSAFE
"Biji Bunga Matahari, pewarna alami karamel IV, MSG, pengatur asam (asam asetat dan asam laktat), 79% (mengandung pewarna makanan sintetik Kuning FCF (CI 15985)), pemanis asesulfam-K.",safe,0,KB_SAFE
"Madu Bubuk (0, Asam Laktat), Rempah (Bawang Merah Bubuk, Penstabil Natrium Tripolifosfat, Dinatrium Inosinat dan Guanitat), Bumbu Frankfurter 1.",safe,0,KB_SAFE
"coklat hitam leleh, Bumbu [mengandung Penguat Rasa [Mononatrium Glutarnat (E621), minyak dari kelapa sawit (dengan antioksidan tokoferol), Pengembang (Natrium Bikarbonat, perisa ayam buatan, Beras, tepung maizena murni.",safe,0,KB_SAFE
"gula dan sirup jagung kaya fruktosa, pure tomat (45%), Premiks Vitamin & Mineral, Semolina Jagung), Air, pengatur keasaman (asam asetat dan laktat).",safe,0,KB_SAFE
"Penguat rasa mononatrium L-glutamat, pengawet alami kalium sorbat, Tepung Ketan, Pewarna Alami Karamel (1).",safe,0,KB_SAFE
"Krispi Beras (3%), Pengawet Natrium Metabisulfit, Pemanis Buatan Sukralosa, 38%.",safe,0,KB_SAFE
"B9 (Asam Folat), Rempah-Rempah, 19140, persik, Kultur (L, Rapa Terhidrogenasi).",safe,0,KB_SAFE
"KAKAO BUBUK, air bersih, Dinatrium Inosinat & Guanilat, garam himalaya, REMPAH-REMPAH, PENGUAT RASA MONONATRIUM L-GLUTAMAT, Tanpa bahan pengawet dan pemanis artifisial, Ubi jalar ungu premium.",safe,0,KB_SAFE
"Tomat Bubuk (2, Gula Icing, 8%) (mengandung antioksidan (BHA, malt, Penstabil (Dipati Fosfat), BUBUK KARI, Selongsong Sosis.",unsafe,1,KB_UNSAFE
"Kakao Bubuk (0, ekstrak jeruk mandarin (4, saus cabai (dengan penyedap MSG) (41%), madu pilihan (0, PERISA SINTETIK JERUK NIPIS (MENGANDUNG ANTIOKSIDAN TOKOFEROL), Inufin, melon).",safe,0,KB_SAFE
"Rempah (1, Ester Sukrosa Asam Lemak), cokelat cair pekat, 57%), SAOS CABE: Air, Pengemulsi Hidroksipropil Pati, CI 75300, Perisa Sintetik Daging Sapi BBQ.",safe,0,KB_SAFE
"Bawang Bombay Bubuk, daun seledri kering, Perisai Sintetik Stroberi, saripati bayam, garam beraroma (5%) (dengan penyedap MSG, beras kering.",safe,0,KB_SAFE
"Pengatur Keasaman (Asam Laktat dan Asam Sitrat), (Mengandung Antioksidan Tokoferol), saus sambal (mengandung penyedap MSG) (41%), cokelat hitam cair, pati sagu.",safe,0,KB_SAFE
"pewarna sintetik tartrazin, 75300), pemanis artifisial asesulfam-K, crustacea.",unsafe,1,KB_UNSAFE
"garam beryodium, ekstrak tamarind (0, Cabe Hijau (28%), Pengembang (mengandung Antioksidan Asam Askorbat).",safe,0,KB_SAFE
"Pewarna Alami Karamel (1), Keasaman, Lada Putih Bubuk, Asam Folat, ANTIOKSIDAN ASKORBIL PALMITAT).",safe,0,KB_SAFE
"18% (Mengandung Penguat Rasa (Mononatrium Glutamat, kepiting, Pengembang (Amonium Bikarbonat dan Natrium Bikarbonat) Perisa Alami, Bahan dasar topping (mengandung pewarna alami Beta-karoten (sintetik) CI No.",unsafe,1,KB_UNSAFE
"tepung beras putih murni, 63%), Pewarna Makanan Sintetik, Karmoisin CI 14720).",safe,0,KB_SAFE
"telur bubuk, perhatikan daftar bahan bercetak tebal, Minyak Rendang: Minyak nabati, BUMBU : Gula, kacang-kacangan, rempah-rempah pilihan.",unsafe,1,KB_UNSAFE
"Teh Hiiau Bubuk (0, Bumbu Asin, Gula (17%), Bebas pengawet dan pemanis buatan.",safe,0,KB_SAFE
"BUMBU BUBUK:, lihat bahan bercetak tebal, 75470), Oat Utuh (8%), Penguat Rasa Mononatrium Glutamat, 9%) (mengandung Antioksidan, Rempah.",safe,0,KB_SAFE
"sekuestran EDTA, garam beryodium (0, Lihat daftar bahan yang dicetak tebal, Aprikot (2%), Amonium hidrogen karbonat).",safe,0,KB_SAFE
"kalium sorbat, Sup : Miso beras (59%) (air, Pewarna Alami Kurkumin CI 75300), Lobak berkualitas tinggi (60%), hidrolisat, kacang almond, bubuk beras.",unsafe,1,KB_UNSAFE
"pati singkong, 38 % ), (tree nuts), Kentang Kering (62, Premiks Vitamin dan Mineral, Singkong pilihan (64.",safe,0,KB_SAFE
"potongan bawang merah, pati ubi kayu, Biji Bunga Matahari (94, KACANG HAZEL 28.",safe,0,KB_SAFE
"penguat rasa MSG, Racikan Bumbu Super Pedas Level 15 (Cabai bubuk, NATRIUM KARBOKSIMETIL SELULOSA, Perisa Alami Vanila, (Mengandung Penguat Rasa Mononatrium Glutamat), kedelai.",unsafe,1,KB_UNSAFE
"dinatrium 5'-guanilat, gluten, 5%)), Jengkol, Oat, Pewarna Alami Karamel kelas, REMAHAN BISKUIT (MENGANDUNG PERISA SINTETIK (COKELAT).",unsafe,1,KB_UNSAFE
"Potongan singkong terpilih, minyak zaitun extra virgin (4%), bawang putih parut (0, gula glukosa.",safe,0,KB_SAFE
"Niasin, pure tomat (45%), cabai merah kering, Daging tenggiri pilihan, 95%), Sayap Ayam (85, beras olahan.",safe,0,KB_SAFE
"jahe, kenari, bubuk jagung, B3 (Niasin), Perlakuan Tepung (Natrium Stearoil-2-Laktilat).",unsafe,1,KB_UNSAFE
"tidak cocok untuk penderita fenilketonurik, Sahang, Kentang berkualitas, Ubi jalar ungu premium, serbuk coklat, PERISA: SINTETIK VANILA).",safe,0,KB_SAFE
"90%), Pengembang (Penstabil Dinatrium Difosfat, gula pasir, siung bawang putih (0, KAKAO BUBUK.",safe,0,KB_SAFE
"pemanis buatan asesulfam-K, Penguat Rasa (Mononatrium Glutamat, 09%)), ANTIOKSIDAN TOKOFEROL CAMPUPAN PEKAT, Bumbu Rasa Abon Sapi 1, hazelnut, gula dekstrosa.",unsafe,1,KB_UNSAFE
"7%) (mengandung Bubuk Kopi 0, gandum, Perisa Alami Barbekiu, Biji Buah Labu, PENGUAT RASA (MONONATRIUM GLUTAMAT DAN, Pengatur Keasaman Asam Malat, Pisang Raja.",unsafe,1,KB_UNSAFE
"Perisa sintetik rumput laut, 19140), penguat rasa mononatrium L-glutamat, Natrium Bikarbonat), Sayap Ayam (85, Polidekstrosa, aroma ayam sintetis, Aditif makanan bersumber dari tumbuhan dan sintetis.",safe,0,KB_SAFE
"Pewarna Alami (Beta-Karoten (sayuran) CI, MINYAK INTI KELAPA SAWIT TERFRAKSI), Jahe bubuk, minyak sayur, Penstabil Gliserin, tepung terigu, konsentrat sari buah apel (2%).",unsafe,1,KB_UNSAFE
"zat pengemulsi, teri, Jengkol, Adas Manis Bubuk (1%), Perisa Sintetik Daging Sapi BBQ, garam dapur (1%), Asam Laktat).",unsafe,1,KB_UNSAFE
"PEWARNA ALAMI (BETAKAROTEN (CI, BUMBU KOYA: KERUPUK, Pewarna Alami Beta Karoten CI 40800 (mengandung Antioksidan Tokoferol), Ekstrak daging sapi 1%, Vitamin B3.",safe,0,KB_SAFE
"Pati Jagung Gula, pengental nabati, Perisa Identik Alami Lemon (Mengandung Antioksidan BHT), Pemanis Buatan Aspartam (E951), Bawang Putih, Hidrolisat Protein Nabati).",safe,0,KB_SAFE
"lada halus, kepiting, Pemanis buatan Aspartam, Margarin (Mengandung Antioksidan Alfatokoferol.",unsafe,1,KB_UNSAFE
"Kakao Bubuk 2, Perisa Alami Vanila, aroma jeruk mandarin artifisial, Tepung porang terbaik (48%).",safe,0,KB_SAFE
"kasein, Pengatur Keasaman (Kalium Karbonat, Penguat Rasa [Dinatrium 5'-Inosinat (E631), Peringatan: Memuat alergen.",unsafe,1,KB_UNSAFE
"penguat rasa (Dinatrium 5'-Inosinat dan Dinatrium 5'-Guanilat), 75%), Bumbu Rasa Seledri, Minyak Nabati (mengandung antioksidan BHT), (Gula, tepung yang diolah (enzim protease dan amilase), Mungkin mengandung seledri.",safe,0,KB_SAFE
"minyak nabati berkualitas, Bumbu Pedas Tingkat 15 (Cabai bubuk, cabai bubuk, bumbu rempah, perisa sintetik vanilla, bubuk coklat premium.",safe,0,KB_SAFE
"Pewarna Sintetik Makanan Kuning FCF CI No, potongan bawang merah, Mengandung fenilalanin, ekstrak ragi, Bubuk Karamel (0, Daglng Ayam (56%).",safe,0,KB_SAFE
"KAKAO BUBUK (1%), pasta tomat (45%), dan garam laut, kenari, Gula Invert.",unsafe,1,KB_UNSAFE
"minyak tumbuhan berkualitas, Perisa Alami Mangga, penguat, gandum, antioksidan asam askorbat, PERISA SINTETIK VANILA PEWARNA ALAMI (KURKUMIN CI 75300 DAN KARAMEL IV), Premiks Vitamin dan Mineral.",unsafe,1,KB_UNSAFE
"jamur, bawang merah segar, PERISA SINTETIK VANILA, Semolina Jagung), 75300).",safe,0,KB_SAFE
"bubuk bawang putih dan bombay, Kacang Hazel (6, Biru Berlian FCF CI No, BAWANG PUTIH, TEH HIJAU BUBUK (2%), daun jeruk purut, SIRUP ISOMALTO OLIGOSAKARIDA, Gula (mengandung.",safe,0,KB_SAFE
"Singkong premium (64, Kentang segar pilihan, telur, salam, Lada Putih.",unsafe,1,KB_UNSAFE
"Pewarna Makanan Alami Karamel I (E150a), telur bubuk, FCF Cl No 15985), premiks vitamin dan mineral, Minyak Kelapa Sawit (mengandung Antioksidan TBHQ), Paprika (0, Mangan Sulfat].",unsafe,1,KB_UNSAFE
"beras berkualitas, telur bubuk, Minyak Nabati (Mengandung Antioksidan TBHQ), Krimer, dan garam.",unsafe,1,KB_UNSAFE
"ragi, Pewarna sintetik (Kuning FCF CI No, Pengemulsi Hidroksipropil Pati, Rumput laut kering (47%), Puree Mangga (10%), ikan.",unsafe,1,KB_UNSAFE
"minyak tumbuhan, Tanpa pemanis buatan, crustacea, Menangdung pemanis buatan.",unsafe,1,KB_UNSAFE
"Kakao Bubuk 2, Inufin, coklat cair pekat, minyak nabati murni, antioksidan (BHA dan BHT), singkong segar (31, penguat rasa mononatrium L glutamat.",safe,0,KB_SAFE
"III (E-150C), DEKSTROSA, DAN PENGATURE ASAM SITRAT, Perlakuan Tepung (Natrium Stearoil-2-Laktilat).",safe,0,KB_SAFE
"Pati Jagung), PATI ASETAT (1420)), daun jeruk nipis, gandum, 42090)).",unsafe,1,KB_UNSAFE
"Pengembang (Amonium Hidrogen Karbonat dan Natrium Hidrogen Karbonat ), Perisa Alami Asap, mentega, pengatur asam (asam sitrat), Penguat rasa Dinatrium 5'ribonukleotida) Pewama Alami Beta Karoten (sayuran) CI No, Margarin (Mengandung Antioksidan Tokoferol.",unsafe,1,KB_UNSAFE
"Lihat komposisi yang dicetak tebal, udang, PEWARNA ALAMI BETA-KAROTENE (SAYURAN) CI, krimer tumbuhan, merah allura CI 16035.",unsafe,1,KB_UNSAFE
"konsentrat sari buah anggur (2, mentega, Kakao Bubuk 4%, Wortel ( 1, Perisa sintetik, daun seledri kering.",unsafe,1,KB_UNSAFE
"Pewarna Alami Beta Karoten CI 40800 (mengandung Antioksidan Tokoferol), penguat, tepung jagung, VITAMIN B2, Margarin (Mengandung Antioksidan Alfatokoferol, 75130 (160a(ii).",safe,0,KB_SAFE
"bawang putih parut, Bumbu Pedas 1, Minyak Kelapa, gandum, Daun Bawang ( 1.",unsafe,1,KB_UNSAFE
"LEMAK NABATI (MENGANDUNG ANTIOKSIDAN TOKOFEROL), Mononatrium glutamat, 1% (Mengandung Maltodekstrin, Bahan dasar topping (mengandung pewarna alami Beta-karoten (sintetik) CI No, mentega, Pasta, bahan pengental (gom lokus.",unsafe,1,KB_UNSAFE
"Kakao Bubuk (0, 557%), tapioka, krustasea, Penstabil Natrium Karbonat, Ekstrak Stroberi.",unsafe,1,KB_UNSAFE
"beras, ANTIOKSIDAN (TOKOFEROL CAMPURAN PEKAT (307b))), Margarin (Mengandung Antioksidan BHA dan Pewama Alami Beta Karoten CI, ikan.",unsafe,1,KB_UNSAFE
"Daging Iga Sapi (62, GARAM GURIH, Minyak Nabati (mengandung antioksidan tokoferol dan pewarna alami Beta-Karoten (sayuran) CI, Lemak Reroti (Mengandung Antioksidan Askorbil Palmitat dan, kedelai.",unsafe,1,KB_UNSAFE
"Penguat Rasa (mengandung Mononatrium Glutamat, bumbu (terdiri dari gula, Pewarna sintetik (Ponceau 4R CI No, Kentang pilihan, Pengembang Natrium hidrogen karbonat, leci, 1% (Mengandung Maltodekstrin, Merica Putih Bubuk.",safe,0,KB_SAFE
"Dinatrium Inosinat (E631)], penyedap mononatrium glutamat, rapeseed), Premiks Vitamin.",safe,0,KB_SAFE
"kacang almond, melon), Inulin, Ekstrak Protein Nabati, Tanpa Pengawet.",unsafe,1,KB_UNSAFE
"cabe, Cokelat Pelapis* 33%, 06%), dan kacang, Lihat komposisi yang dicetak tebal, jagung).",safe,0,KB_SAFE
"crustacea, tepung beras halus, dan Kacang Tanah"", Pengawet (Kalium Sorbat.",unsafe,1,KB_UNSAFE
"campuran rempah rahasia, Kuning, DAN PENGATUR KEASAMAN ASAM SITRAT, garam beryodium, Bumbu Rasa Ayam (Mengandung Penguat Rasa Mononatrium Glutamat), Penstabi Gom Arab (E414), zat pengemulsi, Perisa Alami Mangga.",safe,0,KB_SAFE
"Kentang yang dikeringkan, Bawang Putih Bubuk (mengandung Kacang Tanah), 5%), Gula (17%), PERISA ALAMI PANGGANG.",safe,0,KB_SAFE
"pengental gom xanthan, Margarin (6, Dinatrium Inosinat, bawang putih bubuk (0.",safe,0,KB_SAFE
"Bumbu Pedas Tingkat 15 (Cabai bubuk, 7%), serbuk bawang putih dan bombay, Penstabil [Asam Natrium Pirofosfat (E450(i)), ANTIOKSIDAN TBHQ, minyak nabati berkualitas, Cokelat Pelapis 33%, 79% (mengandung pewarna makanan sintetik Kuning FCF (CI 15985)).",safe,0,KB_SAFE
"alergen, Pengembang Natrium Bikarbonat dan Penstabil Dinatrium Difosfat), 38 % ), kedelai, Sirup Gula Invert, REMPAH-REMPAH, Pengganti Lemak Kakao.",unsafe,1,KB_UNSAFE
"BERAS JEPANG 43, arkorbil palmitat) pewarna alami Beta-Karoten (sayuran) CI, mononatrium glutamat untuk memperkuat rasa, 19140, Bihun: Pati jagung pilihan.",safe,0,KB_SAFE
"PEWARNA BETA-KAROTEN CI, Kuning, aroma sintetis, Jagung (18, Minyak Kelapa Sawit, saus sambal (mengandung MSG) (41%).",safe,0,KB_SAFE
"pengatur keasaman (asam sitrat, MSG sebagai penguat rasa, pewama alami klorofilin tembaga kompleks CI, 19140 dan Kuning FCF CI, PENGENTAL PATI ASETAT, 62%), Natrium bikarbonat).",safe,0,KB_SAFE
"sirup glukosa, Bumbu Rasa Bawang Bombay, lemak cokelat, Daun Bawang ( 1, kalium sorbat, Singkong terbaik (63, Bl2).",safe,0,KB_SAFE
"Perisa Sintetik Lemon, Minyak Nabati, Kurkumin CI, saus tomat segar (45%), Cabe, Pengawet (Kalium Sorbat dan Nisin), penstabil nabati gum arab.",safe,0,KB_SAFE
"PEWARNA ALAMI KARAMEL I), bawang putih segar, B9 (Asam Folat), Penguat Rasa Dinatrium 5'Ribonukleotida, cabai giling, penstabil (nabati, Pati jagung.",safe,0,KB_SAFE
"mononatrium glutamat untuk memperkuat rasa, Antioksidan Tokoferol Campuran Pekat, Minyak Nabati Kelapa Sawit, Kakao Bubuk (0, Pengatur Keasaman.",safe,0,KB_SAFE
"beras goreng, Selongsong Sosis, Pengembang (amonium hidrogen karbonat dan natrium karbonat), Karagenan, 28%), GOM XANTHAN, Kakao Massa 4.",safe,0,KB_SAFE
"Pengatur Keasaman Asam Sitrat, 75130)), BHT, merica halus, penguat rasa dinatrium 5'-guanilat [E627] & dinatrium 5'-Inosinat [E631]), Penstabil (Dipati Fosfat), Serat Pangan, Perisai Sintetik Stroberi.",safe,0,KB_SAFE
"kenari, bubuk keturbar (0, (29, Pewarna Sintetik kuning FCF CI 15985).",unsafe,1,KB_UNSAFE
"keju, cabai rawit kecil (1%), kerang, Lobak segar (60%), Beras putih (85.",unsafe,1,KB_UNSAFE
"Tepung Kelapa, cabe, pengatur pH (asam sitrat, garam (0, Penguat Rasa (Mononatrium Glutamat dan Dinatrium Ribonukleotida), pasta bawang bombay.",safe,0,KB_SAFE
"penguat rasa (Mononatrium L-glutamat, lesitin kedelai, Minyak Cabai, aroma jeruk mandarin buatan.",unsafe,1,KB_UNSAFE
"PENGEMULSI NABATI, Pengental pati termodifikasi, Lobak premium (60%), telur bubuk, Minyak Goreng Kelapa Sawit, gula halus.",unsafe,1,KB_UNSAFE
"antioksidan TBHQ, telur, minyak kelapa sawit murni, minyak dari kelapa sawit (dengan antioksidan tokoferol), CI 19140 dan antioksidan TBHQ, pati singkong.",unsafe,1,KB_UNSAFE
"Pisang Bubuk (0, VITAMIN B3, tepung tapioka, kedelai.",unsafe,1,KB_UNSAFE
"395%), perisa cocopandan buatan, kasein, 75130, sari buah asam (0.",unsafe,1,KB_UNSAFE
"pengental xanthan, kepiting, Penstabil (Nabati), RAGI.",unsafe,1,KB_UNSAFE
"Singkong ungu terpilih, Semolina Jagung 36%), jagung), Tanpa pemanis artifisial, Ekstrak kelapa segar (50%), gula dan pengawet (natrium benzoat), Perisa Sintetik Ayam Goreng Perisa Sintetik Ayam.",safe,0,KB_SAFE
"CABE BUBUK(0, kedelai, Penstabil Gliserin, Sari buah kelapa berkualitas (50%).",unsafe,1,KB_UNSAFE
"susu, 55%), lactobacillus acidophilus), Cabe Bubuk (0, Antioksidan Tokoferol, Pengembang (Amonium Bikarbonat dan Natrium.",unsafe,1,KB_UNSAFE
"Pasta Kacang Hazel, biji wijen, perisa paprika, Air minum, BUMBU RASA AYAM.",unsafe,1,KB_UNSAFE
"CI 75300, Pengemulsi (Nabati), kacang almond, Pengawet Natrium Benzoat, Kakao Bubuk (6%), minyak kelapa sawit murni (dengan tokoferol sebagai antioksidan).",unsafe,1,KB_UNSAFE
"Perisa Alami Asap, kalium sorbat, ekstrak alami paprika, bawang merah kering, Bumbu Rasa BBQ Balado (mengandung Rempah (Bubuk Cabe (0, saus cabai pedas (dengan MSG) (41%).",safe,0,KB_SAFE
"KUE BERAS: Beras, Krim pasteurisasi, Informasi Alergen :, GARAM YODIUM, Bawang Putih, cokelat cair pekat, DEKSTROSA MONOHIORAT.",safe,0,KB_SAFE
"dinatrium 5'-inosinat, natrium sulfat, Lobak berkualitas tinggi (60%), karagenan, BUMBU KOYA: KERUPUK, Pengembang (Natrium Hidrogen Karbonat.",safe,0,KB_SAFE
"kacang almond, DEKSTROSA MONOHIORAT, Bebas pengawet dan pemanis buatan, konsentrat jus stroberi (8%), 40800 (mengandung antioksidan dl-alfa Tokoferol).",unsafe,1,KB_UNSAFE
"Biru Berlian FCF CI No, kecap bubuk, Ubi ungu berkualitas, gandum.",unsafe,1,KB_UNSAFE
"Sirup Gula Invert, gula glukosa, Jeruk Lemon Bubuk (0, Daun bawang, malt.",unsafe,1,KB_UNSAFE
"Margarin (14%) (mengandung antioksidan (BHA, irisan bawang merah goreng, 78% (Mengandung cabe merah (28%), MINYAK NABATI (MENGANDUNG.",safe,0,KB_SAFE
"tepung beras premium, LEMAK REROTI (MENGANDUNG ANTIOKSIDAN (TOKOFEROL CAMPURAN PEKAT(307b))), Ubi ungu berkualitas, 9%) (mengandung Antioksidan, Pemanis Alami Sorbitol Sirup.",safe,0,KB_SAFE
"pengawet asam sorbat dan nisin), B3 (Niasin), daun limau, Pewarna Makanan Sintetik.",safe,0,KB_SAFE
"Daging Ayam (50%), cabe, bubuk bawang putih dan merah, Minyak berbumbu: Minyak nabati, Penguat Rasa Mononatrium Glutamat [E621], Oat (5, Gula kristal, Bubuk cokelat.",safe,0,KB_SAFE
"singkong pilihan (31, susu, Pasta Kakao (1, aroma ayam buatan.",unsafe,1,KB_UNSAFE
"Air minum, susu, Brokoli ( 0, Bubuk Jelly, Serbuk cabai, SIRUP MALTOSA, merah allura CI 16035.",unsafe,1,KB_UNSAFE
"Bumbu: Garam, beras goreng crispy, Pati tapioka, Madu (3%), Pemanis Alami Glikosida Steviol, 40800 (MENGANDUNG ANTIOKSIDAN DL-ALFA TOKOFEROL), cumi-cumi.",safe,0,KB_SAFE
"TEH HIJAU BUBUK (2%), Protein Nabati (KedeIai), Kentang yang dikeringkan, PENGATUR KEASAMAN ASAM TARTRAT, Pewarna Alami Karamel kelas.",safe,0,KB_SAFE
"pengawet natrium benzoate), ekstrak ayam, minyak sayur (mengandung TBHQ), garam pengemulsi: natrium polifosfat (E452i).",safe,0,KB_SAFE
"salam, potongan singkong (31, Perisa Sintetik (Glisin, pengembang amonium hidrogen karbonat, Kakao Bubuk 2, minyak kelapa sawit murni (dengan tokoferol sebagai antioksidan).",safe,0,KB_SAFE
"minyak sawit olein, umbi singkong (31, kasein, air murni.",unsafe,1,KB_UNSAFE
"MIE: MINYAK NABATI, Pewarna Alami Karamel III - E150c), Maltodekstrin], bawang bombay bubuk, glukosa, nata de coco (7, campuran rempah rahasia, bawang putih.",safe,0,KB_SAFE
"kapulaga bubuk, tepung singkong, Pewarna Beta Carotene (sintetik CI 40800), Beras pilihan (85, Sirup jagung, pengatur keasaman (asam laktat, Air minum.",safe,0,KB_SAFE
"antioksidan vitamin C, DINATRIUM 5-RIBONUKLEOTIDA), Oadatan Kakao 21% (Kakao Massa), Lemak Nabati (mengandung Antioksidan dl-Alfa Tokoferol).",safe,0,KB_SAFE
"pengental alami, Lemak Nabati ( mengandung Antioksidan Tokoferol ), telur, dinatrium guanilat dan inosinat), bawang merah (0.",unsafe,1,KB_UNSAFE
"irisan bawang bombay, bubuk jagung, B9 (Asam Folat), Minyak Sawit (mengandung Antbksidan TBHQ (E319)), pasta bawang bombay.",safe,0,KB_SAFE
"irisan daun bawang kering, Tepung dari jagung (65, Vitamin A, Lemak Reroti Nabati (mengandung Antioksidan Askorbil Palmitat dan Tokoferol).",safe,0,KB_SAFE
"Penstabi Gom Arab (E414), 78%), gandum, madu (0.",unsafe,1,KB_UNSAFE
"Lesitin, Cabe (8, kepiting, Sayuran Bubuk.",unsafe,1,KB_UNSAFE
"Kakao Bubuk (4, BHT, Bikarbonat), gandum.",unsafe,1,KB_UNSAFE
"lihat komposisi yang dicetak tebal, penguat rasa dinatrium 5'-guanilat [E627] & dinatrium 5'-Inosinat [E631]), Beras berkualitas (85, minyak mustard, konsentrat sari buah apel (2%), Amonium Klorida, wijen.",unsafe,1,KB_UNSAFE
"(mengandung rumput laut 5%, gluten, Karagenan (5%), Mi bihun: Pati jagung, Pisang Raja, gula putih murni, Daun teh hijau.",unsafe,1,KB_UNSAFE
"telur bubuk, jahe, lemak Kakao), Perisa sintetik cokelat (mengandung pengawet kalium sorbat), KAKAO BUBUK 7%.",unsafe,1,KB_UNSAFE
"Oat (5, bawang merah kering, tepung mocaf (1, minyak goreng sawit, Perlakuan Tepung (Natrium Stearoil-2-Laktilat), Lemak Reroti (mengandung Antioksidan Askorbil Palmitat & Tokoferol) (19%), potongan daun bawang, 2%).",safe,0,KB_SAFE
"glukosa murni, Kalsium Karbonat, tepung yang diolah (enzim protease dan amilase), ANTIOKSIDAN ASKORBIL PALMITAT), minyak olein sawit berkualitas.",safe,0,KB_SAFE
"Minyak Sayur, sari jeruk mandarin (4, Premiks Vitamin, 28%), Singkong ungu pilihan, Bumbu Daging Sapi (Mengandung Penguat Rasa Moponatrium L-Glutamat).",safe,0,KB_SAFE
"Ammonium Bikarbonat), kepiting, B12), Krimer Nabati Bubuk, (Sianokobalamin), rapeseed).",unsafe,1,KB_UNSAFE
"Sari Buah Stroberi (1%), Ekstrak Daging Sapi (0, (mengandung Antioksidan TBHQ), 8%) (mengandung antioksidan (BHA, bumbu (berisi gula.",safe,0,KB_SAFE
"75470, Lobak berkualitas (60%), 16%), Santan Pandan, Pewarna Makanan Sintetik (Tartrazin CI 19140.",safe,0,KB_SAFE
"Rolled Oats (78, Pewarna Makanon Alami Kurkumin CI No, saus sambal pedas (dengan penguat rasa MSG) (41%), jahe bubuk, daun bawang kering (3%), pengembang natrium karbonat, 4%).",safe,0,KB_SAFE
"Kecap Manis: Gula, Ester Sukrosa, Margarin (mengandung pengawet Kalium sorbat, Cengkeh (1%), Ketumbar Bubuk.",safe,0,KB_SAFE
"997%), perisa alami paprika, Polidekstrosa, BUBUK COKLAT (4, 75130 (Mengandung Antioksidan d-alfa Tokoferol dan Asam Askorbat), lihat komposisi.",safe,0,KB_SAFE
"Gelatin Sapi, bubuk bawang bombai (0, aroma ayam sintetis, Cabe, Pewarna Alami Beta Karoten CI 40800 (mengandung Antioksidan Tokoferol), susu.",unsafe,1,KB_UNSAFE
"Rolled Oats (83, telur bubuk, Penstabil Kalium Fosfat, Antioksidan Alfa Tokoferol.",unsafe,1,KB_UNSAFE
"Kurkumin CI, Ekstrak Anato CI, Pengemulsi, Maltodekstrin, gluten.",unsafe,1,KB_UNSAFE
"8% (Mengandung Rumput Laut (0, sari buah jeruk mandarin (4, aroma jeruk mandarin buatan, perisa ayam sintetis, Lemak Reroti (Mengandung Antioksidan BHA), Teh hijau sencha, Kurkumin CI.",safe,0,KB_SAFE
"Kentang, Pengatur Keasaman, 9% SERPIHAN KENTANG (MENGANDUNG KENTANG 99, beras berkualitas, 75120), Bumbu Rasa Abon Sapi 1, Pati Kentang.",safe,0,KB_SAFE
"Konsentrat sari buah lemon, Premix Vitamin dan Mineral, Tartrazin CI No, 75130, Sirup Jagung, serbuk bawang putih, daun jeruk kering.",safe,0,KB_SAFE
"karagen, Pengembang Natrium Hidrogen Karbonat), Perisa Sintetik (Krim), Pengatur Keasaman Asam Malat, Bubuk porang (48%), Singkong ungu terpilih.",safe,0,KB_SAFE
"Bumbu Rasa Seledri, Bumbu Rasa Bawang Bombay, Laktosa, pewarna makanan karamel IV alami, bumbu bubuk (mengandung kecap asin, Ekstrak kelapa (50%).",safe,0,KB_SAFE
"perisa cocopandan buatan, tepung beras putih halus, ekstrak ragi), tepung gandum.",unsafe,1,KB_UNSAFE
"Sari kelapa pilihan (50%), bubuk jeli, Natrium Gaunilat), LEMAK REROTI (MENGANDUNG ANTIOKSIDAN(TOKOFEROL CAMPURAN PEKAT(307b))), cabai bubuk, kacang mede, Tepung Beras).",unsafe,1,KB_UNSAFE
"krustasea, Pengemulsi nabati, aroma jeruk mandarin artifisial, MINYAK NABATI (MENGANDUNG ANTIOKSIDAN (TOKOFEROL CAMPURAN PEKAT(307b))), bawang bombay cincang.",unsafe,1,KB_UNSAFE
"Pemanis Alami Steviol, penguat rasa mononatrium glutamat), Pati Termodifikasi, Kelapa Kering, minyak sayur (dengan TBHQ), Sari Buah Stroberi (1%), trinatrium sitrat).",safe,0,KB_SAFE
"31% (Mengandung Hidrolisat Protein Nabati, Bebas pengawet dan pemanis buatan, 78% (Mengandung bawang putih (39%), Gelatin Sapi, gula halus, VITAMIN B3, Mengapdung alergen.",safe,0,KB_SAFE
"salmon, Minyak bumbu: Minyak tumbuhan, saus sambal pedas (dengan penguat rasa MSG) (41%), (Mengandung Antioksidan Tokoferol), beras goreng.",unsafe,1,KB_UNSAFE
"Margarin (8%) (mengandung Antioksidan BHA, telur bubuk, 16%), Minyak Nabati (Mengandung Antioksidan Askorbil Palmitat & Tokoferol), beras goreng.",unsafe,1,KB_UNSAFE
"tepung dari sagu, pati dari jagung, susu, Air steril, Pewarna alami Karamel I, Pelapis Cokelat Putih* 33.",unsafe,1,KB_UNSAFE
"Alpukat (1, lihat daftar bahan yang, salmon, jahe bubuk.",unsafe,1,KB_UNSAFE
"Kakao Bubuk 6, Margarin (14%) (mengandung antioksidan (BHA, minyak sayur pilihan, gula murni, 5%).",safe,0,KB_SAFE
"BUMBU RASA RUMPUT LAUT (3, ikan, Pewarna Alami Merah Bit, 4% (mengandung pewarna alami kurkumin, bawang merah cincang, pengental pati asetat, Brokoli ( 0.",unsafe,1,KB_UNSAFE
"Daging Ayam (50%), lesitin kedelai, serbuk jagung pilihan, Singkong ungu terpilih, Pengatur Keasaman (Asam Sitrat).",unsafe,1,KB_UNSAFE
"Komposisi Saus Vla: Gula, zat pengemulsi, Penguat Rasa Mononatrium Glutamat ( MSG ), BUMBU RASA AYAM.",safe,0,KB_SAFE
"sari buah jeruk mandarin (4, Lemak Reroti (mengandung antioksidan tokoferol), Natrium Polifosfat), kepiting.",unsafe,1,KB_UNSAFE
"Minyak sayur, PENGEMBANG (NATRIUM BIKARBONAT), gula, Lobak berkualitas (60%), bawang merah iris, Serbuk cabai.",safe,0,KB_SAFE
"Bumbu Rasa Cokelat (mengandung Gula, Pengawet Natrium Nitrit, Minyak Nabati (mengandung antioksidan tokoferol dan pewarna alami Beta-Karoten (sayuran) CI, KRIM WHPPING (20, tokoferol campuran pekat).",safe,0,KB_SAFE
"Bumbu (mengandung penguat rasa (Mononatrium Glutamat, Pati Kentang, 78%), Pengembang (Natrium hidrogen, Pati Tapioka, Tepung dari umbi porang (48%).",safe,0,KB_SAFE
"perisa ayam sintetik, Bawang Bombay Bubuk 1, AIR, kacang mede.",unsafe,1,KB_UNSAFE
"minyak nabati non-hidrogenasi (kelapa sawit, bahan yang dicetak tebal"", minyak sawit premium (dengan kandungan antioksidan tokoferol), Perisa sintetik cokelat (mengandung pengawet kalium sorbat), Minyak Nabati Kelapa Sawit, saus sambal pedas (dengan penguat rasa MSG) (41%).",safe,0,KB_SAFE
"salam, garam beryodium, Dinatrium Difosfat dan Natrium Hidrogen Karbonat), Tepung Jagung.",safe,0,KB_SAFE
"pengembang amonium hidrogen karbonat, minyak dari tumbuhan, kalsium laktat), whey.",unsafe,1,KB_UNSAFE
"Ekstrak Bawang Putih, Bl2), Penstabil fosfat, Penguat Rasa Mononatrium Glutamat (MSG), Alpukat (1, ekstrak ragi).",safe,0,KB_SAFE
"butiran beras, minyak kelapa sawit murni (dengan tokoferol sebagai antioksidan), Perisa Alami asap (mengandung pewarna alami Karamel I, minyak nabati berkualitas.",safe,0,KB_SAFE
"Perisa sintetik vanila, Teh hijau sencha, 5%) Sultana (8%), Selongsong Sosis, wijen, garam spesial (5%) (dengan penyedap rasa MSG.",unsafe,1,KB_UNSAFE
"Amonium hidrogen karbonat), gandum, Pati jagung, Penstabil Karagenan, penyedap mononatrium glutamat.",unsafe,1,KB_UNSAFE
"Krispi Beras (3%), sirup tinggi fruktosa, anti kempal silikon dioksida), bubuk cabai merah, aroma ayam buatan, Nabati.",safe,0,KB_SAFE
"Antioksidan Askorbil Palmitat dan Tokoferol, 557%), Kalsium Karbonat dan 3 Vitamin (mengandung Antioksidan dl-a-Tokoferol), rumput laut (1%), Minyak berbumbu: Minyak nabati.",safe,0,KB_SAFE
"Tepung beras (80%), GOM XANTHAN, seledri kering, PENGATUR KEASAMAN, kaldu nabati, wijen, Pengawet Natrium Nitrit.",unsafe,1,KB_UNSAFE
"Enzim Papain), DINATRIUM 5-RIBONUKLEOTIDA), Pengembang Natrium Hidrogen Karbonat), Biru Berlian FCF CI No, kedelai, Bumbu Rasa Jagung (3, Penguat Rasa Mononatrium.",unsafe,1,KB_UNSAFE
"Pati Jagung Gula, pemanis jenis dekstrosa, bubuk cabai merah, Pengental karagen, Bawang Putih Bubuk, 21%).",safe,0,KB_SAFE
"Jintan Bubuk, Mineral Zat Besi dan Seng), lesitin kedelai, Pati Kentang, Cokelat dan Vanila, Pelapis Cokelat Putih* 33, 43%).",unsafe,1,KB_UNSAFE
"minyak zaitun (4%), 8 %, sirup jagung, glukosa murni, Kakao Bubuk (11%), Madu (3%).",safe,0,KB_SAFE
"Bikarbonat), Daging Ayam (56, laktosa, crustacea, Minyak berbumbu: Minyak nabati, Pewarna makanan sintetik kuning FCF CI 15985, serbuk jeli.",unsafe,1,KB_UNSAFE
"9%), Peterseli, Dinatrium Ribonukleotida [E635]), Penstabil Karagenan.",safe,0,KB_SAFE
"pengatur keasaman (asam sitrat, PENGENTAL (DIPATI FOSFAT (1412)), terigu, Penguat Rasa Mononatrium Glutamat (E621), pengatur asam (asam cuka dan asam laktat).",unsafe,1,KB_UNSAFE
"lihat daftar bahan yang dicetak tebal, Pengatur Keasaman, Oadatan Kakao 21% (Kakao Massa), PENGUAT RASA (MONONATRIUM L-GLUTAMAT, dan Kacang Pohon, Antikempal Silikon Dioksida (E551).",safe,0,KB_SAFE
"minyak olein sawit berkualitas, Pewarna Alami Beta Karoten (sayuran) CI, (TOKOFEROL CAMPURAN PEKAT (307b))), lesitin kedelai, Sirup Glukosa, Penstabil, ketumbar.",unsafe,1,KB_UNSAFE
"Penstabil, pemanis asesulfam-K, Krimer Nabati Bubuk, Penguat rasa Dinatrium 5'ribonukleotida) Pewama Alami Beta Karoten (sayuran) CI No, 16255), Albumin, rempah-rempah pilihan.",safe,0,KB_SAFE
"madu alami (0, pewarna makanan karamel IV alami, Air minum berkualitas, Kakao Bubuk (11%), pengatur asam (asam cuka dan asam laktat).",safe,0,KB_SAFE
"Kacang Pikan (15, Kakao Bubuk (6, Singkong terbaik (63, Dinatrium Inosinat & Guanilat, cabai rawit pedas (1%).",safe,0,KB_SAFE
"Umbi kentang, susu bubuk, GARAM GURIH, 97%), Perisa Alami Cokelat.",unsafe,1,KB_UNSAFE
"daun jeruk bali, minyak goreng murni, Kentang berkualitas, Sekuestran: Kalsium Dinatrium EDTA(E385), Lihat Daftar Bahan Yang Dicetak Tebal, Penstabil Natrium Karbonat, lihat daftar yang dicetak tebal, Penstabil fosfat.",safe,0,KB_SAFE
"perisa buatan, Kakao bubuk (6, Pati Jagung], Bebas dari pemanis buatan, Pengembang (Natrium Hidrogen Karbonat, beras berkualitas, Komposisi Saus Vla (25%): Gula, bubuk coklat pekat.",safe,0,KB_SAFE
"tidak cocok untuk penderita fenilketonurik, Beras premium (85, Pewama Sintetik Eritrosin CI, Informasi Alergen, kaldu sayur.",safe,0,KB_SAFE
"B12), Glutamat, Minyak Rendang: Minyak nabati, REMPAH-REMPAH, Margarin (Mengandung Antioksidan BHA dan Pewama Alami Beta Karoten CI, Ragi, Kecap Inggris (Mengandung alkohol 0.",safe,0,KB_SAFE
"pewarna sintetik (tartrazin CI 19140, Humektan Nabati, (mengandung Antioksidan Askorbil, Jahe, Minyak Triglsenda, Garan Pengatur Keasaman Asam Sitrat.",safe,0,KB_SAFE
"kalsium dinatrium EDTA, Pengembang (Amonium Bikarbonat dan Natrium Bikarbonat), asam askorbat, Perisa Vanila dan Pewarna Makanan, tihat daftar bahan yang dicetak tebal.",safe,0,KB_SAFE
"glukosa), udang, Pewarna alami Karamel I, bumbu bubuk (mengandung kecap asin.",unsafe,1,KB_UNSAFE
"Dektrosa Monohidrat, sesame, Gula Pasir, Moluska, Jagung (18.",unsafe,1,KB_UNSAFE
"Madu Bubuk (0, MINYAK NABATI (MENGANDUNG MINYAK INTI KELAPA SAWIT TERHIDROGENASI, 132%), telur, bawang putih halus (0.",unsafe,1,KB_UNSAFE
"Lakotsa, PENGUAT RASA DINATRIUM INOSINAT dan DINATRIUM GUANILAT, perhatikan daftar bahan bercetak tebal, campuran rempah, Ekstrak daging kelapa terbaik (50%), gandum, Humektan Nabati.",unsafe,1,KB_UNSAFE
"Mononatrium glutamat, penguat rasa dinatrium 5'-guanilat [E627] & dinatrium 5'-Inosinat [E631]), garam murni (1%), SAUS: Air, rumput laut wakame kering (7%), bubuk bawang putih (0, 15985.",safe,0,KB_SAFE
"Pengembang (Amonium Bikarbonat dan Natrium Bikarbonat), 55%), Pewarna Sintetik Kuning FCF CI No, INULIN, perisa alami paprika, minyak nabati (dari kelapa sawit), Bawang Putih Bubuk, Pengatur Keasaman Asam Laktat.",safe,0,KB_SAFE
"VITAMIN Bl, 75120, penguat rasa mononatrium glutamat, garam murni, Alanin), air mineral.",safe,0,KB_SAFE
"bawang putih segar (0, Tenggiri segar giling, hazelnut, cabai merah giling, Kalsium Karbonat).",unsafe,1,KB_UNSAFE
"perisa sintetik (anggur, gula putih (19, gula tebu, Pengatur Keasaman (Asam Sitrat), Kakao Bubuk 5%, PERISA SINTETIK(COKELAT.",safe,0,KB_SAFE
"Krispi Beras Cokelat (29, tepung terigu, pewarna alami beta-karoten (sayuran) CI 75130), (Ponceau 4R CI 16255.",unsafe,1,KB_UNSAFE
"serat pangan larut, Alga laut (47%), Tepung olahan jagung (65, 67%), mentega, Vitamin A, zat pengemulsi nabati.",unsafe,1,KB_UNSAFE
"Tepung olahan jagung (65, Perisa Alami Vanila, Ragi, Gula Invert.",safe,0,KB_SAFE
"ibu hamil dan ibu menyususi, Polong, Dinatrium 5'-Guanylat), 79% (mengandung pewarna makanan sintetik Kuning FCF (CI 15985)), madu.",safe,0,KB_SAFE
"Pewama Alami Karamel Kelas IV, Biji Buah Labu, coklat cair gelap, pewarna makanan karamel IV natural, pengatur asam (asam sitrat).",safe,0,KB_SAFE
"campuran rempah rahasia, Pati Jagung, 42090 (133)), PENGEMBANG: NATRIUM BIKARBONAT, Mengandung Gula dan Pemanis Buatan.",safe,0,KB_SAFE
"siung bawang putih (0, Alpukat (1, Pengembang (amonium hidrogen karbonat dan natrium karbonat), MINYAK SAYUR, PENGEMBANG (NATRIUM & AMOMUM BIKARBONAT), Lemak Reroti Nabati (Mengandung Antioksidan Askorbil Palmitat & Tokoferol), Lada Putih Bubuk.",safe,0,KB_SAFE
"Penguat rasa Dinatrium 5'-ribonukleotida, Pasta makaroni, Dekstrin, sorbat, Mengandung Antioksidan (TBHQ dan Alfa Tokoferol) dan Pewama Alami Karamel III, terigu.",unsafe,1,KB_UNSAFE
"75815, Campuran, perisa sintetik (stroberi, teri, saus tomat alami (45%).",unsafe,1,KB_UNSAFE
"whey, Semolina Jagung), perisa buatan cocopandan, 79% (mengandung pewarna makanan sintetik Kuning FCF (CI 15985)), Saus Cabai (4, Pengatur Keasaman.",unsafe,1,KB_UNSAFE
"minyak olein sawit berkualitas, Mengandung, Antioksidan TBHQ [E319], tepung maizena murni, bawang putih parut (0.",safe,0,KB_SAFE
"Penstabil dan Perisa Sintetik (mengandung Antioksidan Alfa Tokoferol), Olahan singkong (64, Penstabil (Fosfat, 4% (mengandung pewarna alami kurkumin, 45%), 39%, Biru Berlian FCF CI 42090), cabai merah.",safe,0,KB_SAFE
"Teh hijau, KECAP MANIS : Gula, Pati Jagung, saus tomat homemade (45%), pengembang (natrium hidrogen karbonat (INS500ii)), krustasea.",unsafe,1,KB_UNSAFE
"BUMBU BUBUK:, MINYAK NABATI (MENGANDUNG, Palmitat, BHT, Kakao Bubuk 0, bawang merah cincang, bawang merah goreng, Sayuran Bubuk.",safe,0,KB_SAFE
"Semolina, bumbu (terdiri dari gula, potongan bawang bombay, Air, Krispi Beras (2%).",safe,0,KB_SAFE
"bubuk bawang bombai (0, tepung beras putih murni, bawang putih parut (0, terigu, Pengembang [Natrium Bikarbonat (E500(ii), Tepung Natrium steoroil-2-laktolat.",unsafe,1,KB_UNSAFE
"lihat bahan yang dicetak tebal, Penguat Rasa (mengandung Mononatrium Glutamat, Askorbil Pamitat, Pasta Cokelat (1, serbuk bawang putih dan bombay, Menangdung pemanis buatan, Tokoferol Campuran).",safe,0,KB_SAFE
"bubuk sagu, Diproduksi, 75470, PENGENTAL PATI ASETAT, PENGEMBANG.",safe,0,KB_SAFE
"Pewarna Alami Beta Karoten (Sayuran) CI, gula dan pengawet (natrium benzoat), Pengembang (amonium hidrogen karbonat dan natrium karbonat), 80%), gandum, Nata De Coco (8.",unsafe,1,KB_UNSAFE
"75130 (160a(ii), PATI JAGUNG, dan B12), Lobak kering.",safe,0,KB_SAFE
"Pengawet Natrium Metabisulfit, garam murni (0, Kakao Bubuk (6, gula glukosa, Minyak Sawit, Penstabil Dinatrium Difosfat, Perisa Sintetik Stroberi.",safe,0,KB_SAFE
"kacangan pohon (tree nuts), Bubuk porang (48%), BUBUK KARI, gandum, bawang putih parut.",unsafe,1,KB_UNSAFE
"garam himalaya, Mi bihun: Pati jagung, Butiran Biskuit Vanila 4, Singkong ungu premium, Sintetik (Kuning FCF CI, serbuk jeli.",safe,0,KB_SAFE
"Antioksidan Tokoferol Campuan Pekat dan BHT), bawang putih bubuk, garam spesial (5%) (berisi penguat rasa MSG, Biru Berlian FCF CI No, (Sianokobalamin), singkong segar (31, Pewarna Alami Kurkumin CI 75300).",safe,0,KB_SAFE
"Iihat daftar bahan yang dicetak tebal, serbuk bawang putih dan bombay, BUMBU : Gula, 19140 (102), dan garam laut, Cokelat Pelapis* 33%.",safe,0,KB_SAFE
"Paprika, tepung terigu, air murni, ragi.",unsafe,1,KB_UNSAFE
"Singkong pilihan (63, Bumbu Ayam Teriyaki ({6, garam (1%), garam, alkohol.",safe,0,KB_SAFE
"Dinatrium Inosinat dan Guanitat), alkohol, Penstabil (Dipati Adipat Terasetilasi, Natrium Polifosfat), pengatur keasaman (asam sitrat, penyedap rasa MSG.",safe,0,KB_SAFE
"99%), Protein Nabati (KedeIai), gluten, coklat cair gelap, perisa alami paprika oleoresin, dan garam, ESTER POLIGLISEROL ASAM RISINOLEAT TERINTERESTERIFIKASI).",unsafe,1,KB_UNSAFE
"crustacea, SELAI CERY 1% (MENGANDUNG PEWARNA ALAMI ANTOSIANIN DAN PENGAWET KALIUM SORBAT), jus jeruk mandarin segar (4, Kakao, Bawang Bombay Bubuk 1.",unsafe,1,KB_UNSAFE
"Mengardung alergen, pengawet asam sorbat, Bl2), KAKAO BUBUK, telur.",unsafe,1,KB_UNSAFE
"jamur, Blackurrant, Glukosa, isomalto oligosakarida, Penguat Rasa Mononatrium Glutamat E621.",safe,0,KB_SAFE
"Hidrolisat, Informasi Alergen:, hazelnut, rempah pilihan, Tepung Beras), campuran rempah rahasia.",unsafe,1,KB_UNSAFE
"MINYAK NABATI (MENGANDUNG MINYAK INTI KELAPA SAWIT TERHIDROGENASI, tepung sagu, kacang mede, dinatrium 5'-guanilat, 997%), Gula.",unsafe,1,KB_UNSAFE
"KAKAO BUBUK, Perisa Sintetik Stroberi, pasta bawang bombay, Sintetik, PERISA SINTETIK(COKELAT.",safe,0,KB_SAFE
"Air Es, wijeng, Humektan Nabati, Bahan dasar topping (mengandung pewarna alami Beta-karoten (sintetik) CI No, Pewarna Sintetik Makanan Kuning FCF CI No, garam dapur (0.",safe,0,KB_SAFE
"Cabe Merah, Daun teh hijau premium, Biji Buah Labu, ibu, Pewama Alami Karamel Kelas IV, pati sagu murni, tepung beras.",safe,0,KB_SAFE
"Pemanis Alami Isomalt, penstabil (nabati, Lemak Reroti (Mengandung Antioksidan, Pewarna Alami (Beta-Karoten (sayuran) CI, susu, Singkong ungu pilihan.",unsafe,1,KB_UNSAFE
"Pengembang Natrium Hidrogen karbonat, bubuk jagung berkualitas, mentega, Inulin, Bawang prei, Bumbu Ayam Teriyaki ({6, Pewarna Alami Karamel Kelas IV.",unsafe,1,KB_UNSAFE
"malt, Jagung Kernel Utuh 91%, Minyak Sawit (mengandung Antbksidan TBHQ (E319)), 78% (Mengandung cabe merah (28%).",unsafe,1,KB_UNSAFE
"Kakao Bubuk (4, gluten, 242%), minyak dari kelapa sawit (dengan antioksidan tokoferol), Lobak kering.",unsafe,1,KB_UNSAFE
"Gula kristal, ekstrak asam jawa (0, Pengembang (Amonium Bikarbonat dan Natrium Bikarbonat), Protein Nabati Terhidrolisis), Sirup Jagung Tinggi Fruktosa, asam askorbat), Minyak Nabati (mengandung antioksidan BHT).",safe,0,KB_SAFE
"Anti Kempal, Paprika (0, Antioksidan Askorbil Palmitat, dekstrosa murni.",safe,0,KB_SAFE
"Perisa Alami Barbekiu, gluten, Mangan Sulfat], Natrium bikarbonat), siung bawang putih.",unsafe,1,KB_UNSAFE
"KECAP MANIS : Gula, Penguat Rasa Mononatrium Glutamat dan Dinatrium 5'-Ribonukleotida), lihat daftar yang dicetak tebal, krustasea, Laver (47%).",unsafe,1,KB_UNSAFE
"PENGENTAL (DIPATI FOSFAT (1412), gula putih (19, susu bubuk, Pewarna Beta-karoten (sayuran) CI 75130 (INS 160a(ii)), Pewarna Sintetik Kuning FCF CI No.",unsafe,1,KB_UNSAFE
"karbonat dan amonium hidrogen karbonat), LEMAK NABATI, Oatmeal (41, KAKAO MASSA(3%).",safe,0,KB_SAFE
"Minyak Nabati Terhidrogenasi, Pengemulsi (Dinatrium Difosfat, (Vitamin (A, ragi, Madu Bubuk (0, Kentang Kering (62, ekstrak khamir), Mungkin mengandung kacang tanah.",safe,0,KB_SAFE
"Pengembang (Amonium Bikarbonat dan Natrium, ekstrak paprika alami, Pisang Raja, garam (1%), Rempah-rempah, Pemanis Alami Isomalt, bawang putih.",safe,0,KB_SAFE
"Tokoferol Campuran), lihat daftar baha yang dicetak tebal, Pengembang (Amonium Bikarbonat dan Natrium, penstabil.",safe,0,KB_SAFE
"tidak cocok untuk penderita Feniketonurik, MIE: MINYAK NABATI, ikan, PENGEMBANG (NATRIUM HIDROGEN KARBONAT (500(ii)), Protein Nabati Terhidrolisis.",unsafe,1,KB_UNSAFE
"gluten, Tokoferol), saus tomat kental (45%), Ubi kayu berkualitas (63, Kentang segar, margarin oles (mengandung pengawet kalium sorbat.",unsafe,1,KB_UNSAFE
"395%), pengawet asam sorbat, Paprika (0, dan garam dapur, Laktosa, Singkong segar (63, Ilhat daftar bahan yang dicetak tebal, 19140.",safe,0,KB_SAFE
"gula halus, PEWARNA ALAMI (BETAKAROTEN (CI, Ekstrak Annato CI 75120), Cabe cheongyang).",safe,0,KB_SAFE
"Perisa Sintetik Mangga, tepung terigu, BHT, gom xanthan, minyak kelapa sawit murni (mengandung antioksidan tokoferol).",unsafe,1,KB_UNSAFE
"22%), tepung terigu, lihat, Natrium Hidrogen Karbonat), coklat hitam leleh, Penguat Rasa [Dinatrium 5'-Inosinat (E631), Minyak Sawit (mengandung Antbksidan TBHQ (E319)).",unsafe,1,KB_UNSAFE
"KACANG HAZEL 28, apel), ANTIOKSIDAN TOKOFEROL CAMPURAN PEKAT, Bumbu Pedas Level 15 (Serbuk cabai, Gula Aren.",safe,0,KB_SAFE
"Bumbu Pedas, Bumbu Pedas Tingkat 15 (Cabai bubuk, ekstrak paprika alami, Tanpa bahan pengawet dan pemanis artifisial.",safe,0,KB_SAFE
"Minyak Bunga Matahari, whey, tepung yang diproses (enzim protease dan amilase), Tartrazin CI No, Penguat Rasa Mononatrium Glutamat ( MSG ), LEMAK KAKAO, pengental alami.",unsafe,1,KB_UNSAFE
"Natrium Karbonat), telur bubuk, arkorbil palmitat) pewarna alami Beta-Karoten (sayuran) CI, 242%), Bumbu Pedas Ekstrim Level 15 (Serbuk cabai, lihat bahan bercetak tebal, Pengembang Natrium Hidrogen Karbonat).",unsafe,1,KB_UNSAFE
"susu bubuk, pengawet kalium sorbat, dan Pewarna Makanan Sintetik (Kuning FCF CI, glukosa, Sari buah kelapa berkualitas (50%).",unsafe,1,KB_UNSAFE
"lihat daftar bahan tebal, 63%), minyak jagung murni, susu bubuk, lemak cokelat, Ekstrak Stroberi.",unsafe,1,KB_UNSAFE
"kasein, (Ponceau 4R CI 16255, Perlakuan tepung Protease dan Aspergillus oryzae, ekstrak minyak cabe, penguat.",unsafe,1,KB_UNSAFE
"Ekstrak Protein Sayuran, telur, Pewarna sintetik (Ponceau 4R CI No, minyak tumbuhan pilihan.",unsafe,1,KB_UNSAFE
"Perisa Sintetik Ayam Goreng Perisa Sintetik Ayam, Natrium bikarbonat), Pati Jagung Gula, Asam askorbat BHA & TBHQ Pewama Alami Betakaroten CI 75130, almond, bahan pengemulsi (fosfat, antioksidan asam askorbat).",unsafe,1,KB_UNSAFE
"8%) (mengandung antioksidan (BHA, Perisa Alami Chili, Gula, Kakao Bubuk (1, asam laktat), Pengganti Lemak Kakao.",safe,0,KB_SAFE
"Bubuk jagung premium (65, Penguat rasa mononatrium L-glutamat, telur bubuk, pengental (gom biji lokus.",unsafe,1,KB_UNSAFE
"bubuk jagung, pemanis dekstrosa, Kakao, Pewarna Sintetik (Tartrazin CI No 19140, 005%), Perisa Buah-Buahan, sari asam jawa (0, DAUN BAWANG KERING.",safe,0,KB_SAFE
"Beras pilihan (85, TARTRAZlN CI, perisa sintetik (stroberi, teri, Pewarna sintetik (Ponceau 4R CI No, Penguat Rasa [Dinatrium 5'-Inosinat (E631).",unsafe,1,KB_UNSAFE
"Racikan Bumbu Pedas Level 15 (Bubuk cabai, Kakao Bubuk 3, Pengembang (Penstabil Dinatrium Difosfat, Pengemulsi (Nabati).",safe,0,KB_SAFE
"Ekstrak Bawang Putih, bawang putih kering, Lemak Kakao 0, minyak goreng nabati, garam laut (1%), gula dan sirup jagung fruktosa tinggi, 673%) (MENGANDUNG BUTTERMILK, GARAM.",safe,0,KB_SAFE
"whey, minyak sawit murni, bumbu (berisi gula, Kentang segar pilihan, Bubuk Karamel (0.",unsafe,1,KB_UNSAFE
"antioksidan tokoferol campuran pekat, Pantotenat), Maltodekstrin], PERISA: SINTETIK VANILA.",safe,0,KB_SAFE
"Pengawet Kalium Sorbat, perisa Identik alami lidah buaya, terigu, PENSTABIL (KALSIUM KARBONAT.",unsafe,1,KB_UNSAFE
"pengawet natrium metabisulfit, Minyak goreng kelapa sawit (mengandung antioksidan TBHQ), almond, beras olahan.",unsafe,1,KB_UNSAFE
"Niasin, Pewarna Beta-karoten (sayuran) CI 75130 (INS 160a(ii)), perhatikan bahan yang dicetak tebal, lesitin kedelai, Gula (mengandung.",unsafe,1,KB_UNSAFE
"Bumbu Rasa Bawang 5, kacang almond, 4%), Gula, BUMBU RASA RUMPUT LAUT (3.",unsafe,1,KB_UNSAFE
"tokoferol campuran pekat, Ubi kayu segar (64, Pewarna Alami Beta Karoten (Sayuran) CI, Perisa Sintetik Daging Sapi BBQ, Penguat Rasa Mononatrium Glutamat E621, pengawet asam sorbat, potongan bawang merah.",safe,0,KB_SAFE
"campuran rempah rahasia, minyak zaitun murni (4%), Diproduksi menggunakan peralatan yang juga memproses Krustase, Palmitat, Pemanis Buatan Aspartam (E951), pengatur pH (asam sitrat), FCF Cl No 15985), PENGENTAL (DIPATI FOSFAT (1412)).",safe,0,KB_SAFE
"Premik Vitamin (Bl, mentega, Potongan singkong (64, kismis 16, Mengandung Gula dan Pemanis Buatan.",unsafe,1,KB_UNSAFE
"wijen, lihat bahan bercetak tebal, Pektin), Cabe cheongyang).",unsafe,1,KB_UNSAFE
"dinatrium guanilat dan dinatrium inosinat), Alga laut (47%), Pasta Cokelat (mengandung Minyak Kelapa Sawit, tepung jagung halus, Antioksidan Natrium Askorbat.",safe,0,KB_SAFE
"minyak sayur (mengandung TBHQ), ragi, 02%), bawang merah segar, campuran rempah rahasia, BUMBU GARAM (MENGANDUNG PENGUAT RASA MONONATRIUM L-GLUTAMAT PERISA SINTETIK, bawang putih bubuk (0, pengatur keasaman (asam sitrat).",safe,0,KB_SAFE
"19%), Bawang Putih Bubuk, pewarna Beta - Karoten (sayuran) CI, kedelai, perisa ayam sintetis, PEMANIS BUATAN ASPARTAM)).",unsafe,1,KB_UNSAFE
"Kakao Bubuk 6, Perlakuan Tepung (Pati Jagung, (mengandung rumput laut 5%, minyak mustard, B6 (Piridoksin), Pantotenat), Biji Bunga Matahari (90.",safe,0,KB_SAFE
"Makaroni kering, saus tomat murni (45%), Pengatur Keasaman Asam Asetat, gandum, Kakao Bubuk 3.",unsafe,1,KB_UNSAFE
"bubuk bawang putih dan bombay, madu murni (0, Blackurrant, garam, bubuk merica, Pengembang (Natrium hidrogen, Pemanis Alami Glikosida steviol).",safe,0,KB_SAFE
"Potongan singkong terpilih, bawang putih bubuk (0, jeli bubuk, Cokelat (16%), CI 19140 dan antioksidan TBHQ, Cabe Hijau (28%), ANTIKEMPAL SILIKON DIOKSIDA.",safe,0,KB_SAFE
"Beras (56, antioksidan vitamin C, Pengembang Pewarna Sintetik Makanan Coklat HT CI No, sagu murni, Pewarna Alami Karmin CI no.",safe,0,KB_SAFE
"Kakao (5 5%), garam dapur (1%), Bawang Bombay Bubuk, lesitin kedelai.",unsafe,1,KB_UNSAFE
"42090 (133)), Tokoferol Campuran), Minyak nabati (Mengandung antioksidan, tepung mocaf (1, Minyak Goreng Kelapa Sawit (mengandung antioksidan TBHQ), Irisan singkong berkualitas, dinatrium guanilat dan inosinat).",safe,0,KB_SAFE
"6%), Antioksidan Tokoferol Campuan Pekat dan BHT), PENGENTAL (DIPATI FOSFAT (1412), Lemak Reroti (Mengandung Antioksidan BHA), cabai rawit pedas (1%).",safe,0,KB_SAFE
"Margarin (14%) (mengandung antioksidan (BHA, Biji jagung, gluten, buah campuran: (lidah buaya (10%), Pengawet Natrium Benzoat, pati ubi kayu.",unsafe,1,KB_UNSAFE
"Pengental Natrium karboksimetil selulosa, gandum, coklat cair pekat, beras berkualitas.",unsafe,1,KB_UNSAFE
"almond, asam cuka, Pelapis Cokelat Putih* 33, MINYAK NABATI (MENGANDUNG ANTIOKSIDAN (TOKOFEROL CAMPURAN PEKAT(307b))).",unsafe,1,KB_UNSAFE
"mentega, tepung dari beras putih, cumi-cumi, sari ragi), Sirup jagung, Perisa, jahe.",unsafe,1,KB_UNSAFE
"air matang, Pati Tapioka, perisa Identik alami lidah buaya, Kakao Bubuk (0, Cokelat Bubuk 6, zat pengemulsi nabati, SELULOSA, Pasta makaroni.",safe,0,KB_SAFE
"Kentang segar, lesitin kedelai, Krimer Nabati, Penstabil Nabati.",unsafe,1,KB_UNSAFE
"telur bubuk, Perisa Sintetik (mengandung Antioksidan Tokoferol), Asam Folat), garam halus.",unsafe,1,KB_UNSAFE
"natrium benzoat sebagai pengawet, Minyak Nabati (Mengandung Antioksidan Askorbil Palmitat & Tokoferol), penguat rasa mononatrium L-glutamat, perisa alami paprika, Minyak Ketapa Sawit, susu bubuk, ANTIOKSIDAN TBHQ.",unsafe,1,KB_UNSAFE
"bawang putih parut, beras, salmon, bubuk cabai, Mengandung, Kacang Hazel.",unsafe,1,KB_UNSAFE
"minyak dari jagung, ikan, pemanis buatan asesulfam-K, 22%), daging sapi bubuk, Bubuk Ketumbar (0.",unsafe,1,KB_UNSAFE
"Perisa Sintetik, Dinatrium 5'-Guanylat), DAN NABATI), Sintetik, Penstabil fosfat, whey.",unsafe,1,KB_UNSAFE
"pewarna sintetik Tartrazin CI No, Ubi jalar ungu premium, Karagenan (5%), gandum, Perisa Sintetik dan Alami (mengandung Penguat Rasa (Mononatrium Glutamat, 97%).",unsafe,1,KB_UNSAFE
"Perisa Vanila dan Pewarna Makanan, MINYAK KELAPA MURNI, PEWARNA ALAMI BETA-KAROTEN CI NO, zat pengemulsi nabati, dinatrium 5'-guanilat [E627] & dinatrium 5'-inosinat [E631], Pewarna Alami Kurkumin CI 75300), Lemak Reroti (Mengandung Antioksidan Tokoferol), Madu Bubuk (0.",safe,0,KB_SAFE
"Sup : Miso beras (59%) (air, hazelnut, B12, penyedap MSG, Ekstrak Anato CI, Umbi kentang, Pati Modifikasi.",unsafe,1,KB_UNSAFE
"Pasta makaroni, lihat daftar bahan yang, dan Pengatur Keasaman (Asam Sitrat), Sayuran 38% (Kubis, KECAP MANIS : Gula, Laktosa, minyak nabati murni.",safe,0,KB_SAFE
"gluten, Antioksidan Askorbil Palmitat dan Tokoferol, serbuk bawang putih dan bombay, Antioksidan Tokoferol), Perisa Sintetik (Krim).",unsafe,1,KB_UNSAFE
"NATRIUM KARBOKSIMETIL SELULOSA, Jintan Bubuk, Penguat Rasa Mononatrium Glutamat dan Dinatrium 5'-Ribonukleotida), kedelai.",unsafe,1,KB_UNSAFE
"bubuk ekstrak jamur shitake, magnesium klorida), Perisa Artifisial Vanila, telur, Perisai Sintetik Stroberi, 002%).",unsafe,1,KB_UNSAFE
"tepung ubi kayu, Pengembang Pewarna Sintetik Makanan Coklat HT CI No, Sirup fruktosa, minyak nabati (mengandung antioksidan TBHQ), garam laut (1%).",safe,0,KB_SAFE
"Pati jagung, Bumbu-bumbu, bubuk bawang bombai (0, Kentang pilihan.",safe,0,KB_SAFE
"Natrium Askorbat, pewama alami klorofilin tembaga kompleks CI, hazelnut, minyak nabati non-hidrogenasi (kelapa sawit.",unsafe,1,KB_UNSAFE
"Benzoat [E211])), DEKSTROSA, PERISA SINTETIK (VANILLA DAN CUSTARD), aroma paprika alami, potongan nata de coco (7, Minyak Nabati (mengandung antioksidan BHT), bawang merah bubuk, dinatrium inosinat dan guanilat).",safe,0,KB_SAFE
"campuran rempah, penguat rasa, Singkong ungu pilihan, Lobak (60%), minyak goreng murni, perisa jeruk mandarin sintetis, Pisang Raja, 4%).",safe,0,KB_SAFE
"Kacang Tanah (45, Bebas pemanis artifisial, Tepung Beras), Kismis (9%), TARTRAZlN CI, Perisa sintetik cokelat (mengandung pengawet kalium sorbat), Anti Kempal Siiikon Dioksida Halus, Penstabil Dinatrium Difosfat.",safe,0,KB_SAFE
"09%), SIRUP GLUKOSA, Perisa Sintetik, Daun teh hijau, kepiting, PENGATUR KEASAMAN (ASAM SITRAT (330), dan kacang - kacangan lainnya.",unsafe,1,KB_UNSAFE
"Penguat Rasa [Dinatrium 5'-Inosinat (E631), 02%), bubuk jagung, almond, Bumbu Rasa Jagung (3.",unsafe,1,KB_UNSAFE
"VITAMIN Bl, dan kacang - kacangan lainnya, Natrium Hidrogen Karbonat), Bumbu Rasa Cokelat (mengandung Gula, Iihat daftar bahan yang dicetak tebal, krustasea, cabai merah kering.",unsafe,1,KB_UNSAFE
"Antioksidan Tokoferol), coklat cair gelap, gluten, penguat rasa MSG.",unsafe,1,KB_UNSAFE
"PEWARNA ALAMI KARAMEL I), madu alami (0, penguat rasa mononatrium L-glutamat, Pewarna Alami Karamel kelas, Pelapis Perisa Sintetik, pengental (gom kacang lokus, Bumbu Rasa Ayam (Mengandung, dekstrosa alami.",safe,0,KB_SAFE
"Pati Termodifikasi Asam, kismis 16, minyak sayur murni, minyak sawit (mengandung antioksidan tokoferol).",safe,0,KB_SAFE
"Tanpa, konsentrat jus stroberi (8%), perisa ayam buatan, Pewama Alami (Karamel Kelas III/E, gula, Pengental Natrium karboksimetil selulosa.",safe,0,KB_SAFE
"Air steril, krimer (mengandung penstabil kalium fosfat, bawang putih bubuk (0, sirup tinggi fruktosa, minyak kelapa sawit murni, thermophilus), LIHAT DAFTAR BARAN YANG.",safe,0,KB_SAFE
"susu, Kakao (5 5%), bawang merah segar, 63%), PERISA SINTETIK(COKELAT, Penstabil Dipati adipat terasetilasi.",unsafe,1,KB_UNSAFE
"Penstabil dan Perisa Sintetik (mengandung Antioksidan Alfa Tokoferol), bubuk merica, Kacang Pohon dan Kacang Tanah, PENGUAT RASA (MONONATRIUM GLUTAMAT DAN, melon), Pengental Hidroksipropil Dipati Fosfat.",safe,0,KB_SAFE
"Campuran, Tidak mengandung pengawet dan pemanis buatan, thermophilus), Kuning FCF CI, malt, Tepung dari jagung (65.",unsafe,1,KB_UNSAFE
"serbuk bawang putih, susu, Bihun: Pati jagung pilihan, BUMBU: Daging ayam (15%), pengental gom xanthan.",unsafe,1,KB_UNSAFE
"Lemak Nabati, Rolled Oats (83, Minyak Nabati (mengandung antioksidan tokoferol dan pewarna alami Beta-Karoten (sayuran) CI, telur bubuk, Antioksidan Tokoferol Campuran Pekat.",unsafe,1,KB_UNSAFE
"dan Kacang Pohon, Pengawet (Kalium Sorbat dan Natrium Nitrit), Perlakuan Tepung (Natrium Stearoil-2-Laktilat), Bebas dari pengawet dan pemanis buatan.",safe,0,KB_SAFE
"minyak sawit, LAKTOSA, crustacea, Ekstrak Ragi, Diproduksi menggunakan peralatan, tepung yang dimodifikasi (enzim protease dan amilase).",unsafe,1,KB_UNSAFE
"tepung jagung, garam alami, Perisa sintetik (Vanila, garam gurih (5%) (mengandung penyedap MSG.",safe,0,KB_SAFE
"sari asam jawa (0, bubuk coklat premium, BERAS JEPANG 43, DAN PEWARNA SINTETIK TARTRAZIN CI NO, 14%), Pati Kentang (72, Kurkumin CI, PENSTABIL: GOM KACANG LOKUS.",safe,0,KB_SAFE
"lesitin kedelai, BubukTomat, Perisa Identik Alami Lemon (Mengandung Antioksidan BHT), garam gurih (5%) (mengandung MSG, Gula Halus, DAN EKSTRAK RAGI.",unsafe,1,KB_UNSAFE
"bakteri asam lakfat, Garam (8, Pengembang Amonium Bikarbonat [E503ii], 19%).",safe,0,KB_SAFE
"Pengganti Lemak Kakao, Sintetik (Kuning FCF CI, Pati Tapioka, PENGENTAL (PATI ASETAT), Kacang Pohon dan Kacang Tanah, Diproduksi menggunakan peralatan yang juga memproses serealia, ekstrak ragi.",safe,0,KB_SAFE
"Serpihan Kentang 60%, Pasta Tomat, perisa sintetik, whey, Pengembang Amonium Bikarbonat [E503ii].",unsafe,1,KB_UNSAFE
"Dekstrosa, (29, PGPR), susu bubuk, seledri kering, var, zat pengemulsi.",unsafe,1,KB_UNSAFE
"Rempah (Bawang Merah Bubuk, bawang putih tumbuk, emulsifier nabati, irisan daun bawang, air bersih, whey, minyak tumbuhan pilihan.",unsafe,1,KB_UNSAFE
"Vitamin A, margarin (mengandung antioksidan askorbil palmitat, Bumbu Rasa Bawang 5, PENGEMBANG: NATRIUM BIKARBONAT, whey, Saus Cabai (4, Dinatrium Inosinat & Guanilat.",unsafe,1,KB_UNSAFE
"bubuk bawang putih, Butiran Biskuit Vanila 4, Kalsium Karbonat, kepiting, 32%}, perisa cocopandan sintetik.",unsafe,1,KB_UNSAFE
"3% (GULA, beras kering, Minyak Atsiri Paprika, EDTA sebagai sekuestran, Pati jagung, Pati termodifikasi.",safe,0,KB_SAFE
"Pengembang Amonium Hidrogen Karbonat, wijen, 72%), konsentrat sari buah anggur (2, Perisa Sintetik dan Alami (mengandung Penguat Rasa (Mononatrium Glutamat, umbi singkong (31.",unsafe,1,KB_UNSAFE
"Madu (0, (Vitamin (A, Cokelat Bubuk 6, natrium benzoat untuk pengawet, Bubuk Daging Ayam {2%}, Potongan singkong terpilih.",safe,0,KB_SAFE
"Ubi kayu (64, Sahang, Cokelat Compound Hitam Chips (16%, garam laut (0, sirup glukosa, Beras berkualitas tinggi (85, Pasta, Penstabil Dinatrium Difosfat.",safe,0,KB_SAFE
"bumbu (bawang bombay, Bumbu Ayam Teriyaki ({6, Pasta Tomat, Cabe cheongyang), dan fosfat), Perisa Sintetik (mengandung antioksidan tokoferol), sirup fruktosa.",safe,0,KB_SAFE
"Mononatrium Glutamat (MSG), serbuk bawang putih dan merah, Pengembang Natrium Bikarbonat dan Penstabil Dinatrium Difosfat), mentega, bawang putih bubuk.",unsafe,1,KB_UNSAFE
"minyak sawit olein, tepung beras premium, natrium benzoat sebagai bahan pengawet, Antioksidan Natrium Askorbat, bawang putih kering, lesitin kedelai, bubuk bawang putih dan bombay.",unsafe,1,KB_UNSAFE
"Tetur, bawang putih halus, malt, Pewama Alami Karamel Kelas IV.",unsafe,1,KB_UNSAFE
"Gula kristal, pewama alami karamel I, daun jeruk nipis, tepung ubi kayu, telur bubuk.",unsafe,1,KB_UNSAFE
"Ekstrak kelapa segar (50%), susu bubuk, Pemanis Alami Sorbitol Sirup, Pewarna Beta-karoten (sayuran) CI 75130 (INS 160a(ii)), Maltosa, Minyak bumbu: Minyak tumbuhan, lemak reroti (mengandung antioksidan tokoferol).",unsafe,1,KB_UNSAFE
"ekstrak khamir), KAKAO BUBUK(2%), saus sambal (mengandung penyedap MSG) (41%), Lemak Reroti (Mengandung Antioksidan Askorbil Palmitat dan, Keripik singkong terbaik, Rumput laut berkualitas (47%), cokelat leleh hitam.",safe,0,KB_SAFE
"kayu manis, Bawang Putih, kacang-kacangan, tepung tapioka, Potongan singkong terpilih, gula pasir berkualitas, 4%), MINYAK OLEIN KELAPA SAWIT.",safe,0,KB_SAFE
"Aprikot (1%), bubuk beras, glukosa cair, Keping Jagung (2, minyak nabati (mengandung antioksidan tokoferol campura pekat [E307b]).",safe,0,KB_SAFE
"Konsentrat sari buah lemon, Penguat Rasa (Mononatrium Glutamat, udang, Margarin (Mengandung Antioksidan Alfatokoferol, Pewarna Beta Carotene (sintetik CI 40800), BAHAN PELENGKAP: Daun bawang kering, gula.",unsafe,1,KB_UNSAFE
"Minyak Ketapa Sawit, 9%), Daun bawang, natrium benzoat untuk pengawet, kacang mede, Ekstrak Daging Sapi (0, pengawet kalium sorbat.",unsafe,1,KB_UNSAFE
"garam murni, gandum, potongan bawang bombay, GARAM, irisan tipis bawang merah, kalsium laktat), Pengental Gom Xanthan.",unsafe,1,KB_UNSAFE
"tepung terigu, gula kristal, garam beryodium (0, hamil, Penguat Rasa (Natrium Inosinat.",unsafe,1,KB_UNSAFE
"Bumbu Frankfurter, Bumbu Rasa Bawang Putih, Cokelat Bubuk (2%), madu murni (0, biru berlian FCF CI 42090), garam spesial (5%) (dengan penyedap rasa MSG, Tepung Beras.",safe,0,KB_SAFE
"lemak kakao, MINYAK NABATI (MENGANDUNG, saus tomat alami (45%), glukosa murni, karagenan, Bubuk Lada Putih, Kalsium Karbonat dan 3 Vitamin (mengandung Antioksidan dl-a-Tokoferol).",safe,0,KB_SAFE
"kacang-kacangan, Kacang Tanah (45, Saus Stroberi 16% (Mengandung Kalium Sorbat), 68%), Madu Bubuk (0, Penstabil Natrium Tripolifosfat.",safe,0,KB_SAFE
"penguat rasa mononatrium glutamat), KAKAO BUBUK (6%), lihat daftar bahan yang di cetak tebal, Bubuk Bonito kering, 80%).",safe,0,KB_SAFE
"Bl2), Bumbu (Mengandung Penguat Rasa Dinatrium Inosinat, GOM GUAR, Minyak Sayur.",safe,0,KB_SAFE
"lesitin kedelai, Pewarna Tartrazin CI, Lemak Reroti Nabati (Mengandung Antioksidan Askorbil Palmitat &TokoferoI), MSG sebagai penyedap.",unsafe,1,KB_UNSAFE
"Daun Bawang ( 1, PERISA ALAMI KENTANG PANGGANG, crustacea, Minyak Sayur, Biru Berlian FCF CI No, Ubi ungu terbaik.",unsafe,1,KB_UNSAFE
"gula dekstrosa, lemak reroti (Mengandung Antioksidan BHA), Bumbu Rasa Jagung (3, singkong segar (31.",safe,0,KB_SAFE
"Perisa Alami, bawang merah (0, tepung dari biji beras, seledri, crustacea, bahan pengemulsi, Air murni.",unsafe,1,KB_UNSAFE
"Kakao Massa 4, aroma ayam buatan, rempah-rempah pilihan, Oat Utuh (8%), lada bubuk, garam alami, Pewarna Alami Kurkumin CI.",safe,0,KB_SAFE
"whey, Lada hitam bubuk, Moluska, penyedap MSG, Potongan singkong (64, Penstabil (Nabati).",unsafe,1,KB_UNSAFE
"pengental hidroksipropil dipati Fosfat, ANTIOKSIDAN TOKOFEROL CAMPUPAN PEKAT, Lakotsa, Sirup Glukosa.",safe,0,KB_SAFE
"garam berbumbu (5%) (berisi penguat rasa MSG, Kakao Bubuk (1, Racikan Bumbu Pedas Level 15 (Bubuk cabai, Enzim Papain).",safe,0,KB_SAFE
"Perisa Sintetik, Minyak nabati (Mengandung antioksidan, penyedap mononatrium glutamat, Pewarna makanan sintetik kuning FCF CI 15985, Bahan Penolong (Enzim Protease, Jeli Bubuk, gula (19.",safe,0,KB_SAFE
"Kacang Hazel (6, Lesitin, LIHAT DAFTAR BARAN YANG, pengawet natrium benzoate), Pewama Sintetik Eritrosin CI.",safe,0,KB_SAFE
"bubuk kakao, minyak sayur, Pengatur Keasaman (Asam Laktat dan Asam Sitrat), 8%) (mengandung antioksidan (BHA, bawang putih tumbuk, Garam (8.",safe,0,KB_SAFE
"garam (1%), 57%), Dektrosa Monohidrat, KAKAO BUBUK(2%), Pewarna Alami Karmin CI, Bifidobacterium, perisa sintetik vanilla.",safe,0,KB_SAFE
"daging sapi bubuk, Mengandung pemanis buatan, garam dapur, PATI KENTANG 1, 45%), Oat Utuh (8%).",safe,0,KB_SAFE
"Perisa Vanila dan Pewarna Makanan, Penstabil (Kalsium Karbonat), penyedap mononatrium glutamat, Kacang Pohon, madu (0, Bumbu Rasa Rumput Laut Panggang.",safe,0,KB_SAFE
"madu murni (0, Bebas dari pemanis buatan, Perisa Sintetik (4, Bumbu Ayam Teriyaki ({6.",safe,0,KB_SAFE
"Bikarbonat), susu bubuk, Campuran Bumbu Pedas Tingkat 15 (Serbuk cabai, Pengatur Keasaman Natrium Sitrat, Minyak Goreng Kelapa Sawit (mengandung antioksidan TBHQ), campuran rasa soto (mengandung hidrolisat protein nabati, Minyak sayur.",unsafe,1,KB_UNSAFE
"Daging Iga Sapi (62, salmon, kaldu tumbuhan, minyak sawit (mengandung antioksidan tokoferol), Bubuk Ketumbar (0, Minyak Olein Kelapa Sawit, serbuk ayam.",unsafe,1,KB_UNSAFE
"lesitin kedelai, Kakao (5 5%), 9%) (mengandung Antioksidan, gula dan sirup jagung tinggi fruktosa, gula kristal halus.",unsafe,1,KB_UNSAFE
"gula dan sirup jagung fruktosa tinggi, PENGATUR KEASAMAN, dan garam halus, lesitin kedelai, 40800, lihat daftar bahan, Sirup Glukosa.",unsafe,1,KB_UNSAFE
"Mengardung alergen, perisa sintetik (anggur, Pewarna Alami Karamel III - E150c), Rasa (Dinatrium Inosinat, tepung gandum, PENGEMBANG: NATRIUM BIKARBONAT.",unsafe,1,KB_UNSAFE
"Penguat Rasa (Mononatrium Glutamat dan Dinatrium Ribonukleotida), Ekstrak Bawang Putih, Kacang Pohon, Pasta makaroni, Pengganti Lemak Kakao.",safe,0,KB_SAFE
"tepung terigu, Pewarna sintetik (Ponceau 4R CI No, Askorbil Pamitat, perisa paprika alami.",unsafe,1,KB_UNSAFE
"Daun bawang, Bawang Putih Bubuk), Biji jagung, minyak nabati sawit, 9%) (mengandung Antioksidan, Pemanis Buatan Sukralosa, COKLAT HITAM COMPOUND.",safe,0,KB_SAFE
"lesitin kedelai, daging sapi bubuk, (mengandung rumput laut 5%, cabai merah kering, Pati Jagung Gula.",unsafe,1,KB_UNSAFE
"kismis 16, perisa soto (dengan hidrolisat protein nabati, Ubi kayu berkualitas (63, kacang mede, Lihat komposisi yang dicetak tebal.",unsafe,1,KB_UNSAFE
"Ekstrak Bawang Putih, Singkong iris pilihan, PENGEMBANG: NATRIUM BIKARBONAT, whey, madu (0.",unsafe,1,KB_UNSAFE
"sirup tinggi fruktosa, arkorbil palmitat) pewarna alami Beta-Karoten (sayuran) CI, gluten, Minyak berbumbu: Minyak nabati.",unsafe,1,KB_UNSAFE
"09%), cokelat leleh, Bubuk Karamel (0, PENGEMBANG (NATRIUM HIDROGEN KARBONAT (500(ii))), nisin), alami santan, tapioka.",safe,0,KB_SAFE
"Cuka (mengandung alkohol 0, Pati Modifikasi, Dinatrium Inosinat (E631)], susu.",unsafe,1,KB_UNSAFE
"Penguat Rasa (Mononatrium L-glutamate, jeli bubuk, Mononatrium Glutamat (MSG), 75300, tepung terigu.",unsafe,1,KB_UNSAFE
"sesame, Pewarna Sintetik Ponceau 4R Cl, 88%), Penstabil Dinatrium Difosfat).",unsafe,1,KB_UNSAFE
"Kakao Bubuk 3, biji wijen, Semolina Jagung 36%), tepung singkong.",unsafe,1,KB_UNSAFE
"B12, lemak coklat asli, BUMBU BUBUK:, kedelai.",unsafe,1,KB_UNSAFE
"CI 19140 dan antioksidan TBHQ, keju, 9%) (mengandung Antioksidan, saus cabai merah (dengan penguat rasa MSG) (41%), Asam askorbat BHA & TBHQ, MI: Tepung tetigu.",unsafe,1,KB_UNSAFE
"udang, abai 6, Pewarna Sintetik (Tartrazin CI No 19140, Lemak Nabati ( mengandung Antioksidan Tokoferol ).",unsafe,1,KB_UNSAFE
"ikan, Perisa Sintetik Lemon, kaldu sayuran, 63% (Mengandung Jagung Bubuk (2%), PERISA SINTETIK(COKELAT.",unsafe,1,KB_UNSAFE
"Penguat Rasa [Dinatrium 5'-Inosinat (E631), bikarbonat, Penguat rasa Dinatrium 5'ribonukleotida) Pewama Alami Beta Karoten (sayuran) CI No, Merah Bit, perisa jeruk mandarin sintetis.",safe,0,KB_SAFE
"malt, beras panggang, Kultur (L, Mengandung, lemak cokelat murni, Blackurrant.",unsafe,1,KB_UNSAFE
"75130 (160a(ii), pemanis buatan asesulfam-K, sari buah asam (0, Saus Stroberi 16% (Mengandung Kalium Sorbat), Pewarna Sintetik Kuning FCF CI, kedelai.",unsafe,1,KB_UNSAFE
"557%), ibu hamil dan ibu menyususi, Lemak Reroti Nabati (Mengandung Antioksidan Askorbil Palmitat &TokoferoI), Gula halus.",safe,0,KB_SAFE
"16255, telur bubuk, daun jeruk kering, Dinatrium Guanilat (E627), Dinatrium Inosinat dan Dinatrium Guanilat), Peterseli, Lemak Reroti (mengandung Antioksidan Tokoferol).",unsafe,1,KB_UNSAFE
"bawang merah segar, Sirup fruktosa, Bawang Bombai, Beras berkualitas (85, tepung dari beras, Antioksidan Askorbil Palmitat dan Tokoferol, Natrium Bikarbonat), Minyak Goreng Kelapa Sawit (mengandung antioksidan TBHQ).",safe,0,KB_SAFE
"Perisa Sintetik Lemon, Pemanis Alami Glikosida, Perisa Sintetik Vanila, bubuk konjak.",safe,0,KB_SAFE
"Pengatur Keasaman (Kalium Karbonat, PENGENTAL (PATI ASETAT), pengatur keasaman kalsium sulfat dan glukono delta lakton, Tepung beras (80%).",safe,0,KB_SAFE
"Penstabil Fosfat, PENSTABIL: GOM KACANG LOKUS, kepiting, Minyak bumbu: Minyak tumbuhan, pengatur asam (asam cuka dan asam laktat), tepung maizena.",unsafe,1,KB_UNSAFE
"asam asetat food grade, 002%), pengental gom xanthan, karagenan, Pengembang (Amonium Bikarbonat dan Natrium Bikarbonat) Perisa Alami, pengental xanthan gum.",safe,0,KB_SAFE
"Catatan: Memuat alergen, Sayuran 38% (Kubis, bubuk lada hitam, Semolina Jagung 36%), pengawet kalium sorbat, Tepung beras (80%), krustasea.",unsafe,1,KB_UNSAFE
"pengatur keasaman (asam asetat dan laktat), Tanpa pengawet dan pemanis artifisial, lesitin kedelai, Sup : Miso beras (59%) (air, 3%}, Tanpa Pengawet, Bubuk jagung premium (65.",unsafe,1,KB_UNSAFE
"krustasea, bahan pengemulsi, Alami Karamel l), 037%.",unsafe,1,KB_UNSAFE
"Pewarna Alami Beta Karoten CI, Penstabil Natrium Tripolifosfat, ibu, tokoferol, Pewarna Makanan Sintetik (Tartrazin CI 19140, 15985 dan Tartrazin CI, Mungkin mengandung seledri, pati (kentang.",safe,0,KB_SAFE
"ikan, Perisa Sintetik (Teh Hijau, Penguat Rasa Mononatrium L-Glutamat, BERAS JEPANG 43, garam berbumbu (5%) (berisi penguat rasa MSG, Biji jagung pilihan, Margarin (mengandung pengawet Kalium sorbat.",unsafe,1,KB_UNSAFE
"kacang mede, Catatan: Memuat alergen, Bubuk Kecap, garam murni (0, natrium benzoat sebagai bahan pengawet.",unsafe,1,KB_UNSAFE
"bawang merah bubuk, Pewarna Alami Karamel Kelas III, Bumbu Rasa Abon Sapi 1, 9%) (mengandung Antioksidan, Pati Modifikasi, rempah-rempah pilihan.",safe,0,KB_SAFE
"kenari, Penstabi Gom Arab (E414), Kultur (L, PERISA SINTETIK (VANILA, kaldu sayuran alami, hidrolisat.",unsafe,1,KB_UNSAFE
"Minyak kanola, Kacang Hazel (6, serbuk coklat, Pengatur Keasaman Asam Laktat, beras goreng crispy, merah allura CI 16035, kepiting.",unsafe,1,KB_UNSAFE
"Perisa Vanila, Perguat Rasa (Mononatrium Glutarnat, Daging Ayam (37, penguat rasa dinatrium ribonukleotida.",safe,0,KB_SAFE
"cabai kering, Kacang polong (62, sirup jagung, bumbu bubuk (mengandung kecap asin, kacang mede, Ubi ungu terbaik.",unsafe,1,KB_UNSAFE
"Krispi Beras (13%), Nori kering (47%), cabai rawit kecil (1%), campuran bumbu (berisi gula.",safe,0,KB_SAFE
"Pengemulsi, dinatrium 5'-inosinat, perisa cocopandan buatan, susu bubuk, sari buah asam (0, Keping Jagung (2, ekstrak jeruk mandarin (4.",unsafe,1,KB_UNSAFE
"jus jeruk mandarin segar (4, Pewarna Sintetik Makanan Kuning FCF CI No, 8%), Informasi Alergen:, cream.",unsafe,1,KB_UNSAFE
"Pemanis Alami Maltitol, penguat rasa dinatrium guanilat dan inosinat), Perisa Alami Barbekiu, Bubuk cabe, madu alami (0, Pati Beras.",safe,0,KB_SAFE
"Garam cabe(0, pengatur pH (asam sitrat, Perlakuan tepung Protease dan Aspergillus oryzae, Biji jagung.",safe,0,KB_SAFE
"Nori kering (47%), Bl (Tiamin), dan garam laut, bubuk merica, gom xanthan, salmon.",unsafe,1,KB_UNSAFE
"52%), Natrium Askorbat, Antioksidan Asam Askorbat, REMAHAN BISKUIT (MENGANDUNG PERISA SINTETIK (COKELAT), salmon.",unsafe,1,KB_UNSAFE
"lemak kakao, PENSTABIL: GOM KACANG LOKUS, bawang putih tumbuk, Perisa Sintetik Ayam Goreng Perisa Sintetik Ayam, Perisa), sirup fruktosa, udang.",unsafe,1,KB_UNSAFE
"Penstabil Kalium Fosfat, Singkong ungu pilihan, Palmitat dan Tokoferol, Antioksidan TBHQ [E319], jinten, bubuk jagung berkualitas, BUMBU GARAM (MENGANDUNG PENGUAT RASA MONONATRIUM L-GLUTAMAT PERISA SINTETIK.",safe,0,KB_SAFE
"dan Pewarna Makanan Sintetik (Kuning FCF CI, antioksidan BHA, Tepung Natrium steoroil-2-laktolat, Asam Laktat), garam).",safe,0,KB_SAFE
"Kacang Pohon dan Kacang Tanah, Bebas dari pemanis buatan, kaldu sayuran alami, Merah Bit)), Pati (Jagung, pengawet asam sorbat.",safe,0,KB_SAFE
"35%, Tanpa Pewarna Sintetik, 79% (mengandung pewarna makanan sintetik Kuning FCF (CI 15985)), Garam cabe(0, Tepung dari jagung (65, bawang putih halus (0, perisa buatan, Kakao Massa (2%).",safe,0,KB_SAFE
"aroma sintetis cocopandan, bumbu (bawang bombay, Pewarna sintetik (Kuning FCF CI No, kedelai, 31% (Mengandung Hidrolisat Protein Nabati.",unsafe,1,KB_UNSAFE
"REMAHAN BISKUIT (MENGANDUNG PERISA SINTETIK (COKELAT), air mineral, Penguat Rasa (Mononatrium Glutamat dan Dinatrium Ribonukleotida), telur, Natrium Karbonat).",unsafe,1,KB_UNSAFE
"Pengemulsi (Dinatrium Difosfat), air, Daun Bawang ( 1, ekstrak tamarind (0, singkong pilihan (31, Kakao Massa (2%), Lada Putih Bubuk.",safe,0,KB_SAFE
"38%, aroma ayam artifisial, Lihat daftar bahan yang dicetak tebal, pati sagu murni, garam halus, Tanpa bahan pengawet dan pemanis artifisial, Bifidobacterium, Serat rebung.",safe,0,KB_SAFE
"Bumbu Original (Mengandung Penguat Rasa Mononatrium Glutamat), Hidrolisat Protein Nabati, udang, Pengawet Kalium Sorbat, MINYAK NABATI (MENGANDUNG ANTIOKSIDAN (TOKOFEROL CAMPURAN PEKAT(307b))).",unsafe,1,KB_UNSAFE
"dinatrium 5'-guanilat [E627] & dinatrium 5'-inosinat [E631], Pengembang Pewarna Sintetik Makanan Coklat HT CI No, Gom Guar), beras olahan, kepiting, 5%)).",unsafe,1,KB_UNSAFE
"garam laut (0, mentega, Bubuk cabe, Bawang Putih Bubuk 0, B9 (Asam Folat), Pengatur Keasaman (Asam Sitrat).",unsafe,1,KB_UNSAFE
"Dinatrium Guanilat), Pasta Kakao (1, cream, Kakao Bubuk 4%, Informasi Alergen :, Lemak Reroti Nabati (mengandung.",unsafe,1,KB_UNSAFE
"tepung gandum, Pengembang (Mengandung Kalsium Karbonat, Kecap Bubuk (1, apel), Irisan kentang.",unsafe,1,KB_UNSAFE
"udang, Cokelat Compound Hitam Chips (16%, LEMAK REROTI (MENGANDUNG ANTIOKSIDAN(TOKOFEROL CAMPURAN PEKAT(307b))), Singkong pilihan (63.",unsafe,1,KB_UNSAFE
"coklat hitam leleh, magnesium klorida), serbuk bawang putih, 21%), Tanpa, salmon, Protein Nabati (KedeIai).",unsafe,1,KB_UNSAFE
"Bumbu: Garam, jamur, Cokelat Bubuk (0, wijen.",unsafe,1,KB_UNSAFE
"pengembang (natrium hidrogen karbonat (INS500ii)), Bumbu Rasa Cokelat (mengandung Gula, Jagung berkualitas, minyak biji sawi, MINYAK NABATI, telur.",unsafe,1,KB_UNSAFE
"36%), hazelnut, MSG, 64%), air minum berkualitas.",unsafe,1,KB_UNSAFE
"Peringatan: Memuat alergen, bubuk ayam, ikan, Moluska, Bubuk Bawang Bombay, PENSTABIL FOSFAT.",unsafe,1,KB_UNSAFE
"Daging Ayam (56, Sirup Glukosa, keju, Ubi kayu segar (64.",unsafe,1,KB_UNSAFE
"telur, Tanpa, perisa ayam buatan, PENGEMULSI NABATI, bawang putih segar (0.",unsafe,1,KB_UNSAFE
"Mengardung alergen, Pewarna (Alami Karamel Kelas III, Pengatur Keasaman (Asam Laktat dan Asam Sitrat), (29, gula dan sirup jagung fruktosa tinggi, susu.",unsafe,1,KB_UNSAFE
"tepung beras putih halus, Tartrazin CI No, disarankan tidak dikonsunsi oleh anak di bawah 5 (lima) tahun, Bumbu Frankfurter 1, perisa paprika natural, pewama alami karamel I, Glukosa.",safe,0,KB_SAFE
"Tepung Natrium steoroil-2-laktolat, Antioksidan Askorbil Palmitat dan Tokoferol, penguat rasa (Mononatrium L-glutamat, Tepung Mocaf, Vanila).",safe,0,KB_SAFE
"minyak sayur (mengandung TBHQ), Dekstrosa Monohidrat, tepung terigu, natrium benzoat sebagai bahan pengawet, Tapioka), gula murni.",unsafe,1,KB_UNSAFE
"emulsifier nabati, Gula Halus, beras olahan, Pengemulsi, VITAMIN Bl, cabai bubuk, Penguat Rasa Dinatrium Inosinat [E531] dan Guaniiat [E627], Pemanis Alami Glikosida Steviol).",safe,0,KB_SAFE
"Niasin, hazelnut, Maltodekstrin], kacang Tanah, KAKAO MASSA, laktosa.",unsafe,1,KB_UNSAFE
"Air bersih, dan Penguat Rasa Mononatrium Glutamat E621, Penguat Rasa, lemak Kakao).",safe,0,KB_SAFE
"dan garam halus, Penguat Rasa Dinatrium Inosinat [E531] dan Guaniiat [E627], kepiting, Tepung porang terbaik (48%), bubuk bawang putih, sirup tinggi fruktosa.",unsafe,1,KB_UNSAFE
"Tomat Bubuk (2, nata de coco segar (7, ekstrak jeruk mandarin pilihan (4, Penguat Rasa Dinatrium Inosinat [E531] dan Guaniiat [E627], Asam Folat.",safe,0,KB_SAFE
"pengental nabati, kenari, Lesitin, bawang merah potong, sagu murni.",unsafe,1,KB_UNSAFE
"Pengembang (Natrium hidrogen, Pengatur Keasaman (Asam Laktat dan Asam Sitrat), Perisa Alami (Oregano & Rosemary), wijen.",unsafe,1,KB_UNSAFE
"udang, LEMAK NABATI, bawang merah cincang, corn oil, Potongan kentang, Pewarna Sintetik (Tartrazin CI No.",unsafe,1,KB_UNSAFE
"wijeng, gluten, BAWANG PUTIH, PENGUAT RASA MONONATRIUM L-GLUTAMAT.",unsafe,1,KB_UNSAFE
"salmon, Zat Besi, dan kacang pohon, Pengemulsi (Lesitin dan Dikalsium Difostat).",unsafe,1,KB_UNSAFE
"Bubuk Ovaltine (19, RUMPUT LAUT (0, udang, pengawet kalium.",unsafe,1,KB_UNSAFE
"pati tapioka, tartrazin CI 19140, Jahe, Catatan: Berisi alergen.",safe,0,KB_SAFE
"Dinatrium 5'-inosinate, telur, gula tebu, Tanpa, Brokoli ( 0.",unsafe,1,KB_UNSAFE
"gula dan pengawet (natrium benzoat), kaldu sayuran, GARAM GURIH, Sintetik (Kuning FCF CI, kalsium laktat, Magnesium Karbonat.",safe,0,KB_SAFE
"B12), Bumbu Frankfurter 1, SELULOSA, air matang, telur, PEWARNA ALAMI BETA-KAROTENE (SAYURAN) CI.",unsafe,1,KB_UNSAFE
"PERISA SINTETIK VANILA, tihat daftar bahan yang dicetak tebal, lemak cokelat murni, minyak sayur (dengan TBHQ), Bawang Merah, almond.",unsafe,1,KB_UNSAFE
"perisa paprika, minyak dari biji jagung, Pengental Nabati, salmon, Penstabil [Gom Arab (E414), gula murni, SELULOSA.",unsafe,1,KB_UNSAFE
"beras kering, bubuk lada hitam, Penguat Rasa (Mononatrium L-glutamate, LEMAK REROTI (MENGANDUNG ANTIOKSIDAN (TOKOFEROL CAMPURAN PEKAT(307b))), Pengemulsi Fosfat.",safe,0,KB_SAFE
"Pengatur Keasaman Natrium Sitrat, BUMBU BUBUK:, salmon, Jengkol, bahan pengawet natrium benzoat.",unsafe,1,KB_UNSAFE
"beras olahan, susu, dan Pengatur Keasaman (Asam Sitrat), serbuk cokelat, Bubuk Bawang Putih, ANTIOKSIDAN ASKORBIL PALMITAT), dan Kacang Tanah.",unsafe,1,KB_UNSAFE
"Vitamin B3, magnesium klorida), Bumbu Frankfurter, Penstabi Gom Arab (E414).",safe,0,KB_SAFE
"90%), bahan pengembang (amonium bikarbonat dan natrium bikarbonat), Tomat Bubuk, PENGATUR KEASAMAN ASAM TARTRAT.",safe,0,KB_SAFE
"susu, MINYAK SAYUR, DAN PENGATUR KEASAMAN ASAM SITRAT, Premik Vitamin (Bl, Cokelat dan Vanila, Pewarna Alami Beta Karoten (sayuran) CI, Laver kering (47%).",unsafe,1,KB_UNSAFE
"sari buah jeruk mandarin (4, Minyak Biji Bunga Matahari, Minyak Cabai, Pati tapioka, garam beryodium, 97%), Racikan Bumbu Pedas Level 15 (Bubuk cabai.",safe,0,KB_SAFE
"Penguat Rasa (Dinatrium 5'-Inosinat, Kentang segar, kacang mede, Informasi Alergen, hamil, Pewarna sintetik (Kuning FCF CI No.",unsafe,1,KB_UNSAFE
"Kentang berkualitas, 35%, pewarna alami (Beta-karoten (sintetik) CI No, garam laut (1%), susu bubuk, Anti Kempal.",unsafe,1,KB_UNSAFE
"Penguat Rasa Mononatrium Glutamat dan Dinatrium Ribonukleotida), singkong segar (31, 36%), Bebas pengawet dan pemanis buatan, Penstabil (Nabati).",safe,0,KB_SAFE
"Ekstrak Daging Sapi (0, Pemanis Alami Isomalt, Sari buah kelapa (50%), Kakao Bubuk (0, konsentrat sari buah apel (2%), natrium benzoat sebagai pengawet, (mengandung Antioksidan Askorbil.",safe,0,KB_SAFE
"susu, PENGEMULSI NABATI, Madu (3%), Bawang Putih Bubuk.",unsafe,1,KB_UNSAFE
"gandum, 75810), bumbu rempah, Kubis ( 0, Penstabil Nabati.",unsafe,1,KB_UNSAFE
"BUMBU RASA AYAM, Perisa Alami Mangga, kacang almond, Pengental pati termodifikasi.",unsafe,1,KB_UNSAFE
"kerang, Sayuran 38% (Kubis, kedelai, Glukosa, LEMAK REROTI (MENGANDUNG ANTIOKSIDAN(TOKOFEROL CAMPURAN PEKAT(307b))).",unsafe,1,KB_UNSAFE
"pengental (gom biji lokus, polidekstrosa, gula, terigu.",unsafe,1,KB_UNSAFE
"Jagung berkualitas, Peringatan: Berisi alergen, almond, Ekstrak Ragi.",unsafe,1,KB_UNSAFE
"Potongan singkong (64, Potongan singkong terpilih, kedelai, antioksidan tokoferol), sari buah asam (0.",unsafe,1,KB_UNSAFE
"udang, Penstabi Gom Arab (E414), minyak sawit berkualitas, LEMAK NABATI (MENGANDUNG ANTIOKSIDAN TOKOFEROL), Air), Bawang Bombai, Pemanis Alami Glikosida Steviol.",unsafe,1,KB_UNSAFE
"DAN PENGATURE ASAM SITRAT, Jagung, 42090)), bumbu (terdiri dari gula, Pati, (GLUKONO DELTA LAKTON DAN NATRIUM HIDROGEN KARBONAT), Perisa Sintetik (Teh Hijau, perisa paprika natural.",safe,0,KB_SAFE
"pewarna alami karamel IV, Magnesium Karbonat, umbi singkong (31, Pewarna Alami Kurkumin CI, LEMAK KAKAO, tepung gandum, penguat rasa (Dinatrium 5'-Inosinat dan Dinatrium 5'-Guanilat).",unsafe,1,KB_UNSAFE
"gandum, Wortel ( 1, Lemak Kakao, tepung maizena murni.",unsafe,1,KB_UNSAFE
"Dinatriun Guanilat), krustasea, bubuk konjak, (5%), Alpukat (1, alkohol, Antikempal Silikon Dioksida (E551).",unsafe,1,KB_UNSAFE
"jus jeruk mandarin (4, Massa, Penstabil [Gom Arab (E414), Ekstrak daging kelapa terbaik (50%), Bawang Putih Bubuk.",safe,0,KB_SAFE
"Kakao Massa (0, malt, Cokelat (16%), PENGEMBANG (NATRIUM BIKARBONAT).",unsafe,1,KB_UNSAFE
"Rasa (Dinatrium Inosinat, Pengembang Natrium Bikarbonat dan Penstabil Dinatrium Difosfat), Gula Pasir, gula putih murni, ketumbar, PENGAWET NATRIUM METABISULFIT, DAN PENGATURE ASAM SITRAT, Antikempal Silikon Dioksida.",safe,0,KB_SAFE
"perisa artifisial, (29, Serbuk umbi porang (48%), Lemak Kakao, Penguat Rasa (Mononatrium Glutamat), 150c), BUBUK COKLAT (4, persik.",safe,0,KB_SAFE
"kaldu nabati segar, whey, Palmitat dan Tokoferol, (tree nuts), garam gurih (5%) (mengandung penyedap MSG, Kayu Manis (1%).",unsafe,1,KB_UNSAFE
"Sari kelapa pilihan (50%), Catatan: Memuat alergen, telur bubuk, Pengatur Keasaman (Asam Laktat dan Asam Sitrat).",unsafe,1,KB_UNSAFE
"antioksidan TBHQ, natrium benzoat sebagai pengawet, Pewarna Alami (Karamel I Plain, Pengawet Natrium Nitrit.",safe,0,KB_SAFE
"Dinatrium Inosinat dan Dinatrium Guanilat), Pengatur Keasaman (Asam Sitrat), Lemak Nabati (Mengandung Antioksidan TBHQ), Lobak (60%), garam alami (1%), pemanis buatan asesulfam-K.",safe,0,KB_SAFE
"ekstrak ayam, KAKAO BUBUK(2%), garam murni, Ubi kayu pilihan (63, Lobak premium (60%), BIRU BERLIAN FCF CI, Keasaman, Pasta Kakao (1.",safe,0,KB_SAFE
"Peringatan: Berisi alergen, thermophilus), Sirup gula invert (mengandung pengatur keasaman asam, susu.",unsafe,1,KB_UNSAFE
"nisin), Minyak Sawit (mengandung Antbksidan TBHQ (E319)), Tapioka, bawang putih goreng, Gula Icing, Penguat rasa mononatrium L-glutamat, penyedap MSG, Rumput laut pilihan (47%).",safe,0,KB_SAFE
"02%), Jahe bubuk, air murni, Margarin (Mengandung Antioksidan Tokoferol, biru berlian FCF CI 42090), Gelatin Sapi, 75130), asam askorbat.",safe,0,KB_SAFE
"udang, 16255), minyak olein dari kelapa sawit, PENGENTAL (DIPATI FOSFAT (1412)), Cokelat Hitam (1%), Bumbu: Gula, Bebas pemanis artifisial.",unsafe,1,KB_UNSAFE
"madu (0, gula kastor, bawang putih kering, Pengembang (Amonium Bikarbonat dan Natrium Bikarbonat), tepung maizena murni.",safe,0,KB_SAFE
"kultur (streptococcus thermophilus, Beras premium (85, Pewarna Sintetik : Merah Allura CI No, 75120), SIRUP ISOMALTO OLIGOSAKARIDA, saus tomat segar (45%).",safe,0,KB_SAFE
"Informasi Alergen, Daging Sapi (3, Tidak menggunakan pemanis artifisial, saus tomat murni (45%).",safe,0,KB_SAFE
"minyak nabati berkualitas, emulsifier nabati, telur, Antikempal Silikon Dioksida (E551).",unsafe,1,KB_UNSAFE
"TBHQ), Pasta Kakao (1, Kacang Tanah (45, Ubi kayu (63, tepung maizena berkualitas, jahe.",safe,0,KB_SAFE
"saus sambal (mengandung penyedap MSG) (41%), 79%), Oatmeal (41, keju.",unsafe,1,KB_UNSAFE
"penguat rasa (MSG, Penstabil Kalium Fosfat, Dekstrosa, RUMPUT LAUT (0, Perlakuan Tepung (Pati Jagung, Bubuk porang berkualitas (48%), Bumbu Rasa Rumput Laut Panggang, Lemak Nabati (mengandung Antioksidan Tokoferol Campuran Pekat).",safe,0,KB_SAFE
"gula murni, sekuestran EDTA, air matang, 4% (mengandung pewarna alami kurkumin.",safe,0,KB_SAFE
"78%), bakteri asam lakfat, minyak sayur pilihan, Garam), PEMANIS BUATAN ASPARTAM, Bawang Bombay Bubuk 1, pure tomat (45%), pengawet asam sorbat).",safe,0,KB_SAFE
"PENGAWET NATRIUM METABISULFIT, air minum berkualitas, pewarna makanan karamel IV alami, pemanis jenis dekstrosa, pati ubi kayu.",safe,0,KB_SAFE
"whey, Pengembang Natrium Hidrogen Karbonat), Biji Buah Labu, penstabil monokalsium fosfat.",unsafe,1,KB_UNSAFE
"Pewama Alami (Karamel Kelas III/E, dinatrium guanilat dan inosinat), dan garam dapur, Pewarna Alami Karamel III - E150c), kaldu tumbuhan, Singkong premium (64, pengental (gom lokus.",safe,0,KB_SAFE
"asam askorbat, 01 %), gandum, Keping Jagung (2.",unsafe,1,KB_UNSAFE
"asam askorbat), lemak dari coklat, udang, rempah-rempah pilihan.",unsafe,1,KB_UNSAFE
"Alga laut (47%), Penstabil (Gelatin sapi), BUBUK SARI BUAH YUZU (0, cokelat leleh, susu bubuk, gula halus, Cokelat (16%).",unsafe,1,KB_UNSAFE
"almond, Kacang Pohon dan Kacang Tanah, Ubi jalar ungu premium, penyedap rasa MSG, Cabe Hijau (28%), Pewarna Sintetik (Tartrazin CI No 19140, PENGENTAL (PATI ASETAT).",unsafe,1,KB_UNSAFE
"Potongan kentang, Perisa Sintetik Ayam Goreng Perisa Sintetik Ayam, LEMAK NABATI (MENGANDUNG ANTIOKSIDAN TOKOFEROL), pewarna makanan karamel IV alami, Jahe, Dinatrium, askorbil palmitat, cabai rawit.",safe,0,KB_SAFE
"Paprika (0, Kalsium Karbonat (E170(i))], Ekstrak Ragi, mentega.",unsafe,1,KB_UNSAFE
"Sirup Gula Invert, Tidak menggunakan pemanis artifisial, COKELAT (GULA, Perisa sintetik rumput laut.",safe,0,KB_SAFE
"Maltodextrin, kaldu nabati, Jagung berkualitas, Lobak segar (60%), Kakao Bubuk (2.",safe,0,KB_SAFE
"cabai keriting, Kultur (L, Oat, yang juga memproses Krustase, bahan pengemulsi.",safe,0,KB_SAFE
"Merah Bit, TARTRAZlN CI, Ekstrak Protein Nabati, Ekstrak Annato CI 75120), sekuestran EDTA, Biji Bunga Matahari (88.",safe,0,KB_SAFE
"Tepung dari umbi porang (48%), Cokelat Compound Putih Rasa Tiramisu (31, krimer tumbuhan, Biji bunga Matahari (88, 75300, cabai rawit, gula dan sirup jagung fruktosa tinggi.",safe,0,KB_SAFE
"Bumbu rumput laut 11, jeli bubuk, Krimer Kental Manis (mengandung Antioksidan Tokoferol), Semolina.",safe,0,KB_SAFE
"serat pangan larut, Cokelat Hitam (1%), Penstabil, MINYAK : Minyak nabati dan bawang merah, kacang mede, Suksinat, Mengandung pemanis buatan.",unsafe,1,KB_UNSAFE
"Minyak kelapa sawit, tokoferol, aroma jeruk mandarin artifisial, jamur, lemak reroti (mengandung pengemulsi mono dan digliserida asam lemak dan antioksidan tokoferol), air mineral, tepung maizena murni.",safe,0,KB_SAFE
"Alanin), kacang mede, Bumbu Pedas Tingkat 15 (Cabai bubuk, III (E-150C), Penstabil (Dipati Fosfat), garam spesial (5%) (berisi penguat rasa MSG.",unsafe,1,KB_UNSAFE
"Bubuk, PERISA SINTETIK VANILA, Cokelat HT Cl 20285), Kakao Bubuk (1, Pengembang, Iihat daftar bahan yang dicetak tebal, pati dari jagung.",safe,0,KB_SAFE
"Alga laut (47%), VITAMIN B2, apel), Lemak Nabati (mengandung Antioksidan TBHQ), 75130 (Mengandung Antioksidan Tokoferol dan Asam Askorbat), telur bubuk, Penguat Rasa Mononatrium Glutamat [E621].",unsafe,1,KB_UNSAFE
"Lemak Reroti (Mengandung Antioksidan Askorbil Palmitat dan, Antikempal Silikon Dioksida, Pewarna Sintetik Makanan Kuning FCF CI No, bawang merah goreng.",safe,0,KB_SAFE
"teri, 01 %), Ubi kayu berkualitas (63, Pati Jagung], Penguat Rasa Mononatrium Glutamat [E621].",unsafe,1,KB_UNSAFE
"Pati, daun jeruk kering, cabai giling, krustasea, Ubi kayu pilihan (63.",unsafe,1,KB_UNSAFE
"kepiting, aroma ayam sintetis, minyak nabati, Gula (19%).",unsafe,1,KB_UNSAFE
"19140 (102), Sirup Gula Invert, persik, antioksidan asam askorbat, lihat komposisi yang dicetak tebal, bubuk ayam, KAKAO MASSA, 21%).",safe,0,KB_SAFE
"Serat Pangan, 56%), gluten, pewarna alami beta-karoten (sayuran) CI 75130), glukosa), Tepung Beras).",unsafe,1,KB_UNSAFE
"06%), KACANG HAZEL 28, Perlakuan Tepung (Natrium Stearoil-2-Laktilat), Bawang prei, Pengatur Keasaman (Asam Sitrat), Merica Putih Bubuk, bahan pengemulsi (fosfat dan nabati).",safe,0,KB_SAFE
"GOM XANTHAN, Mineral Zat Besi dan Seng), teri, KACANG HAZEL 28, Garam Bumbu (Mengandung Penguat, 75130)), 40800 (mengandung antioksidan dl-alfa Tokoferol).",unsafe,1,KB_UNSAFE
"Pewarna Tartrazin CI, pewarna buatan (tartrazin CI 19140, pewarna makanan alami karamel IV, kacang Tanah, cokelat cair pekat, Kacang Tanah.",safe,0,KB_SAFE
"Perisa Sintetik (Glisin, Dinatrium 5'-ribonukleotida), Pewarna alami Karamel I, Lemak Kakao), aroma ayam buatan.",safe,0,KB_SAFE
"Air, beras, 75810), ikan, Sayuran 38% (Kubis, penstabil (nabati dan fosfat).",unsafe,1,KB_UNSAFE
"bawang putih kering, Rapa Terhidrogenasi), perisa jeruk mandarin sintetis, BUBUK KARI, Alanin), telur.",unsafe,1,KB_UNSAFE
"Krispi Beras (3%), Perisa Sintetik Cokelat, Lemak Nabati (mengandung Antioksidan TBHQ), kedelai, gula dan pengawet (natrium benzoat), dan Pewarna Alami Beta-karoten dari Blakeslea trispora (Mengandung Antioksidan Tokoferol), pati Kentang.",unsafe,1,KB_UNSAFE
"Dinatrium 5'-ribonukleotida), SIRUP GLUKOSA, Diproduksi peralatan yang juga, lactobacillus acidophilus), natrium benzoat untuk pengawet, Garam, Lemak Nabati (mengandung Antioksidan dl-Alfa Tokoferol), gom xanthan.",safe,0,KB_SAFE
"63%), Cuka (mengandung alkohol 0, Perisa Sintetik (4, Massa, Teh hijau pilihan, emulsifier, Penstabi Gom Arab (E414).",safe,0,KB_SAFE
"Krim pasteurisasi, aroma jeruk mandarin artifisial, Rumput Laut (0, Mi bihun: Pati jagung, Pengembang Natrium Hidrogen Karbonat.",safe,0,KB_SAFE
"Kuning FCF CI, Biji Bunga Matahari (90, wijen, bahan pengemulsi (fosfat.",unsafe,1,KB_UNSAFE
"wijen, Perisa Artifisial Vanila, PENGATUR KEASAMAN ASAM TARTRAT, lemak cokelat murni, Makaroni.",unsafe,1,KB_UNSAFE
"bubuk konjak, Pelapis Perisa Sintetik, Diproduksi menggunakan peralatan, zat pengemulsi (fosfat, Sirup jagung, Kakao Bubuk 5%.",safe,0,KB_SAFE
"udang, saus tomat segar (45%), Cokelat Hitam (1%), Ekstrak Bonito (1, Perisa Sintetik (mengandung Antioksidan Tokoferol), Perisa Sintetik Lemon.",unsafe,1,KB_UNSAFE
"merica bubuk, Nisin, irisan bawang merah, Penguat Rasa Mononatrium Glutamat dan Dinatrium Ribonukleotida).",safe,0,KB_SAFE
"bubuk bawang putih dan merah, kedelai, Tanpa bahan pengawet dan pemanis artifisial, Kacang Hazel, irisan daun bawang kering.",unsafe,1,KB_UNSAFE
"Kurkumin CI, krustasea, LEMAK REROTI (MENGANDUNG ANTIOKSIDAN, Karagenan, air minum berkualitas.",unsafe,1,KB_UNSAFE
"Komposisi Saus Vla (25%): Gula, Kakao Massa (0, Dinatrium Inosinat, Palmitat.",safe,0,KB_SAFE
"susu, vitamin (A dengan tokoferol, nabati), Kakao (5 5%).",unsafe,1,KB_UNSAFE
"arkorbil palmitat) pewarna alami Beta-Karoten (sayuran) CI, Kecap Inggris (Mengandung alkohol 0, Krim pasteurisasi, Pelapis Perisa Sintetik, Singkong pilihan (64, cabai rawit pedas (1%).",safe,0,KB_SAFE
"Brokoli ( 0, dan kacang, Aprikot (2%), bawang bombay cincang, daun jeruk nipis.",safe,0,KB_SAFE
"Natrium Gaunilat), Pengemulsi (Trinatrium Sitrat dan Dinatrium Fosfat), bubuk bawang putih dan merah, kaldu nabati segar, konsentrat sari buah persik (1%), Perisa Vanila dan Pewarna Makanan, gandum.",unsafe,1,KB_UNSAFE
"Kakao Bubuk 0, Serpihan Kentang 60%, Kultur (L, bawang putih tumbuk, Pengatur Keasaman Asam Malat, dan ibu menyusui, kacang almond.",unsafe,1,KB_UNSAFE
"PEWARNA ALAMI (BETAKAROTEN (CI, Aprikot (2%), Pewarna Alami Karamel III - E150c), trinatrium sitrat), Ekstrak Anato CI, dan ibu menyusui, teri.",unsafe,1,KB_UNSAFE
"002%), BUBUK COKLAT (4, 92%), rempah-rempah pilihan, pengatur keasaman, beras panggang, penguat rasa (dinatrium 5'-guanilat [E627] & dinatrium 5'-Inosinat [E631]), Bubuk porang (48%).",safe,0,KB_SAFE
"Anti Kempal, Ekstrak daging sapi 1%, vitamin (A dengan tokoferol, minyak goreng, penyedap MSG, BUMBU : Gula, Pengawet Natrium Metabisulfit.",safe,0,KB_SAFE
"Gula Icing, pati ubi kayu, Premiks Vitamin, sagu murni.",safe,0,KB_SAFE
"Bifidobacterium, tepung terigu, Bebas pengawet dan pemanis buatan, Perisa Sintetik Rempah - Rempah, Pati Termodifikasi Asam, Tepung Kelapa.",unsafe,1,KB_UNSAFE
"lemak kakao, bahan pengemulsi (fosfat dan nabati), Rempah (1, krustasea, Serbuk cabai, glukosa cair.",unsafe,1,KB_UNSAFE
"Pengental Pektin, Pengembang (Amonium Bikarbonat dan Natrium Bikarbonat), Dikalsium Fosfat, Lobak premium (60%), Sintetik, Bubuk Jelly, Kuning.",safe,0,KB_SAFE
"perisa ayam sintetis, Pengembang Amonium Bikarbonat [E503ii], pasta tomat (45%), minyak nabati (dari kelapa sawit), dan garam laut, daging sapi bubuk, 75130), bubuk pembentuk jeli.",safe,0,KB_SAFE
"potongan nata de coco (7, daging sapi bubuk, Sirup Glukosa Fruktosa, Perisa Sintetik Stroberi, PERISA SINTETIK(COKELAT, BHT, gula dan sirup jagung fruktosa tinggi, Kakao Massa 4.",safe,0,KB_SAFE
"MSG sebagai penyedap, Konsentrat sari buah lemon, lemak reroti (mengandung pengemulsi mono dan digliserida asam lemak dan antioksidan tokoferol), kacang Tanah, olive oil (4%), Ester Sukrosa Asam Lemak), Ekstrak Stroberi.",safe,0,KB_SAFE
"pati (kentang, BubukTomat, Lemak Reroti Nabati (Mengandung Antioksidan Askorbil Palmitat & Tokoferol), ANTIOKSIDAN TOKOFEROL CAMPURAN PEKAT, Rumput laut kering (47%), aroma jeruk mandarin artifisial, Bubuk Bawang Bombay, perisa alami.",safe,0,KB_SAFE
"dan garam, MINYAK NABATI (MENGANDUNG, kedelai, minyak goreng berkualitas, Rempah (Bawang Merah Bubuk.",unsafe,1,KB_UNSAFE
"tepung konjak, Laver kering (47%), Kayu Manis (1%), wijen, bubuk konjak.",unsafe,1,KB_UNSAFE
"DEKSTROSA MONOHIDRAT, Enzim Papain), Biru Berlian FCF CI No, Bumbu Original (Mengandung Penguat Rasa Mononatrium Glutamat), 99%), Kecap Inggris (Mengandung alkohol 0, minyak jagung murni.",safe,0,KB_SAFE
"tepung dari beras, tepung terigu, Pewama Sintetik Tartrazin CI No, Pewarna Alami Karamel l, Kacang Pikan (15, nisin), pewarna makanan karamel IV alami.",unsafe,1,KB_UNSAFE
"Tokoferol), DAN PENGATURE ASAM SITRAT, Tartrazin CI No, Informasi Alergen, bawang merah cincang.",safe,0,KB_SAFE
"Bumbu Rasa Cabai Pedas (Mengandung Cubuk, Minyak Atsiri Paprika, Maltosa, Dinatrium Guanilat), bahan pengawet kalium sorbat, KAKAO BUBUK(2%).",safe,0,KB_SAFE
"Oat Utuh (8%), Perisa Sintetik Daging Sapi BBQ, ANTIKEMPAL SILIKON DIOKSIDA, Natrium Polifosfat), natrium sulfat, Krispi Beras (3%), dinatrium 5'-guanilat [E627] & dinatrium 5'-inosinat [E631], Lobak pilihan (60%).",safe,0,KB_SAFE
"PENGAWET (KALIUM SORBAT DAN NATRIUM PROPIONAT), Pengembang (Amonium Hidrogen Karbonat dan Natrium Hidrogen Karbonat ), hazelnut, Kurkumin CI 75300, Pemanis Alami Maltitol.",unsafe,1,KB_UNSAFE
"KAKAO BUBUK(2%), kalium sorbat, Acar sawi, daging sapi bubuk, PERISA: SINTETIK VANILLA), ANTIKEMPAL SILIKON DIOKSIDA, Palmitat dan Tokoferol, Singkong pilihan (63.",safe,0,KB_SAFE
"Margarin (8%) (mengandung Antioksidan BHA, irisan tipis bawang merah, irisan bawang merah goreng, Gula.",safe,0,KB_SAFE
"tepung dari jagung, garam (1%), Perisa Sintetik Kelapa, Serat Pangan, Kakao Bubuk (7, tepung maizena murni, Antioksidan Tokoferol Campuan Pekat dan BHT), maltodekstrin.",safe,0,KB_SAFE
"sarden, dan Pewarna Makanan Sintetik (Kuning FCF CI, Bawang prei, Alpukat (1, cabe.",unsafe,1,KB_UNSAFE
"terigu, cabai merah tumbuk, Mononatrium Glutamat (MSG), Penguat Rasa (Mononatrium Glutamat E621, Kultur Bakteri (Lactobacillus Bulgaricus dan Streptococcus Thermophillus) (0.",unsafe,1,KB_UNSAFE
"minyak sawit berkualitas (mengandung antioksidan alami tokoferol), hazelnut, Ekstrak kelapa (50%), Vitamin A, Ekstrak Protein Sayuran.",unsafe,1,KB_UNSAFE
"magnesium klorida), susu bubuk, Kakao Massa (3, lemak reroti (mengandung antioksidan tokoferol), natrium benzoat sebagai bahan pengawet.",unsafe,1,KB_UNSAFE
"Premiks Vitamin & Mineral, bahan yang dicetak tebal"", emulsifier (fosfat, DINATRIUM 5-RIBONUKLEOTIDA), Cabe Merah, Sirup fruktosa.",safe,0,KB_SAFE
"B3 (Niasin), bahan pengental alami, Maltodextrin, melon), seledri, kedelai, Cokelat Bubuk (2%).",unsafe,1,KB_UNSAFE
"melon), Benzoat [E211])), Ekstrak Stroberi, tepung konjak, dan, ikan, Perisa Sintetik [Karamel.",unsafe,1,KB_UNSAFE
"Bihun: Pati jagung pilihan, B12), 19140 (102), Cokelat Paduan, kedelai.",unsafe,1,KB_UNSAFE
"Krimer minuman, irisan daun bawang, Pati Kentang (59, 3% (Mengandung Kecap bubuk.",safe,0,KB_SAFE
"lihat daftar yang dicetak tebal, bawang bombay bubuk, garam beraroma (5%) (dengan MSG, Hidrolisat Protein Nabati, gandum, minyak goreng sawit.",unsafe,1,KB_UNSAFE
"tepung beras putih halus, Tartrazin CI No, Bumbu Rasa Ayam (Mengandung, Gula kristal, Gula (17%), susu, Pewarna Alami Karamel kelas.",unsafe,1,KB_UNSAFE
"minyak zaitun murni (4%), wijeng, susu, Pati Jagung].",unsafe,1,KB_UNSAFE
"kacang almond, Ekstrak Ragi, antioksidan tokoferol campuran pekat, garam (0.",unsafe,1,KB_UNSAFE
"ragi, Kacang Pikan (15, Penstabil (Fosfat, Pewama Alami Karmin CI, Penguat Rasa Mononatrium Glutamat E621, Pati Jagung, ANTIOKSIDAN TBHQ.",safe,0,KB_SAFE
"Tomat ( 0, Tanpa bahan pengawet dan pemanis artifisial, Pengatur Keasaman (Kalium Karbonat, kepiting.",unsafe,1,KB_UNSAFE
"bawang putih cincang (0, 9%)(Mengandung Cabai (40%), kasein, Campuran Bumbu Pedas Level 15 (Bubuk cabai, Cokelat dan Vanila, serbuk jagung, tepung tapioka.",unsafe,1,KB_UNSAFE
"PENSTABIL (PATI OKSIDASI, pengatur asam (asam sitrat, minyak biji sawi, Cabe cheongyang), pewarna buatan (tartrazin CI 19140.",safe,0,KB_SAFE
"Pengembang (Penstabil Dinatrium Difosfat, telur, Penstabil Kalium Fosfat, minyak nabati (dengan antioksidan TBHQ), minyak nabati murni.",unsafe,1,KB_UNSAFE
"hidrolisat, PENGUAT RASA DINATRIUM INOSINAT dan DINATRIUM GUANILAT, PENGEMBANG (NATRIUM & AMOMUM BIKARBONAT), kenari, bubuk bawang putih dan merah, LIHAT DAFTAR BAHAN YANG DICETAK, Perisa Sintetik Kelapa.",unsafe,1,KB_UNSAFE
"aroma ayam artifisial, cabe, Penguat Rasa (Dinatrium 5'-Inosinat, Bumbu Original (Mengandung Penguat Rasa Mononatrium Glutamat), DAN PENGATUR KEASAMAN ASAM SITRAT, Kelapa, ESTER POLIGLISEROL ASAM RISINOLEAT TERINTERESTERIFIKASI), siung bawang putih.",safe,0,KB_SAFE
"GULA, Perisa sintetik vanila, daun bawang kering, cokelat leleh hitam, minyak nabati (mengandung antioksidan tokoferol campura pekat [E307b]), pewarna sintetik tartrazin, 38 % ), penyedap mononatrium glutamat.",safe,0,KB_SAFE
"garam gurih (5%) (mengandung penyedap MSG, glukosa cair, daun limau, Pewarna Alami Karmin CI no, keju, Potongan singkong (64, Penguat Rasa Mononatrium Glutamat dan Dinatrium Ribonukleotida).",unsafe,1,KB_UNSAFE
"Pengemulsi nabati, Pengawet Kalium Sorbat, Bumbu Pedas, Tepung Ketan, gandum.",unsafe,1,KB_UNSAFE
"coklat hitam leleh, Minyak bumbu: Minyak tumbuhan, pewarna Beta - Karoten (sayuran) CI, gluten.",unsafe,1,KB_UNSAFE
"SELAI CERY 1% (MENGANDUNG PEWARNA ALAMI ANTOSIANIN DAN PENGAWET KALIUM SORBAT), Minyak Olein Kelapa Sawit, lihat bahan yang dicetak tebal, Trinatrium Sitrat, potongan nata de coco (7, Minyak Bunga Matahari.",safe,0,KB_SAFE
"dinatrium guanilat dan dinatrium inosinat), SELAI CERY 1% (MENGANDUNG PEWARNA ALAMI ANTOSIANIN DAN PENGAWET KALIUM SORBAT), PREMIKS VITAMIN DAN MINERAL(ZAT BESI, pengental (gom lokus, SAOS CABE: Air, Oat.",safe,0,KB_SAFE
"COKELAT BUBUK(0, kalsium dinatrium EDTA, salam, Tanpa bahan pengawet dan pemanis artifisial, Pengawet (Natrium Benzoate), madu pilihan (0.",safe,0,KB_SAFE
"Kentang Kering (62, Ekstrak daging sapi 1%, pure tomat (45%), tepung beras putih, tepung sagu, Kentang, garam spesial (5%) (dengan penyedap rasa MSG, Kakao bubuk (6.",safe,0,KB_SAFE
"Anti Kempal, Kecap Bubuk, Ekstrak Protein Sayuran, PEMANIS BUATAN ASPARTAM)).",safe,0,KB_SAFE
"BAWANG PUTIH, Pemanis Buatan Sukralosa, Penstabil Dipati adipat terasetilasi, Ekstrak Protein Sayuran, rumput laut (1%), TBHQ), 40800), daging sapi bubuk.",safe,0,KB_SAFE
"Vitamin A, Pengembang Natrium Hidrogen Karbonat), tepung terigu, bubuk merica, pengembang natrium karbonat, Kecap Inggris (Mengandung alkohol 0.",unsafe,1,KB_UNSAFE
"Fruktosa, serbuk cokelat, bahan yang dicetak tebal, merica bubuk.",safe,0,KB_SAFE
"dekstrosa, Pati Kentang, pengembang amonium hidrogen karbonat, saus tomat murni (45%), Minyak nabati, Lobak kering, tepung beras putih halus.",safe,0,KB_SAFE
"Minyak Kelapa Sawit (mengandung Antioksidan TBHQ), perisa sintetik, garam gurih (5%) (mengandung penyedap MSG, susu, Pewarna Alami Kurkumin CI.",unsafe,1,KB_UNSAFE
"bawang merah potong, Perisa Identik Alami Lemon (Mengandung Antioksidan BHT), MINYAK NABATI, Beras (56, pati ubi kayu, lihat komposisi, gula kristal (19.",safe,0,KB_SAFE
"perisa cocopandan sintetik, pengembang natrium hidrogen karbonat, pengatur pH (asam sitrat), bubuk keturbar (0, garam murni (1%), Krispi Beras Cokelat (29, beras kering, BUMBU: Daging ayam (15%).",safe,0,KB_SAFE
"Anti Kempal Siiikon Dioksida Halus, Vanila), bahan pengawet natrium benzoat, PERISA: SINTETIK VANILA, Penstabil [Gom Arab (E414), Menangdung pemanis buatan, 132%), Mengandung.",safe,0,KB_SAFE
"dan kacang, Peringatan: Berisi alergen, Penguat Rasa (Mononatrium Glutamat E621, susu, bahan pengental (gom lokus, gula.",unsafe,1,KB_UNSAFE
"Cabe Merah, Beras berkualitas tinggi (85, Minyak Nabati Kelapa Sawit, Perisa sintetik (Vanila, bubuk konjak, GARAM GURIH, Penstabil (Fosfat.",safe,0,KB_SAFE
"Tepung Kelapa, telur bubuk, III (E-150C), dan fosfat).",unsafe,1,KB_UNSAFE
"Mononatrium Glutamat (MSG), Lihat Daftar Bahan Yang Dicetak Tebal, asam cuka, bawang merah iris.",safe,0,KB_SAFE
"Pengatur Keasaman Asam Asetat, kedelai, Perisa Sintetik Daging Sapi BBQ, dan, Semolina Jagung), Perisa Sintetik (mengandung Antioksidan BHA).",unsafe,1,KB_UNSAFE
"VANILA), Krispi Beras (3%), Antioksidan Askorbil Palmitat dan Tokoferol), Pengatur Keasaman Asam Asetat, bumbu rempah alami, bawang putih halus (0, whey.",unsafe,1,KB_UNSAFE
"bawang putih segar (0, campuran bumbu (mengandung gula, potongan nata de coco (7, daun jeruk wangi, dan kacang - kacangan lainnya, bahan pengawet natrium benzoat, Daging Sapi (96%), Mengandung Fenilalanin.",safe,0,KB_SAFE
"Perisa Sintetik Cokelat, tepung dari beras, Margarin (Minyak Kelapa Sawit, 78% (Mengandung cabe merah (28%).",safe,0,KB_SAFE
"18%), Cengkeh (1%), dan kacang, perisa paprika, Lemak Reroti (mengandung antioksidan tokoferol), gula pasir berkualitas, pewarna Beta - Karoten (sayuran) CI.",safe,0,KB_SAFE
"Sirup Jagung Tinggi Fruktosa, Pengental Pektin, DEKSTROSA MONOHIDRAT, sekuestran EDTA, HIDROLISAT PROTEIN NABATI (MENGANDUNG PEWARNA KARAMEL IV), Kakao Bubuk (11%).",safe,0,KB_SAFE
"penguat tasa dinatrium inosinat dan guanilat) dan vitamin (A, konsentrat sari buah persik (1%), REMAHAN BISKUIT (MENGANDUNG PERISA SINTETIK (COKELAT), air matang, DAN EKSTRAK RAGI, Lada hitam bubuk, Singkong ungu pilihan.",safe,0,KB_SAFE
"REMPAH-REMPAH, Minyak Sayur, Garam (8, minyak sawit (mengandung antioksidan tokoferol), gula dan pengawet (natrium benzoat).",safe,0,KB_SAFE
"Dekstrin, lihat daftar bahan yang dicetak tebal"", Pewama Alami Betakaroten CI 75130, Kacang Hazel, pewarna alami beta-karoten (sintetik) CI.",safe,0,KB_SAFE
"Pengental karagen, Tepung Kelapa, Gula (19%), Kacang Tanah (45, Pati Kentang, 99%), cabai merah, Kakao Bubuk 6.",safe,0,KB_SAFE
"crustacea, Singkong kering pilihan, Ekstrak Annato CI 75120), GULA PASIR.",unsafe,1,KB_UNSAFE
"Bubuk Cabai: Bubuk cabai (0, KAKAO BUBUK, Brokoli ( 0, Hidrolisat, dicetak tebal, Pewarna makanan (Biru berlian CI 42090, Pewama Alami Betakaroten CI 75130.",safe,0,KB_SAFE
"Bumbu Rasa Barbekue 11, kedelai, Jagung (18, minyak kelapa sawit murni (dengan tokoferol sebagai antioksidan), SAUS: Air, Beras premium (85.",unsafe,1,KB_UNSAFE
"bubuk keturbar (0, Ketumbar Bubuk, Sirup gula invert (mengandung pengatur keasaman asam, tepung tapioka, tidak cocok untuk penderita Feniketonurik, ketan, air steril, Perisa Sintetik [Karamel.",safe,0,KB_SAFE
"Sintetik, alami santan, Lakotsa, Pengembang (Amonium Bikarbonat dan Natrium Bikarbonat) Perisa Alami, Pati Modifikasi, Pati Tapioka, bawang bombay, Dinatriun Guanilat).",safe,0,KB_SAFE
"irisan daun bawang, pengental xanthan, Semolina Jagung 36%), (Mengandung Antioksidan BHA), Kakao (5 5%).",safe,0,KB_SAFE
"Minyak Cabai, Gom Guar), Air minum berkualitas, Pemanis Buatan Sukralosa, Penguat rasa Dinatrium 5'-ribonukleotida, pati tapioka, kasein.",unsafe,1,KB_UNSAFE
"Penstabil Kalium Fosfat, Pengatur Keasaman Asam Sitrat, sirup gula, Gula Icing, Diproduksi menggunakan peralatan yang juga memproses Krustase, Rumput laut pilihan (47%), Makaroni.",safe,0,KB_SAFE
"asam asetat food grade, PENGEMBANG (NATRIUM & AMOMUM BIKARBONAT), Lemak Nabati (Mengandung Antioksidan BHA), PATI JAGUNG, bubuk beras, Kecap Inggris (Mengandung alkohol 0.",safe,0,KB_SAFE
