text,label_id,label
"gandum, Pengganti Lemak Kakao, DEKSTROSA, Antioksidan Natrium Eritorbat, B3 (Niasin).",1,unsafe
"Air murni, Saus Cabai (4, PERISA SINTETIK VANILA, 25%), 23%), Anti Kempal Siiikon Dioksida Halus, Ekstrak Anato CI, GULA PASIR.",0,safe
"Serealia 58% (Tepung Gandum Utuh
35%, Tepung Gandum 15%, Semolina Jagung, Tepung Beras), Gula, Ekstrak Malt (Barli), Kakao Bubuk 2,2%, 1 Mineral, Susu Skim Bubuk, Minyak
Nabati, Lemak Kakao 0,3%, Garam, Perisa Alami, Pengemulsi Lesitin Kedelai, Premiks Vitamin dan Mineral, Antioksidan Tokoferol Campuran Pekat. Mengandung alergen, lihat daftar
bahan yang dicetak tebal.
Dapat mengandung tree nuts.",1,unsafe
"Kalsium Karbonat, Lemak Nabati (mengandung Antioksidan Tokoferol Campuran Pekat), Bawang Bombay Bubuk 1, (mengandung Gula, Penguat rasa Dinatrium 5'ribonukleotida) Pewama Alami Beta Karoten (sayuran) CI No, dinatrium guanilat dan dinatrium inosinat).",0,safe
"Tepung dari umbi porang (48%), bubuk beras, air minum",0,safe
"09%)), pengatur keasaman (asam asetat dan laktat), pewarna sintetik Tartrazin CI No, pengawet alami kalium sorbat, TBHQ), terigu, garam gurih (5%) (mengandung penyedap MSG.",1,unsafe
"Makaroni, Racikan Bumbu Super Pedas Level 15 (Cabai bubuk, bawang merah goreng, garam, gula kastor, MSG, minyak nabati, bubuk bawang putih, bubuk bawang bombay, dinatrium 5'-inosinat, dinatrium 5'-guanilat, ekstrak khamir), Minyak tumbuhan. Peringatan: Memuat alergen, perhatikan bahan yang dicetak tebal. Diproduksi menggunakan alat yang juga mengolah: Susu, seledri, kacang kedelai, ikan, dan krustasea.",0,safe
"minyak sawit olein, umbi singkong (31, kasein, air murni.",1,unsafe
"perisa buatan, Kakao bubuk (6, Pati Jagung], Bebas dari pemanis buatan, Pengembang (Natrium Hidrogen Karbonat, beras berkualitas, Komposisi Saus Vla (25%): Gula, bubuk coklat pekat.",0,safe
"bubuk lada, sarden, bawang merah cincang, nata de coco segar (7.",1,unsafe
"jamur, Blackurrant, Glukosa, isomalto oligosakarida, Penguat Rasa Mononatrium Glutamat E621.",0,safe
"Pemanis Alami Steviol, penguat rasa mononatrium glutamat), Pati Termodifikasi, Kelapa Kering, minyak sayur (dengan TBHQ), Sari Buah Stroberi (1%), trinatrium sitrat).",0,safe
"dinatrium 5'-guanilat, gluten, 5%)), Jengkol, Oat, Pewarna Alami Karamel kelas, REMAHAN BISKUIT (MENGANDUNG PERISA SINTETIK (COKELAT).",1,unsafe
"79% (mengandung pewarna makanan sintetik Kuning FCF (CI 15985)), Pisang Bubuk (0, (mononatrium glutamat, Perisa Vanila, udang.",1,unsafe
"Teh hijau pilihan, beras goreng",0,safe
"Gula halus, sirup glukosa, pengatur keasaman (asam sitrat), ekstrak asam jawa (0,80%), garam laut, pewarna alami karamel IV, aroma buatan.",0,safe
"Antioksidan Askorbil Palmitat dan Tokoferol), var, Minyak Nabati Terhidrogenasi, teri, MINYAK NABATI (MENGANDUNG, PGPR).",1,unsafe
"sorbat, Pati tapioka, Sirup Tinggi Fruktosa, Kakao Bubuk 4%, ekstrak jeruk mandarin (4.",0,safe
"Potongan kentang, minyak kelapa sawit murni (dengan tokoferol sebagai antioksidan), dekstrosa",0,safe
"BERAS JEPANG (63.56%), MINYAK OLEIN KELAPA SAWIT, GULA, BUMBU RASA RUMPUT LAUT (3.673%) (MENGANDUNG BUTTERMILK, RUMPUT LAUT 1%, WHEY BUBUK, PEMANIS BUATAN ASPARTAM, PENGUAT RASA DINATRIUM INOSINAT dan DINATRIUM GUANILAT, PEWARNA ALAMI KARAMEL I), PATI KENTANG (MENGANDUNG PENGAWET SULFIT), PENGENTAL PATI ASETAT, KOSENTRAT SALMON DAN RUMPUT LAUT (MENGANDUNG IKAN, KECAP KEDELAI, UDANG, PEMANIS BUATAN ASPARTAM), GARAM YODIUM, RUMPUT LAUT (0.242%), GARAM GURIH, PERISA ALAMI PANGGANG, PENGUAT RASA MONONATRIUM L-GLUTAMAT, ANTIOKSIDAN TOKOFEROL CAMPURAN PEKAT. MENGANDUNG ALERGEN, LIHAT DAFTAR BARAN YANG
TEBAL MUNGKIN MENGANDUNG SUSU DAN GANDUM.",1,unsafe
"Kentang Kering (62,997%), Minyak Goreng Kelapa Sawit, pati Kentang, Pati Jagung, Gula, Garam, Perisa Alami Barbekiu, Penguat Rasa Mononatrium L-Glutamat, Anti Kempal Siiikon Dioksida Halus.",1,unsafe
"Olahan singkong (64,92%), tepung jagung halus, tepung maizena murni, minyak sawit, air bersih, zat pengemulsi",0,safe
"Ikan tenggiri segar, pati sagu, garam, minyak nabati murni",0,safe
"PENGEMBANG (NATRIUM HIDROGEN KARBONAT (500(ii))), Ubi kayu pilihan (63, Lakotsa, terigu, BHA), Laktosa.",1,unsafe
"Tepung beras (80%), bumbu bubuk (mengandung bubuk keju [7%], penguat rasa mononatrium L-glutamat [E621], dinatrium 5'-guanilat [E627] & dinatrium 5'-inosinat [E631], perisa alami), minyak nabati (mengandung antioksidan tokoferol campura pekat [E307b]). ",1,unsafe
"Tepung beras (91%), bumbu bubuk (mengandung kecap asin, laktosa, penguat rasa dinatrium 5'-guanilat [E627] & dinatrium 5'-Inosinat [E631]), minyak nabati (mengandung antioksidan tokoferol campuran pekat [E307b]). Mengandung alergen, lihat daftar bahan yang dicetak tebal. Mungkin mengandung susu, telur dan wijen.",1,unsafe
"Air. Susu Seger (20%), Gula, Susu Bubuk Skim, Susu Bubuk Penuh Lemak, Pati Modifikasi, Penstabil (Hewani Gelatin Sapi dan Nabati), Madu, Perisa Alami Yogurt, Premiks Vitamin, Kultur Bakteri (Lactobacillus Bulgaricus dan Streptococcus Thermophillus) (0.005%)",1,unsafe
"Beras (56, antioksidan vitamin C, Pengembang Pewarna Sintetik Makanan Coklat HT CI No, sagu murni, Pewarna Alami Karmin CI no.",0,safe
"bakteri asam lakfat, Garam (8, Pengembang Amonium Bikarbonat [E503ii], 19%).",0,safe
"saus tomat segar (45%), kepiting, 97%), seledri kering, Kakao Massa 4.",1,unsafe
"Perisa Sintetik Daging Sapi BBQ, Perisa Sintetik Ayam Goreng Perisa Sintetik Ayam, Sirup Jagung, Bumbu Rasa Ayam (Mengandung, Mengandung Fenilalanin, Minyak Goreng Kelapa Sawit, perisa alami paprika oleoresin.",0,safe
"Buah Stroberi Bubuk 0, Lemak Nabati (mengandung Antioksidan Tokoferol Campuran Pekat), pewarna alami (Beta-karoten (sintetik) CI No, Suksinat, LIHAT DAFTAR BAHAN YANG DICETAK, Bumbu Rasa Bawang Putih, Natrium Askorbat, tumbuhan).",0,safe
"Margarin (14%) (mengandung antioksidan (BHA, irisan bawang merah goreng, 78% (Mengandung cabe merah (28%), MINYAK NABATI (MENGANDUNG.",0,safe
"BUMBU BUBUK:, lihat bahan bercetak tebal, 75470), Oat Utuh (8%), Penguat Rasa Mononatrium Glutamat, 9%) (mengandung Antioksidan, Rempah.",0,safe
"Sup : Miso beras (59%) (air, kacang kedelai, beras, garam), air, alkohol, gula, hidrolisat, protein (kedelai), ekstrak ragi, garam, ekstrak bawang bombay, ekstrak kelp, bubuk ekstrak jamur shitake
Gamish : Tahu goreng kering (10%) (mengandung kacang kedelai, minyak kelapa sawit, pengatur keasaman kalsium sulfat dan glukono delta lakton, magnesium klorida), rumput laut wakame kering (7%), daun bawang kering (3%)",1,unsafe
"hazelnut, 49%), 9%)(Mengandung Cabai (40%), Kacang Hazel, perisa paprika natural, bawang putih halus (0, perisa jeruk mandarin sintetis.",1,unsafe
"Tenggiri segar giling, pati sagu murni, garam, minyak tumbuhan pilihan",0,safe
"Bumbu Pedas Level 15 (Serbuk cabai, pengatur pH (asam asetat dan asam laktat), Singkong segar (63, Kecap Fermentasi, krustasea.",1,unsafe
"Sintetik, alami santan, Lakotsa, Pengembang (Amonium Bikarbonat dan Natrium Bikarbonat) Perisa Alami, Pati Modifikasi, Pati Tapioka, bawang bombay, Dinatriun Guanilat).",0,safe
"KACANG HAZEL 28, apel), ANTIOKSIDAN TOKOFEROL CAMPURAN PEKAT, Bumbu Pedas Level 15 (Serbuk cabai, Gula Aren.",0,safe
"Tepung gandum, Lemak Nabati, Lemak Reroti, Gula (mengandung Pengawet sulfit), Fruktosa, Minyak Ketapa Sawit,
Maltosa, Garam, Mentega, Keju Bubuk (0,2%), Pengemulsi Lesitin Kedelai.",1,unsafe
"3% (GULA, beras kering, Minyak Atsiri Paprika, EDTA sebagai sekuestran, Pati jagung, Pati termodifikasi.",0,safe
"PENSTABIL FOSFAT, Humektan Nabati, serbuk jagung, minyak zaitun murni (4%), penguat rasa, Bumbu Rasa BBQ Balado (mengandung Rempah (Bubuk Cabe (0, lada bubuk, Lemak Nabati (mengandung Antioksidan TBHQ).",0,safe
"Air minum, susu, Brokoli ( 0, Bubuk Jelly, Serbuk cabai, SIRUP MALTOSA, merah allura CI 16035.",1,unsafe
"Lobak premium (60%), air steril, asam asetat food grade, garam, pengatur asam (asam sitrat, asam laktat), kalium sorbat, vitamin C, dekstrosa, natrium sulfat.",0,safe
"campuran rempah rahasia, Pati Jagung, 42090 (133)), PENGEMBANG: NATRIUM BIKARBONAT, Mengandung Gula dan Pemanis Buatan.",0,safe
"mentega, tepung dari beras putih, cumi-cumi, sari ragi), Sirup jagung, Perisa, jahe.",1,unsafe
"konsentrat sari buah anggur (2, mentega, Kakao Bubuk 4%, Wortel ( 1, Perisa sintetik, daun seledri kering.",1,unsafe
"Beras, minyak goreng sawit, kecap mengandung kedelai dan gandum), gula, madu, pati (kentang, jagung), isomalto oligosakarida, pati tapioka termodifikasi, kalsium tiram, penguat rasa mononatrium L-glutamat, bumbu (bawang bombay, bawang putih, kacang kedelai), kecap bubuk (mengandung kedelai dan gandum), pewama alami karamel I, paprika, garam, trehalosa Mengandung alergen, lihat daftar bahan
yang dicetak tebal Diproduksi menggunakan peralatan yang juga memproses telur, susu, udang, dan kacang",1,unsafe
"Penguat rasa mononatrium L-glutamat, pengawet alami kalium sorbat, Tepung Ketan, Pewarna Alami Karamel (1).",0,safe
"Kakao Bubuk 2, Perisa Alami Vanila, aroma jeruk mandarin artifisial, Tepung porang terbaik (48%).",0,safe
"Air, Cokelat Pelapis* 33%, Gula, Minyak Nabati, Padatan Susu 5.6%, Butiran Kacang Almond 4.1%, Sirup Glukosa, Pengemulsi Nabati, Penstabil Nabati, Perisa Alami Vanila, Pewarna Alami Beta Karoten (sayuran) CI. No. 75130 (Mengandung Antioksidan d-alfa Tokoferol dan Asam Askorbat). ",1,unsafe
"penyedap MSG, Pengembang (natrium nidrogen karbonat, emulsifier (fosfat dan nabati), Perlakuan tepung Protease dan Aspergillus oryzae, kalsium laktat, aroma jeruk mandarin buatan, lihat daftar bahan tebal, Ekstrak Anato CI.",0,safe
"Cuka (mengandung alkohol 0, Pati Modifikasi, Dinatrium Inosinat (E631)], susu.",1,unsafe
"lesitin kedelai, Pewarna Tartrazin CI, Lemak Reroti Nabati (Mengandung Antioksidan Askorbil Palmitat &TokoferoI), MSG sebagai penyedap.",1,unsafe
"pengatur keasaman (asam laktat, rapeseed), Pewarna makanan (Biru berlian CI 42090, Lemak Nabati (mengandung Antioksidan Tokoferol Campuran Pekat), perhatikan bahan yang dicetak tebal, Sirup Jagung Tinggi Fruktosa, Ekstrak Protein Sayuran, Vitamin B3.",0,safe
"Sarden pilihan (51%), pasta tomat (45%), gula, garam, siung bawang putih (0,7%), bawang merah segar",0,safe
"campuran rempah rahasia, Kuning, DAN PENGATUR KEASAMAN ASAM SITRAT, garam beryodium, Bumbu Rasa Ayam (Mengandung Penguat Rasa Mononatrium Glutamat), Penstabi Gom Arab (E414), zat pengemulsi, Perisa Alami Mangga.",0,safe
"Daging tenggiri pilihan, sagu halus, garam murni, minyak nabati berkualitas, cabai merah kering, irisan bawang merah",0,safe
"gula, minyak dari tumbuhan, Minyak Nabati Kelapa Sawit, Bubuk cokelat, lihat, bawang putih, Gula Merah, 25 % ).",0,safe
"Singkong segar (64,92%), tepung dari jagung, tepung maizena, minyak sawit, air murni, bahan pengemulsi",0,safe
"Air, gula dan sirup jagung tinggi fruktosa, polidekstrosa, konsentrat sari buah anggur (2.5%), konsentrat sari buah apel (2%), pengental (gom kacang lokus, gom xanthan, karagen, kalium klorida, kalsium laktat, glukosa), konsentrat sari buah persik (1%), pengatur keasaman (asam sitrat, trinatrium sitrat), kolagen ikan, perisa sintetik (anggur, persik, apel), bubuk konjak. ",1,unsafe
"Rolled Oats (78, Pewarna Makanon Alami Kurkumin CI No, saus sambal pedas (dengan penguat rasa MSG) (41%), jahe bubuk, daun bawang kering (3%), pengembang natrium karbonat, 4%).",0,safe
"Pemanis Alami Isomalt, penstabil (nabati, Lemak Reroti (Mengandung Antioksidan, Pewarna Alami (Beta-Karoten (sayuran) CI, susu, Singkong ungu pilihan.",1,unsafe
"Bl (Tiamin), PENGEMULSI: MONO DAN DIGLISERIDA ASAM LEMAK, bubuk coklat pekat, Singkong pilihan (63, telur bubuk.",1,unsafe
"pengembang amonium hidrogen karbonat, minyak dari tumbuhan, kalsium laktat), whey.",1,unsafe
"gula dan sirup jagung fruktosa tinggi, PENGATUR KEASAMAN, dan garam halus, lesitin kedelai, 40800, lihat daftar bahan, Sirup Glukosa.",1,unsafe
"Singkong iris pilihan, daun jeruk purut, garam beryodium, cabai bubuk, minyak goreng murni, bumbu rempah tradisional, bawang putih tumbuk.",0,safe
"Sarden segar (51%), saus tomat kental (45%), gula, garam, bawang putih bubuk (0,7%), bawang merah cincang",0,safe
"Kacang Pikan (15, Kakao Bubuk (6, Singkong terbaik (63, Dinatrium Inosinat & Guanilat, cabai rawit pedas (1%).",0,safe
"Bikarbonat), susu bubuk, Campuran Bumbu Pedas Tingkat 15 (Serbuk cabai, Pengatur Keasaman Natrium Sitrat, Minyak Goreng Kelapa Sawit (mengandung antioksidan TBHQ), campuran rasa soto (mengandung hidrolisat protein nabati, Minyak sayur.",1,unsafe
"susu bubuk, minyak olein dari buah sawit, cabai rawit, PEWARNA MAKANAN SINTETIK (MERAH ALLURA CI, Minyak.",1,unsafe
"Biji Bunga Matahari, pewarna alami karamel IV, MSG, pengatur asam (asam asetat dan asam laktat), 79% (mengandung pewarna makanan sintetik Kuning FCF (CI 15985)), pemanis asesulfam-K.",0,safe
"Minyak Sayur, sari jeruk mandarin (4, Premiks Vitamin, 28%), Singkong ungu pilihan, Bumbu Daging Sapi (Mengandung Penguat Rasa Moponatrium L-Glutamat).",0,safe
"Keripik singkong terbaik, daun jeruk bali, garam alami, cabai keriting, minyak goreng sehat, rempah pilihan, bawang putih kering.",0,safe
"Olahan udang, tepung dari sagu, garam halus, minyak sayur",0,safe
"Dektrosa Monohidrat, sesame, Gula Pasir, Moluska, Jagung (18.",1,unsafe
"TEPUNG TERIGU, GULA, LEMAK NABATI (MENGANDUNG ANTIOKSIDAN TOKOFEROL), SUSU BUBUK, MENTEGA, PENGEMBANG (AMONIUM BIKARBONAT
DAN NATRIUM BIKARBONAT), PERISA SINTETIK (SUSU, MENTEGA, VANILA), GARAM, PENGEMULSI NABATI.
Mengandung alergen, lihat daftar bahan yang dicetak tebal. Dapat mengandung telur, kedelai dan kacang.",1,unsafe
"Semolina, bumbu (terdiri dari gula, potongan bawang bombay, Air, Krispi Beras (2%).",0,safe
"Potongan singkong (64, Potongan singkong terpilih, kedelai, antioksidan tokoferol), sari buah asam (0.",1,unsafe
"Lobak segar (60%), air minum, asam cuka, garam laut, pengatur keasaman (asam sitrat, asam laktat), pengawet alami kalium sorbat, asam askorbat, gula glukosa, natrium sulfat.",0,safe
"Mengardung alergen, pengawet asam sorbat, Bl2), KAKAO BUBUK, telur.",1,unsafe
"penstabil monokalsium fosfat, PENGUAT RASA DINATRIUM INOSINAT dan DINATRIUM GUANILAT, Asam Laktat), whey, Saus Cabai (4.",1,unsafe
"2%}, 45%), sarden, Saus Cabai (4.",1,unsafe
"Perisa Sintetik Rumput Laut 2, asam asetat), Krimer Nabati Bubuk, 45430, Ekstrak Daging Sapi (0, Natrium Karbonat), tepung yang dimodifikasi (enzim protease dan amilase).",0,safe
"Penguat Rasa [Dinatrium 5'-Inosinat (E631), 02%), bubuk jagung, almond, Bumbu Rasa Jagung (3.",1,unsafe
"tepung dari jagung, garam (1%), Perisa Sintetik Kelapa, Serat Pangan, Kakao Bubuk (7, tepung maizena murni, Antioksidan Tokoferol Campuan Pekat dan BHT), maltodekstrin.",0,safe
"Irisan singkong berkualitas, daun jeruk segar, garam dapur, cabai kering, minyak sayur, bumbu rempah, siung bawang putih.",0,safe
"crustacea, SELAI CERY 1% (MENGANDUNG PEWARNA ALAMI ANTOSIANIN DAN PENGAWET KALIUM SORBAT), jus jeruk mandarin segar (4, Kakao, Bawang Bombay Bubuk 1.",1,unsafe
"Bawang Putih Bubuk (mengandung Kacang Tanah), Racang Pohon, bawang bombay cincang, Pewarna Alami Beta Karoten (Sayuran) CI, Minyak Nabati (mengandung antioksidan tokoferol dan pewarna alami Beta-Karoten (sayuran) CI, pengembang natrium karbonat.",0,safe
"Mi: Tepung terigu, tepung mocaf (1.81%), garam, saripati bayam
(0.04%), pewama alami klorofilin tembaga kompleks CI. No.
75815, penstabil nabati gum arab, pengembang natrium karbonat
Bumbu: Gula, garam, daging sapi bubuk, ekstrak ragi, penstabil
kalium klorida, maltodekstrin, bubuk bawang putih (0.28%),
bubuk bawang bombai (0.21%), bubuk keturbar (0.14%), Perisa
alami santan
Bubuk Cabai: Bubuk cabai (0.62%)
Minyak Rendang: Minyak nabati, bawang merah (0.5%), daun
salam, ketumbar, perisa alami paprika oleoresin, jinten, kunyit
(0.06%)
Kecap Manis: Gula, air, garam, kedelai hitam",1,unsafe
"Pengawet (Kalium Sorbat, Teh Hiiau Bubuk (0, Pisang Bubuk (0, zat pengemulsi (fosfat.",0,safe
"Lakotsa, PENGUAT RASA DINATRIUM INOSINAT dan DINATRIUM GUANILAT, perhatikan daftar bahan bercetak tebal, campuran rempah, Ekstrak daging kelapa terbaik (50%), gandum, Humektan Nabati.",1,unsafe
"bawang putih parut, crustacea, Madu (3%), Pelapis Perisa Sintetik.",1,unsafe
"bawang putih cincang (0, 9%)(Mengandung Cabai (40%), kasein, Campuran Bumbu Pedas Level 15 (Bubuk cabai, Cokelat dan Vanila, serbuk jagung, tepung tapioka.",1,unsafe
"TEH HIJAU BUBUK (2%), Protein Nabati (KedeIai), Kentang yang dikeringkan, PENGATUR KEASAMAN ASAM TARTRAT, Pewarna Alami Karamel kelas.",0,safe
"kacang-kacangan, Kacang Tanah (45, Saus Stroberi 16% (Mengandung Kalium Sorbat), 68%), Madu Bubuk (0, Penstabil Natrium Tripolifosfat.",0,safe
"557%), ibu hamil dan ibu menyususi, Lemak Reroti Nabati (Mengandung Antioksidan Askorbil Palmitat &TokoferoI), Gula halus.",0,safe
"Kcang Tanah, Tepung Terigu, Minyak Nabati, Pati Tapioka, Gula, Telur, Garam, Bawang Merah, Bawang Putih, Penguat Rasa Mononatrium Glutamat, Lada Putih Bubuk.",1,unsafe
"B12), Glutamat, Minyak Rendang: Minyak nabati, REMPAH-REMPAH, Margarin (Mengandung Antioksidan BHA dan Pewama Alami Beta Karoten CI, Ragi, Kecap Inggris (Mengandung alkohol 0.",0,safe
"sari jeruk mandarin (4, Hidrolisat Protein Nabati, Daun Bawang ( 1, minyak dari buah sawit (dengan antioksidan tokoferol).",0,safe
"Tepung Mocaf, Cokelat Compound Hitam Chips (16%, mengandung Susu Bubuk), Margarin (Mengandung Antioxidant BHA), Pewarna Beta Carotene (sintetik CI 40800), Putih Telur, Tepung Beras, Oat Utuh (8%), Polidekstrosa, Kacang Almond (4%), Cokelat Bubuk (2%), Inufin, Tepung Kelapa, Gula Halus, Pengemulsi Nabati, Perisa Vanila, Pengembang (Amonium Bikarbonat dan Natrium Bikarbonat), Pemanis Alami Steviol, Garam. Mengandung alergen, lihat komposisi yang dicetak tebal",1,unsafe
"Bubuk Cabai: Bubuk cabai (0, minyak nabati (dengan antioksidan TBHQ), Sirup Fruktosa, bawang merah cincang.",0,safe
"pewarna alami karamel IV, Magnesium Karbonat, umbi singkong (31, Pewarna Alami Kurkumin CI, LEMAK KAKAO, tepung gandum, penguat rasa (Dinatrium 5'-Inosinat dan Dinatrium 5'-Guanilat).",1,unsafe
"telur bubuk, perhatikan daftar bahan bercetak tebal, Minyak Rendang: Minyak nabati, BUMBU : Gula, kacang-kacangan, rempah-rempah pilihan.",1,unsafe
"jinten, antioksidan vitamin C, 3% (GULA, B6 (Piridoksin), biji wijen.",1,unsafe
"Pisang Bubuk (0, VITAMIN B3, tepung tapioka, kedelai.",1,unsafe
"Kentang berkualitas, 35%, pewarna alami (Beta-karoten (sintetik) CI No, garam laut (1%), susu bubuk, Anti Kempal.",1,unsafe
"8 %, kasein, Campuran Bumbu Pedas Tingkat 15 (Serbuk cabai, Penguat Rasa Mononatrium Glutamat, tepung konyaku, Pati Kentang (59.",1,unsafe
"Pewarna Alami Beta Karoten CI 40800 (mengandung Antioksidan Tokoferol), penguat, tepung jagung, VITAMIN B2, Margarin (Mengandung Antioksidan Alfatokoferol, 75130 (160a(ii).",0,safe
"Kentang yang dikeringkan, 75300, ikan, Penguat Rasa Mononatrium Glutamat (E621), Bubuk Ketumbar (0, KECAP MANIS : Gula.",1,unsafe
"Bumbu: Garam, jamur, Cokelat Bubuk (0, wijen.",1,unsafe
"minyak sayur (mengandung TBHQ), Dekstrosa Monohidrat, tepung terigu, natrium benzoat sebagai bahan pengawet, Tapioka), gula murni.",1,unsafe
"Gula, Tepung Terigu, Maltodekstrin, Lemak Nabati (Mengandung Antioksidan BHA), Minyak Nabati (Mengandung Antioksidan TBHQ), Remahan Kukis (Mengandung Terigu, Susu & Telur) (10%), Krimer (Mengandung Kasein), Kakao Bubuk (4.7%), Kalsium Karbonat, Krispi Beras (2%), Susu Bubuk Full Cream, Pengemulsi Lesitin Kedelai, Garam, Perisa Sintetik, Pengembang, Pasta Kacang Hazelnut (0.04%), Tepung Telur, Pewarna Alami Karamel Kelas IV.
Mengandung alergen, Iihat daftar bahan yang dicetak tebal.",1,unsafe
"PENSTABIL (PATI OKSIDASI, pengatur asam (asam sitrat, minyak biji sawi, Cabe cheongyang), pewarna buatan (tartrazin CI 19140.",0,safe
"Ubi kayu (64, Sahang, Cokelat Compound Hitam Chips (16%, garam laut (0, sirup glukosa, Beras berkualitas tinggi (85, Pasta, Penstabil Dinatrium Difosfat.",0,safe
"Bumbu-bumbu, PENGAWET (KALIUM SORBAT DAN NATRIUM PROPIONAT), Pengganti Lemak Kakao, Pengemulsi Nabati (Lesitin, Dinatriun Guanilat).",0,safe
"Tepung terigu, Air, Bumbu Rasa Barbekue 11.18% (Mengandung Penguat Rasa (Mononatrium Glutamat, Dinatrium
Ribonukleotida), Ekstrak daging sapi 1%, Bawang Bombay Bubuk 1.5%, Bawang Putih Bubuk 0.8%, Kedelai, Pewarna Sintetik Kuning FCF CI No. 15985), Minyak goreng kelapa sawit (mengandung antioksidan TBHQ), Margarin (mengandung pengawet Kalium sorbat, pewarna alami (Beta-karoten (sintetik) CI No. 40800, Ekstrak anato CI. No. 75120, Kurkumin CI. No. 75300), antioksidan (BHA dan BHT), Garam.
Mengandung alergen, lihat daftar bahan yang dicetak tebal.",1,unsafe
"KUE BERAS: Beras, Garan Pengatur Keasaman Asam Sitrat.
SAUS: Air, Gula (mengandung pengawet sulfit), Sirup Jagung Tinggi Fruktosa, Bumbu (mengandung penguat rasa (Mononatrium Glutamat, Dinatrium Inosinat, Dinatrium Guanilat), Antioksidan Tokoferol), Cabe, Bawang Putih, Pengental Hidroksipropil Dipati Fosfat, Bawang Bombai, Hidrolisat Protein Nabati (Kedelai), Pasta Tomat, Pengental Gom Xanthan, Perisa Alami, Perisa Sintetik (mengandung antioksidan tokoferol), Pengatur Keasaman Asam Sitrat, Pengatur Keasaman Asam Laktat, Pengawet Kalium Sorbat. Mengandung alergen, lihat daftar bahan yang
dicetak tebal. TABURAN: Biji Wijen (1,49%).",1,unsafe
"Gula kristal, sirup glukosa, pengatur keasaman (asam sitrat), ekstrak asam jawa (0,80%), garam halus, pewarna makanan alami karamel IV, perisa buatan.",0,safe
"MINYAK NABATI (MENGANDUNG MINYAK INTI KELAPA SAWIT TERHIDROGENASI, tepung sagu, kacang mede, dinatrium 5'-guanilat, 997%), Gula.",1,unsafe
"Dinatrium 5'-inosinate, telur, gula tebu, Tanpa, Brokoli ( 0.",1,unsafe
"Gula kristal, Pengatur Keasaman Asam Malat, Pewarna Alami Merah Bit, Bubuk Kecap, Minyak Triglsenda, DAN PEWARNA SINTETIK TARTRAZIN CI NO, perisa buatan (stroberi.",0,safe
"whey, Gula pasir, 48%, Pengembang Amonium Hidrogen Karbonat.",1,unsafe
"Filet ikan tenggiri, tepung dari sagu, garam halus, minyak sayur",0,safe
"Filet ikan tenggiri, sagu murni, garam beryodium, minyak nabati, cabai merah bubuk, bawang merah goreng",0,safe
"Susu skim rehidrasi (56%), keju (21%), mentega, protein susu, garam pengemulsi: natrium polifosfat (E452i); konsentrat kalsium susu, konsentrat mineral susu, konsentrat susu (mengandung asam laktat). Mengardung alergen, lihat daftar bahan yang dicetak tebal.",1,unsafe
"Air murni, gula kristal (19,5%), potongan nata de coco (7,14%), jeli bubuk, pengatur pH (asam sitrat), perisa sintetik (stroberi, leci, melon), tepung konjak, pewarna sintetis (tartrazin CI 19140, merah allura CI 16035, biru berlian FCF CI 42090). Bebas dari pengawet dan pemanis buatan. Diproduksi dengan alat yang juga digunakan untuk produk susu.",0,safe
"Ubi kayu ungu segar, minyak nabati sehat, garam alami, gula putih murni",0,safe
"daging sapi bubuk, Mengandung pemanis buatan, garam dapur, PATI KENTANG 1, 45%), Oat Utuh (8%).",0,safe
"gula dan sirup jagung kaya fruktosa, pure tomat (45%), Premiks Vitamin & Mineral, Semolina Jagung), Air, pengatur keasaman (asam asetat dan laktat).",0,safe
"Pewarna Alami (Beta-Karoten (sayuran) CI, MINYAK INTI KELAPA SAWIT TERFRAKSI), Jahe bubuk, minyak sayur, Penstabil Gliserin, tepung terigu, konsentrat sari buah apel (2%).",1,unsafe
"Gula, Tepung Tapioka, Tepung Terigu, Minyak Olein Kelapa Sawit, Lemak Susu, Kakao Bubuk, Sirup Glukosa, Susu Bubuk Full Cream, Tepung Ubi Jalar, Pengembang Natrium Hidrogen Karbonat, Penstabil Dinatrium Difosfat, Garam, Pengemulsi Lesitin Kedelai, Perisa Sintetik (mengandung Pewarna Alami Karamel l), Perisa Sintetik (mengandung pewarna
Alami Karamel l), Bumbu Rasa Cokelat (mengandung Gula, Cokelat Bubuk (0,005%), susu Bubuk), Mengandung alergen, lihat daftar bahan yang
dicetak tebal",1,unsafe
"pengental xanthan, kepiting, Penstabil (Nabati), RAGI.",1,unsafe
"asam asetat food grade, 002%), pengental gom xanthan, karagenan, Pengembang (Amonium Bikarbonat dan Natrium Bikarbonat) Perisa Alami, pengental xanthan gum.",0,safe
"Beras berkualitas tinggi (85,79%), pati singkong, maltodekstrin, garam, gula pasir, penyedap MSG, aroma ayam buatan, minyak sayur (mengandung TBHQ), irisan daun bawang kering, bawang putih bubuk, merica bubuk, vitamin (A dengan tokoferol, B1, B2, B6, B12).",0,safe
"38%, aroma ayam artifisial, Lihat daftar bahan yang dicetak tebal, pati sagu murni, garam halus, Tanpa bahan pengawet dan pemanis artifisial, Bifidobacterium, Serat rebung.",0,safe
"Daging tenggiri pilihan, pengatur pH (asam sitrat, Margarin (Minyak Kelapa Sawit, Trinatrium Sitrat, Kentang Kering (62, 58%), kasein.",1,unsafe
"tepung beras halus, Penstabil (Gelatin sapi), garam beraroma (5%) (dengan penyedap MSG, Catatan: Berisi alergen, Penstabil Natrium Tripolifosfat, penyedap MSG.",0,safe
"margarin (mengandung pewarna alami Beta karoten (sayuran) CI No 75130), Penguat Rasa (Natrium Inosinat, TEH HIJAU BUBUK (2%), PENGEMBANG (AMONIUM BIKARBONAT.",0,safe
"dekstrosa, Pati Kentang, pengembang amonium hidrogen karbonat, saus tomat murni (45%), Minyak nabati, Lobak kering, tepung beras putih halus.",0,safe
"Sari minyak kedelai (mengandung antioksidan askorbil palmitat), air murni, kuning telur segar, gula (dengan pengawet sulfit), garam, pengatur keasaman (asam asetat dan laktat), MSG, pengental xanthan, minyak mustard, EDTA kalsium dinatrium, ekstrak paprika alami.",0,safe
"Tepung beras (80%), GOM XANTHAN, seledri kering, PENGATUR KEASAMAN, kaldu nabati, wijen, Pengawet Natrium Nitrit.",1,unsafe
"bubuk cokelat, irisan daun bawang, Cokelat HT Cl 20285), Lemak Reroti (Mengandung Antioksidan BHA), aroma sintetis, perisa alami paprika, susu.",1,unsafe
"Natrium Askorbat, pewama alami klorofilin tembaga kompleks CI, hazelnut, minyak nabati non-hidrogenasi (kelapa sawit.",1,unsafe
"dinatrium guanilat dan dinatrium inosinat), Alga laut (47%), Pasta Cokelat (mengandung Minyak Kelapa Sawit, tepung jagung halus, Antioksidan Natrium Askorbat.",0,safe
"Filet ikan tuna (70%), air minum, kaldu nabati, garam laut (0,7%), MSG sebagai penyedap",0,safe
"Pengatur Keasaman Natrium Sitrat, BUMBU BUBUK:, salmon, Jengkol, bahan pengawet natrium benzoat.",1,unsafe
"garam alami, Minyak Atsiri Paprika, Perisa Alami Mangga, Pewarna makanan sintetik kuning FCF CI 15985, B12.",0,safe
"Penguat Rasa (mengandung Mononatrium Glutamat, bumbu (terdiri dari gula, Pewarna sintetik (Ponceau 4R CI No, Kentang pilihan, Pengembang Natrium hidrogen karbonat, leci, 1% (Mengandung Maltodekstrin, Merica Putih Bubuk.",0,safe
"Minyak kanola, Kacang Hazel (6, serbuk coklat, Pengatur Keasaman Asam Laktat, beras goreng crispy, merah allura CI 16035, kepiting.",1,unsafe
"Merah Bit, TARTRAZlN CI, Ekstrak Protein Nabati, Ekstrak Annato CI 75120), sekuestran EDTA, Biji Bunga Matahari (88.",0,safe
"gluten, Tokoferol), saus tomat kental (45%), Ubi kayu berkualitas (63, Kentang segar, margarin oles (mengandung pengawet kalium sorbat.",1,unsafe
"telur, Ragi (mengandung antioksidan asam askorbat), Pewarna Alami (Beta-Karoten (sayuran) CI, Steviol [E960], bubuk cabai, rumput laut wakame kering (7%).",1,unsafe
"perisa soto (dengan hidrolisat protein nabati, tepung singkong, Lemak Reroti(mengandung antioksidan TBHQ), Kakao Bubuk 3.",0,safe
"Daging Iga Sapi (62, salmon, kaldu tumbuhan, minyak sawit (mengandung antioksidan tokoferol), Bubuk Ketumbar (0, Minyak Olein Kelapa Sawit, serbuk ayam.",1,unsafe
"395%), pengawet asam sorbat, Paprika (0, dan garam dapur, Laktosa, Singkong segar (63, Ilhat daftar bahan yang dicetak tebal, 19140.",0,safe
"bawang merah potong, Perisa Identik Alami Lemon (Mengandung Antioksidan BHT), MINYAK NABATI, Beras (56, pati ubi kayu, lihat komposisi, gula kristal (19.",0,safe
"Penstabil (Hewani Gelatin Sapi dan Nabati), Bumbu (Mengandung Penguat Rasa Dinatrium Inosinat, seledri, 75130 (Mengandung Antioksidan d-alfa Tokoferol dan Asam Askorbat), Pemanis Alami Steviol, Asam Folat), krimer nabati.",0,safe
"KAKAO BUBUK(2%), kalium sorbat, Acar sawi, daging sapi bubuk, PERISA: SINTETIK VANILLA), ANTIKEMPAL SILIKON DIOKSIDA, Palmitat dan Tokoferol, Singkong pilihan (63.",0,safe
"Mi bihun: Pati jagung, bumbu (mengandung laktosa, lihat daftar, lihat bahan bercetak tebal, wijen, jus jeruk mandarin segar (4, 72%).",1,unsafe
"Pasta Kacang Hazel, biji wijen, perisa paprika, Air minum, BUMBU RASA AYAM.",1,unsafe
"BUMBU BUBUK:, MINYAK NABATI (MENGANDUNG, Palmitat, BHT, Kakao Bubuk 0, bawang merah cincang, bawang merah goreng, Sayuran Bubuk.",0,safe
"Beras berkualitas (85,79%), tepung tapioka, maltodekstrin, garam, gula, penyedap rasa MSG, aroma ayam sintetis, minyak nabati (mengandung antioksidan TBHQ), potongan daun bawang, bubuk bawang putih, lada bubuk, vitamin (A dengan tokoferol, B1, B2, B6, B12).",0,safe
"Madu (0, (Vitamin (A, Cokelat Bubuk 6, natrium benzoat untuk pengawet, Bubuk Daging Ayam {2%}, Potongan singkong terpilih.",0,safe
"Ubi kayu (63,5%), minyak sawit olein, campuran bumbu (berisi gula, MSG, serbuk bawang putih, serbuk bawang bombay, dinatrium guanilat dan dinatrium inosinat), garam (0,63%).",0,safe
"Biji Bunga Matahari (88.45%), Garam,
Rempah, Perisa Sintotik, Susu Bubuk (0.04%)
Informasi Alergen : Mengandung Alergen, lihat daftar bahan yang dicetak tebal",1,unsafe
"Margarin (mengandung pengawet Kalium sorbat, Pewarna Makanan Sintetik (Tartrazin CI 19140, RUMPUT LAUT (0, Mi bihun: Pati jagung.",0,safe
"Semolina Jagung, LEMAK REROTI (MENGANDUNG ANTIOKSIDAN (TOKOFEROL CAMPURAN PEKAT(307b))), sari ragi), ekstrak ragi, pengawet kalium sorbat, Pati Termodifikasi, Steviol [E960], laktosa.",0,safe
"64%), (mengandung Gula, Dinatrium, Keping Jagung (2, rumput laut (1%), Dinatrium Inosinat (E631)], garam laut, Biru Berlian FCF CI No.",0,safe
"Biscuit (38%) (Mengandung Tepung Terigu, Pengembang Natrium Hidrogen Karbonat), Air, Gula (Mengandung Pengawel Sulfit), Padatan Susu (Susu Bubuk Skim, Susu Bubuk Full Krim), Minyak Nabati, Mentega, Sirup Jagung Tinggi Fruktosa, Penstabil (Nabati), Pengemulsi (Nabati), Perisa Sintetik, Pewarna Sintetik (Tartrazin CI No.19140).
Peringatan Alergen : Mengandung Alergen, Lihat Daftar Bahan Yang Dicetak Tebal",1,unsafe
"Telur (35%), Gula (17%), Lemak Reroti Nabati (mengandung Antioksidan Askorbil Palmitat dan Tokoferol). Tepung Terigu (16.99%), Cokelat Compoung Butir (8.01%), Minyak Mentega (6%).",1,unsafe
"18%), Cengkeh (1%), dan kacang, perisa paprika, Lemak Reroti (mengandung antioksidan tokoferol), gula pasir berkualitas, pewarna Beta - Karoten (sayuran) CI.",0,safe
"DAN NATRIUM BIKARBONAT), 16%), Karagenan (5%), VITAMIN B2, dan kacang pohon, telur, Pati tapioka.",1,unsafe
"BUMBU : Gula, dinatrium 5'-guanilat [E627] & dinatrium 5'-inosinat [E631], 75300), Pengemulsi, Pemanis Alami Glikosida steviol), gula glukosa, Menangdung pemanis buatan, Perisa Alami Barbekiu.",0,safe
"Sirup Gula Invert, Daglng Ayam (56%), Bumbu Ayam Teriyaki ({6, Minyak Kelapa, garam berbumbu (5%) (berisi penguat rasa MSG, Bumbu Rasa Bawang 5, Pewama Alami Karamel Kelas IV, saus sambal (mengandung MSG) (41%).",0,safe
"Sari buah kelapa (50%), air minum, gula, aroma sintetis cocopandan, pengatur keasaman (asam sitrat), natrium benzoat sebagai pengawet, madu alami (0,01%). Tanpa pemanis buatan.",0,safe
"NATRIUM KARBOKSIMETIL SELULOSA, Jintan Bubuk, Penguat Rasa Mononatrium Glutamat dan Dinatrium 5'-Ribonukleotida), kedelai.",1,unsafe
"bawang merah segar, Sirup fruktosa, Bawang Bombai, Beras berkualitas (85, tepung dari beras, Antioksidan Askorbil Palmitat dan Tokoferol, Natrium Bikarbonat), Minyak Goreng Kelapa Sawit (mengandung antioksidan TBHQ).",0,safe
"tepung dari beras, terigu, Pati Termodifikasi Asam, Minyak goreng kelapa sawit (mengandung antioksidan TBHQ), garam spesial (5%) (dengan penyedap rasa MSG.",1,unsafe
"Umbi kentang, susu bubuk, GARAM GURIH, 97%), Perisa Alami Cokelat.",1,unsafe
"Dinatrium Inosinat (E631)], penyedap mononatrium glutamat, rapeseed), Premiks Vitamin.",0,safe
"minyak zaitun murni (4%), Bubuk jagung premium (65, Pemanis Alami Glikosida, Pewama Alami Betakaroten CI 75130, Pengental Pektin, MINYAK NABATI (MENGANDUNG, Lemak Reroti (mengandung antioksidan tokoferol).",0,safe
"395%), perisa cocopandan buatan, kasein, 75130, sari buah asam (0.",1,unsafe
"Lobak segar (60%), air minum, asam asetat, garam dapur, pengatur asam (asam sitrat, asam laktat), kalium sorbat, asam askorbat, gula glukosa, natrium sulfat.",0,safe
"Daging Ayam (50%), lesitin kedelai, serbuk jagung pilihan, Singkong ungu terpilih, Pengatur Keasaman (Asam Sitrat).",1,unsafe
"tepung dari sagu, pati dari jagung, susu, Air steril, Pewarna alami Karamel I, Pelapis Cokelat Putih* 33.",1,unsafe
"saus cabai merah (dengan penguat rasa MSG) (41%), telur, Dinatrium, Perisa Sintetik (mengandung Antioksidan Tokoferol), pati jagung.",1,unsafe
"merica bubuk, Nisin, irisan bawang merah, Penguat Rasa Mononatrium Glutamat dan Dinatrium Ribonukleotida).",0,safe
"Tepung Beras, Tepung Terigu, Tepung Tapioka, Gula, Pati Termodifikasi, Garam, Pengembang (Natrium Hidrogen Karbonat, Dinatrium Difosfat), Perisa Sintetik, Penstabil Nabati.",1,unsafe
"susu, vitamin (A dengan tokoferol, nabati), Kakao (5 5%).",1,unsafe
"bubuk bawang putih, Butiran Biskuit Vanila 4, Kalsium Karbonat, kepiting, 32%}, perisa cocopandan sintetik.",1,unsafe
"sari asam jawa (0, bubuk coklat premium, BERAS JEPANG 43, DAN PEWARNA SINTETIK TARTRAZIN CI NO, 14%), Pati Kentang (72, Kurkumin CI, PENSTABIL: GOM KACANG LOKUS.",0,safe
"Tepung Terigu, Gula (Mengandung Pengawet Sulfit), Margarin (Mengandung Antioksidan Alfatokoferol, Askorbil Pamitat, Asam askorbat BHA & TBHQ Pewama Alami Betakaroten CI 75130, Kurkumin CI 75300, dan Ekstrak Annato CI 75120), Telur, Air, Rempah (1,2%), Pengembang (Amonium Hidrogen Karbonat, Natrium Hidrogen Karbonat), Garam, Pengemulsi (Dinatrium Difosfat), Perisa Sintetik Lemon, Pewarna Alami Karamel III (Mengandung Pengawet Sulfit)",1,unsafe
"Kecap Inggris (Mengandung alkohol 0, Ekstrak, Biji Bunga Matahari, Margarin (Mengandung Antioksidan Alfatokoferol, tepung gandum, sari ragi), Gula (19%).",1,unsafe
"Pati Kentang (30.8%), Tapioka, Tepung Terigu, Lemak Reroti (Mengandung Antioksidan Askorbil Palmitat dan
Tokoferol), Gula, Garam, Pewarna Alami Karamel Kelas III.",1,unsafe
"pengembang (natrium hidrogen karbonat (INS500ii)), Bumbu Rasa Cokelat (mengandung Gula, Jagung berkualitas, minyak biji sawi, MINYAK NABATI, telur.",1,unsafe
"lemak kakao, bahan pengemulsi (fosfat dan nabati), Rempah (1, krustasea, Serbuk cabai, glukosa cair.",1,unsafe
"kapulaga bubuk, tepung singkong, Pewarna Beta Carotene (sintetik CI 40800), Beras pilihan (85, Sirup jagung, pengatur keasaman (asam laktat, Air minum.",0,safe
"kacang almond, Ekstrak Ragi, antioksidan tokoferol campuran pekat, garam (0.",1,unsafe
"Bihun: Pati jagung pilihan, B12), 19140 (102), Cokelat Paduan, kedelai.",1,unsafe
"VITAMIN Bl, 75120, penguat rasa mononatrium glutamat, garam murni, Alanin), air mineral.",0,safe
"Pati, Singkong ungu terpilih, tepung ubi kayu, Perisa, BUMBU MINYAK: MINYAK NABATI, Minyak goreng kelapa sawit (mengandung antioksidan TBHQ).",0,safe
"Air, Garam, Gula, Kacang Kedelai (8%), Tepung Gandum, Penguat Rasa (Dinatrium 5'-Inosinat, Dinatrium 5'-Guanylat), Pengawet (Natrium Benzoate).",1,unsafe
"Tepung porang terbaik (48%), bubuk beras pilihan, air murni",0,safe
"HIDROLISAT PROTEIN NABATI (MENGANDUNG PEWARNA KARAMEL IV), Rempah-Rempah, Selulosa Bubuk (E460)], 395%), Tanpa pengawet dan pemanis artifisial, ASAM FOLAT), PERISA ALAMI KENTANG PANGGANG, antioksidan TBHQ.",0,safe
"8% (Mengandung Rumput Laut (0, sari buah jeruk mandarin (4, aroma jeruk mandarin buatan, perisa ayam sintetis, Lemak Reroti (Mengandung Antioksidan BHA), Teh hijau sencha, Kurkumin CI.",0,safe
"pewarna Beta - Karoten (sayuran) CI, Antioksidan Natrium Eritorbat, minyak dari buah sawit (dengan antioksidan tokoferol), cabai merah giling, acidophilus, Lemak Reroti(mengandung antioksidan TBHQ).",0,safe
"Jagung berkualitas, Peringatan: Berisi alergen, almond, Ekstrak Ragi.",1,unsafe
"Bumbu Frankfurter, Bumbu Rasa Bawang Putih, Cokelat Bubuk (2%), madu murni (0, biru berlian FCF CI 42090), garam spesial (5%) (dengan penyedap rasa MSG, Tepung Beras.",0,safe
"Gula kristal, ekstrak asam jawa (0, Pengembang (Amonium Bikarbonat dan Natrium Bikarbonat), Protein Nabati Terhidrolisis), Sirup Jagung Tinggi Fruktosa, asam askorbat), Minyak Nabati (mengandung antioksidan BHT).",0,safe
"Ekstrak Bawang Putih, Singkong iris pilihan, PENGEMBANG: NATRIUM BIKARBONAT, whey, madu (0.",1,unsafe
"Campuran, saus cabai (dengan penyedap MSG) (41%), glukosa cair, Tepung Natrium steoroil-2-laktolat.",0,safe
"REMAHAN BISKUIT (MENGANDUNG PERISA SINTETIK (COKELAT), air mineral, Penguat Rasa (Mononatrium Glutamat dan Dinatrium Ribonukleotida), telur, Natrium Karbonat).",1,unsafe
"Dekstrin, lihat daftar bahan yang dicetak tebal"", Pewama Alami Betakaroten CI 75130, Kacang Hazel, pewarna alami beta-karoten (sintetik) CI.",0,safe
"Ekstrak Bawang Putih, Bl2), Penstabil fosfat, Penguat Rasa Mononatrium Glutamat (MSG), Alpukat (1, ekstrak ragi).",0,safe
"Kakao Bubuk 2, Inufin, coklat cair pekat, minyak nabati murni, antioksidan (BHA dan BHT), singkong segar (31, penguat rasa mononatrium L glutamat.",0,safe
"bahan yang dicetak tebal, ASAM FOLAT), Kacang Pikan (15, Pati Termodifikasi Asam.",0,safe
"Bubuk porang (48%), tepung dari beras, air bersih",0,safe
"Pengental karagen, Tepung Kelapa, Gula (19%), Kacang Tanah (45, Pati Kentang, 99%), cabai merah, Kakao Bubuk 6.",0,safe
"Air bersih, dan Penguat Rasa Mononatrium Glutamat E621, Penguat Rasa, lemak Kakao).",0,safe
"18%), mentega, MINYAK NABATI (MENGANDUNG, Asam askorbat BHA & TBHQ, Pengental Hidroksipropil Dipati Fosfat.",1,unsafe
"TBHQ), Selongsong Sosis, Penstabil Natrium Karbonat, Minyak bumbu: Minyak tumbuhan.",0,safe
"Pengembang (Amonium Hidrogen Karbonat, Krimer, Bumbu Rasa BBQ Balado (mengandung Rempah (Bubuk Cabe (0, PENGATUR KEASAMAN (ASAM SITRAT (330).",0,safe
"52%), sorbat, kedelai, Bumbu 2% (Mengandung Cabe 2%).",1,unsafe
"tepung beras putih halus, Tartrazin CI No, disarankan tidak dikonsunsi oleh anak di bawah 5 (lima) tahun, Bumbu Frankfurter 1, perisa paprika natural, pewama alami karamel I, Glukosa.",0,safe
"Ubi ungu terbaik, minyak kelapa sawit, garam murni, gula pasir berkualitas",0,safe
Daun teh hijau,0,safe
"serbuk bawang putih, susu, Bihun: Pati jagung pilihan, BUMBU: Daging ayam (15%), pengental gom xanthan.",1,unsafe
"Pasta Cokelat (mengandung Minyak Kelapa Sawit, Kakao Bubuk (3.5%), Pasta Kacang Hazel, Kakao Massa (2%), Ekstrak Malt, Perisa Sintetik, Pengemulsi Nabati, Pemanis Alami Glikosida Steviol), Tepung Terigul, Gula, Beras, Kakao Bubuk (2.2%), Garam, Pengembang Pewarna Sintetik Makanan Coklat HT CI No. 20285. Mengandung Antioksidan (TBHQ dan Alfa Tokoferol) dan Pewama Alami Karamel III. 
Mengandung alergen: Susu, Kedelai, Kacang Hazel, Gluten.
Dvoduksi menggunakan peralatan yang juga memproses Telur, Ikan, Krustasea dan Sulfit.",1,unsafe
"penguat rasa (dinatrium 5'-guanilat [E627] & dinatrium 5'-Inosinat [E631]), mengandung Antioksidan Askorbil Patmitat, Daging Ayam (37, Merah Bit)), bawang merah goreng, sagu murni, Puree Mangga (10%).",0,safe
"Daging Iga Sapi (62, GARAM GURIH, Minyak Nabati (mengandung antioksidan tokoferol dan pewarna alami Beta-Karoten (sayuran) CI, Lemak Reroti (Mengandung Antioksidan Askorbil Palmitat dan, kedelai.",1,unsafe
"14%), sorbat, Tomat Bubuk, Serbuk umbi porang murni (48%), Pisang Raja, telur bubuk, pemanis artifisial asesulfam-K.",1,unsafe
"kepiting, aroma ayam sintetis, minyak nabati, Gula (19%).",1,unsafe
"sesame, Dinatrium Inosinat, Konnyaku Bubuk, dinatrium inosinat dan guanilat).",1,unsafe
"Bumbu Rasa Bawang 5, kacang almond, 4%), Gula, BUMBU RASA RUMPUT LAUT (3.",1,unsafe
"Pewarna Makanan Alami Karamel I (E150a), telur bubuk, FCF Cl No 15985), premiks vitamin dan mineral, Minyak Kelapa Sawit (mengandung Antioksidan TBHQ), Paprika (0, Mangan Sulfat].",1,unsafe
"bubuk lada hitam, Dinatrium 5'-Ribonukleotida), Diproduksi menggunakan peralatan, terigu, Kakao Bubuk (1, (Riboflavin), ekstrak jeruk mandarin (4.",1,unsafe
"Air, kacang kedelai (31.2%), cuka buah, pasta bawang bombay",1,unsafe
"dinatrium 5'-guanilat [E627] & dinatrium 5'-inosinat [E631], Pengembang Pewarna Sintetik Makanan Coklat HT CI No, Gom Guar), beras olahan, kepiting, 5%)).",1,unsafe
"Tepung Terigu (29%), Ovaltine Bubuk (mengandung Ekstrak Malt, Whey Bubuk, Susu Bubuk) (28%), Lemak Reroti Nabati (mengandung
Antioksidan Askorbil Palmitat dan Tokoferol), Gula, Susu Bubuk (9,6%),
Pengemulsi (Lesitin Kedelai, Kalsium Karbonat), Garam, Kakao Bubuk, Kakao
Massa, Pengembang Natrium Bikarbonat, Perisa Sintetik.",1,unsafe
"tepung konjak, Laver kering (47%), Kayu Manis (1%), wijen, bubuk konjak.",1,unsafe
"Jagung pilihan, minyak tumbuhan, garam (1%)",0,safe
"Rempah-rempah, dan garam laut, Pewarna Alami (Beta-Karoten (sayuran) CI, 75130 (160a(ii).",0,safe
"Ekstrak daging kelapa (50%), air murni, gula, perisa cocopandan sintetik, pengatur pH (asam sitrat), bahan pengawet natrium benzoat, madu (0,01%). Tidak mengandung pemanis artifisial.",0,safe
"Teh hijau berkualitas, beras panggang",0,safe
"air matang, Pati Tapioka, perisa Identik alami lidah buaya, Kakao Bubuk (0, Cokelat Bubuk 6, zat pengemulsi nabati, SELULOSA, Pasta makaroni.",0,safe
"Sirup Jagung Tinggi Fruktosa, Pengental Pektin, DEKSTROSA MONOHIDRAT, sekuestran EDTA, HIDROLISAT PROTEIN NABATI (MENGANDUNG PEWARNA KARAMEL IV), Kakao Bubuk (11%).",0,safe
"Teh Hiiau Bubuk (0, Bumbu Asin, Gula (17%), Bebas pengawet dan pemanis buatan.",0,safe
"nisin), Minyak Sawit (mengandung Antbksidan TBHQ (E319)), Tapioka, bawang putih goreng, Gula Icing, Penguat rasa mononatrium L-glutamat, penyedap MSG, Rumput laut pilihan (47%).",0,safe
"Gula kristal, glukosa cair, pengatur keasaman (asam sitrat), ekstrak tamarind (0,80%), garam, pewarna alami karamel IV, aroma sintetis.",0,safe
"penguat tasa dinatrium inosinat dan guanilat) dan vitamin (A, Palmitat, tepung dari biji beras, kepiting, zat pengemulsi.",1,unsafe
"Oatmeal (41.67%), Pengganti Lemak Kakao, Krimer Minuman (Mengandung Susu Bubuk), Gula, Kakao Bubuk, Maltodekstrin, Dekstrosa Monohidrat, Pengemulsi Lesitin Kedelai E322,
Garam, Perisa Sintetik Cokelat.
Mengandung alergen, lihat daftar bahan yang dicetak tebal.
Diproduksi peralatan yang juga
memproses Kacang Tanah.",1,unsafe
"Penstabil dan Perisa Sintetik (mengandung Antioksidan Alfa Tokoferol), bubuk merica, Kacang Pohon dan Kacang Tanah, PENGUAT RASA (MONONATRIUM GLUTAMAT DAN, melon), Pengental Hidroksipropil Dipati Fosfat.",0,safe
"Teh hijau sencha murni, Perisa Sintetik (mengandung Antioksidan Tokoferol), lihat daftar bahan, lesitin kedelai, bawang merah (0, Nisin.",1,unsafe
"penguat rasa mononatrium L-glutamat, perisa alami), kepiting, sari asam jawa (0, kultur (streptococcus thermophilus.",1,unsafe
"Krimer Nabati Bubuk, Mengandung Gula dan Pemanis Buatan, pengental hidroksipropil dipati Fosfat, pewarna alami beta-karoten (sintetik) CI.",0,safe
"Singkong pilihan (64,92%), bubuk jagung berkualitas, pati jagung murni, minyak kelapa sawit, air steril, bahan pengemulsi",0,safe
"Tepung Terigu, Gula, Lemak Nabati, Cokelat Bubuk 6.39%. Dekstrosa, Penstabil Gliserin, Gula Aren, Maltodekstrin, Garam, Pengembang Natrium Bikarbonat, Pengemulsi Lesitin Kedelai, Perisa Sintetik Vanila,
Pengawet Kalium Sorbat.",1,unsafe
"Pemanis Alami Sorbitol Sirup, Jagung bubuk (65, ekstrak buah asam (0, Hidrolisat Protein Nabati, minyak dari kelapa sawit, Tomat Bubuk, Kakao (5 5%).",0,safe
"COKELAT BUBUK(0, kalsium dinatrium EDTA, salam, Tanpa bahan pengawet dan pemanis artifisial, Pengawet (Natrium Benzoate), madu pilihan (0.",0,safe
"Tepung Terigu, Tapioka, Bawang Merah, Gula, Garam, Cabe Merah, Minyak Nabati",1,unsafe
"Penstabil Natrium Tripolifosfat, garam spesial (5%) (berisi penguat rasa MSG, Pewama Alami Karmin CI, mengandung Antioksidan Askorbil Patmitat.",0,safe
"Cokelat Paduan, tepung pati jagung, Bubuk, Pengemulsi (Dinatrium Difosfat).",0,safe
"Penguat Rasa (Dinatrium 5'-Inosinat, Kentang segar, kacang mede, Informasi Alergen, hamil, Pewarna sintetik (Kuning FCF CI No.",1,unsafe
"Konsentrat sari buah lemon, Premix Vitamin dan Mineral, Tartrazin CI No, 75130, Sirup Jagung, serbuk bawang putih, daun jeruk kering.",0,safe
"Pati Jagung Gula, pemanis jenis dekstrosa, bubuk cabai merah, Pengental karagen, Bawang Putih Bubuk, 21%).",0,safe
"Krispi Beras (13%), Nori kering (47%), cabai rawit kecil (1%), campuran bumbu (berisi gula.",0,safe
"Daging Iga Sapi (62,02%), gula, madu, kecap asin (mengandung kedelai, penguat rasa dinatrium ribonukleotida, pengawet natrium benzoate), jahe
Mengandung allergen, lihat daftar
bahan yang dicetak tebal",1,unsafe
"Bubuk jagung (65,8%), ubi kayu (31,2%), air murni, minyak sawit, zat pengemulsi (fosfat, nabati)",0,safe
"Fruktosa, serbuk cokelat, bahan yang dicetak tebal, merica bubuk.",0,safe
"jus jeruk mandarin segar (4, Pewarna Sintetik Makanan Kuning FCF CI No, 8%), Informasi Alergen:, cream.",1,unsafe
"PENGEMULSI: MONO DAN DIGLISERIDA ASAM LEMAK, beras olahan, Dikalsium Fosfat, PENGEMBANG(NATRIUM HIDROGEN KARBONAT(500(ii))), Penstabil (Kalsium Karbonat).",0,safe
"LEMAK NABATI (MENGANDUNG ANTIOKSIDAN TOKOFEROL), Mononatrium glutamat, 1% (Mengandung Maltodekstrin, Bahan dasar topping (mengandung pewarna alami Beta-karoten (sintetik) CI No, mentega, Pasta, bahan pengental (gom lokus.",1,unsafe
"CABE BUBUK(0, kedelai, Penstabil Gliserin, Sari buah kelapa berkualitas (50%).",1,unsafe
"Tepung terigu, pati jagung, garam, tepung jagung, pati oksidasi (mengandung pengawet sulfit), kecap bubuk, penguat rasa mononatrium L-glutamat, pengembang natrium  hidrogen karbonat, gula, paprika, bawang putih bubuk, glukosa, cabe, jahe bubuk, pengemulsi lesitin kedelai, ekstrak ayam, bawang bombay bubuk, kapulaga bubuk. Mengandung alergen, lihat daftar bahan yang dicetak tebal
Diproduksi menggunakan peralatan yang juga memproses telur dan susu",1,unsafe
"Rempah (Bawang Merah Bubuk, bawang putih tumbuk, emulsifier nabati, irisan daun bawang, air bersih, whey, minyak tumbuhan pilihan.",1,unsafe
Daun teh hijau premium,0,safe
"Lobak pilihan (60%), air bersih, cuka, garam, pengatur keasaman (asam sitrat, asam laktat), bahan pengawet kalium sorbat, vitamin C, glukosa, natrium sulfat.",0,safe
"75810), Bebas pengawet dan pemanis buatan, Kacang polong (62, Tenggiri segar giling, Tepung porang terbaik (48%).",0,safe
"whey, Lada hitam bubuk, Moluska, penyedap MSG, Potongan singkong (64, Penstabil (Nabati).",1,unsafe
"Air, Protein Kedelai, Daging sapi (25%), Tepung Terigu, Bumbu-bumbu, Garam, Gula, Antioksidan Natrium Eritorbat,
Penstabil Natrium Tripolifosfat. Pengawet Natrium Nitrit.
Mengandung Allergan: Lihat daftar bahan yang dicetak tebal.",1,unsafe
"Komposisi Pudding: Susu skim bubuk, Gula, Karagenan, Agar bubuk, Perisa sintetik alami vanila, Garam.
Komposisi Saus Vla: Gula, Pengental pati termodifikasi, Susu full cream, Bubuk cokelat, Pengemulsi nabati, Garam, Perisa sintetik cokelat (mengandung pengawet kalium sorbat), Pewarna makanan (Biru berlian CI 42090, Cokelat HT Cl 20285).",1,unsafe
"Air minum berkualitas, gula pasir (19,5%), potongan nata de coco (7,14%), bubuk pembentuk jeli, pengatur keasaman (asam sitrat), perisa sintetis (stroberi, leci, melon), tepung konyaku, pewarna sintetik (tartrazin CI 19140, merah allura CI 16035, biru berlian FCF CI 42090). Bebas pengawet dan pemanis buatan. Diproduksi menggunakan peralatan yang juga memproses susu.",0,safe
"Bubuk, PERISA SINTETIK VANILA, Cokelat HT Cl 20285), Kakao Bubuk (1, Pengembang, Iihat daftar bahan yang dicetak tebal, pati dari jagung.",0,safe
"Penstabil [Asam Natrium Pirofosfat (E450(i)), dinatrium 5'-inosinat, pemanis asesulfam-K, Bikarbonat), minyak tumbuhan pilihan, 8 %, Kakao, glukosa cair.",0,safe
"bumbu (bawang bombay, Bumbu Ayam Teriyaki ({6, Pasta Tomat, Cabe cheongyang), dan fosfat), Perisa Sintetik (mengandung antioksidan tokoferol), sirup fruktosa.",0,safe
"Tepung Kelapa, ikan, Dinatrium Inosinat & Guanilat, 75810).",1,unsafe
"02%), Jahe bubuk, air murni, Margarin (Mengandung Antioksidan Tokoferol, biru berlian FCF CI 42090), Gelatin Sapi, 75130), asam askorbat.",0,safe
"KUE BERAS: Beras, Krim pasteurisasi, Informasi Alergen :, GARAM YODIUM, Bawang Putih, cokelat cair pekat, DEKSTROSA MONOHIORAT.",0,safe
"Minyak Nabati Terhidrogenasi, Pengemulsi (Dinatrium Difosfat, (Vitamin (A, ragi, Madu Bubuk (0, Kentang Kering (62, ekstrak khamir), Mungkin mengandung kacang tanah.",0,safe
"bawang putih segar (0, campuran bumbu (mengandung gula, potongan nata de coco (7, daun jeruk wangi, dan kacang - kacangan lainnya, bahan pengawet natrium benzoat, Daging Sapi (96%), Mengandung Fenilalanin.",0,safe
"bawang merah bubuk, Pewarna Alami Karamel Kelas III, Bumbu Rasa Abon Sapi 1, 9%) (mengandung Antioksidan, Pati Modifikasi, rempah-rempah pilihan.",0,safe
"Air Es, wijeng, Humektan Nabati, Bahan dasar topping (mengandung pewarna alami Beta-karoten (sintetik) CI No, Pewarna Sintetik Makanan Kuning FCF CI No, garam dapur (0.",0,safe
"singkong pilihan (31, susu, Pasta Kakao (1, aroma ayam buatan.",1,unsafe
"PREMIKS VITAMIN DAN MINERAL(ZAT BESI, aroma artifisial, Minyak Atsiri Paprika, 79%), Penstabil Karagenan, Vitamin B3, MALTODEKSTRIN, 03%).",0,safe
"kayu manis, Bawang Putih, kacang-kacangan, tepung tapioka, Potongan singkong terpilih, gula pasir berkualitas, 4%), MINYAK OLEIN KELAPA SAWIT.",0,safe
"REMPAH-REMPAH, Minyak Sayur, Garam (8, minyak sawit (mengandung antioksidan tokoferol), gula dan pengawet (natrium benzoat).",0,safe
"kasein, (Ponceau 4R CI 16255, Perlakuan tepung Protease dan Aspergillus oryzae, ekstrak minyak cabe, penguat.",1,unsafe
"pewarna sintetik tartrazin, disarankan tidak dikonsumsi oleh anak dibawah 5 (lima) tahun, serbuk coklat, pasta bawang bombay, perisa sintetik.",0,safe
"PERISA ALAMI KENTANG PANGGANG, SIRUP MALTOSA, daun limau, cumi-cumi, Bumbu Frankfurter 1, pengatur keasaman asam sitrat, PENGENTAL PATI ASETAT, alergen.",0,safe
"ikan, Perisa Sintetik (Teh Hijau, Penguat Rasa Mononatrium L-Glutamat, BERAS JEPANG 43, garam berbumbu (5%) (berisi penguat rasa MSG, Biji jagung pilihan, Margarin (mengandung pengawet Kalium sorbat.",1,unsafe
"minyak sayur pilihan, Kuning FCF CI, Rapa Terhidrogenasi), Pala Bubuk.",0,safe
"Ikan tenggiri cincang, bubuk sagu, garam laut, minyak nabati murni",0,safe
"Dektrosa Monohidrat, bawang putih tumbuk, Tidak mengandung pemanis artifisial, minyak nabati sawit, KACANG HAZEL (10, Penstabil Kalium Fosfat.",0,safe
"45430, Bumbu Rasa Rumput Laut Panggang, bubuk jagung berkualitas, tuna, B12, pengental (gom biji lokus.",1,unsafe
"sari buah jeruk mandarin (4, Lemak Reroti (mengandung antioksidan tokoferol), Natrium Polifosfat), kepiting.",1,unsafe
"garam (1%), 57%), Dektrosa Monohidrat, KAKAO BUBUK(2%), Pewarna Alami Karmin CI, Bifidobacterium, perisa sintetik vanilla.",0,safe
"dan garam, MINYAK NABATI (MENGANDUNG, kedelai, minyak goreng berkualitas, Rempah (Bawang Merah Bubuk.",1,unsafe
"minyak sayur berkualitas, BERAS JEPANG (63, Bumbu Ayam Teriyaki ({6, Tepung Mocaf.",0,safe
"serat pangan larut, Cokelat Hitam (1%), Penstabil, MINYAK : Minyak nabati dan bawang merah, kacang mede, Suksinat, Mengandung pemanis buatan.",1,unsafe
"Bumbu Rasa Cokelat (mengandung Gula, Pengawet Natrium Nitrit, Minyak Nabati (mengandung antioksidan tokoferol dan pewarna alami Beta-Karoten (sayuran) CI, KRIM WHPPING (20, tokoferol campuran pekat).",0,safe
"Tepung Gandum, Minyak Nabati, Pati Jagung, Garam, Padatan Susu, Gula, Keju (2.3%), Ragi, Tomat Bubuk (2,1%), Ekstrak Ragi, Rempah, Bawang Bombay Bubuk, Bawang Putih Bubuk, Pengemulsi Lesitin Kedelai, Penguat Rasa (Mononatrium L-glutamate, Dinatrium 5'-Ribonukleotida), Pengembang Amonium Hidrogen Karbonat, Perisa Alami Keju, Pewarna Alami (Karamel I Plain, Merah Bit, Klorofil Tembaga Kompleks CI. No. 75810). Ekstrak Rempah, Antioksidan Asam Askorbat. Mengandung alergen, lihat daftar bahan yang dicetak tebal.",1,unsafe
"Benzoat [E211])), DEKSTROSA, PERISA SINTETIK (VANILLA DAN CUSTARD), aroma paprika alami, potongan nata de coco (7, Minyak Nabati (mengandung antioksidan BHT), bawang merah bubuk, dinatrium inosinat dan guanilat).",0,safe
"Ekstrak kelapa segar (50%), air bersih, gula kristal, aroma sintetis cocopandan, pengatur asam (asam sitrat), pengawet natrium benzoat, madu alami (0,01%). Tanpa pemanis artifisial.",0,safe
"bawang putih parut, Bumbu Pedas 1, Minyak Kelapa, gandum, Daun Bawang ( 1.",1,unsafe
"tepung terigu, gula, lemak reroti (Mengandung Antioksidan BHA), Pengembang (Amonium Bikarbonat,
Natrium Bikarbonat), Garam, Pengemulsi Lesitin Kedelai, Perisa Sintetik Almond.",1,unsafe
"glukosa murni, Kalsium Karbonat, tepung yang diolah (enzim protease dan amilase), ANTIOKSIDAN ASKORBIL PALMITAT), minyak olein sawit berkualitas.",0,safe
"Ikan sarden pilihan (51%), saus sambal pedas (dengan penguat rasa MSG) (41%), gula, bawang putih, potongan bawang bombay, garam, cabai rawit segar (1%)",0,safe
"kenari, nata de coco (7, bawang putih, Minyak Rendang: Minyak nabati.",1,unsafe
"pati (kentang, BubukTomat, Lemak Reroti Nabati (Mengandung Antioksidan Askorbil Palmitat & Tokoferol), ANTIOKSIDAN TOKOFEROL CAMPURAN PEKAT, Rumput laut kering (47%), aroma jeruk mandarin artifisial, Bubuk Bawang Bombay, perisa alami.",0,safe
"minyak zaitun murni (4%), wijeng, susu, Pati Jagung].",1,unsafe
"Minyak nabati kedelai (dengan askorbil palmitat sebagai antioksidan), air mineral, kuning telur, gula (mengandung sulfit pengawet), garam laut, pengatur pH (asam asetat dan laktat), penyedap mononatrium glutamat, xanthan gum, minyak biji sawi, kalsium dinatrium EDTA, aroma paprika alami.",0,safe
"Bumbu 0, Bubuk porang (48%), krimer tumbuhan, Pewarna sintetik (Ponceau 4R CI No.",0,safe
"bubuk bawang bombai (0, tepung beras putih murni, bawang putih parut (0, terigu, Pengembang [Natrium Bikarbonat (E500(ii), Tepung Natrium steoroil-2-laktolat.",1,unsafe
"kacang almond, dinatrium guanilat dan dinatrium inosinat), bawang putih segar, potongan daun bawang kering, 81%), Vitamin (A, lemak cokelat.",1,unsafe
"Tenggiri segar giling, pati sagu murni, garam alami, minyak nabati sehat.",0,safe
"Premiks Vitamin & Mineral, bahan yang dicetak tebal"", emulsifier (fosfat, DINATRIUM 5-RIBONUKLEOTIDA), Cabe Merah, Sirup fruktosa.",0,safe
"Kakao Massa (0, malt, Cokelat (16%), PENGEMBANG (NATRIUM BIKARBONAT).",1,unsafe
"Tepung Terigu, Gula, Lemak Nabati
(mengandung Antioksidan Askorbil
Palmitat dan Tokoferol, Lesitin Kedelai), Kakao Bubuk (5.4%), Whey Bubuk, Pengembang, Sirup Glukosa, Pati Jagung, Ekstrak Malt (dari Barley), Garam, Dekstrosa, Pengemulsi Nabati (Lesitin Kedelai), Perisa Sintetik (mengandung Antioksidan Tokoferol), Pengawet Natrium Metabisulfit, Pewarna Alami Beta Karoten CI 40800 (mengandung Antioksidan Tokoferol). Mengandung alergen: Gluten, Susu, Kedelai. Mungkin mengandung Telur dan Hazelnut. Tanpa Pemanis Buatan,
Tanpa Pewarna Sintetik, Tanpa
Penguat Rasa.",1,unsafe
"lihat daftar bahan yang dicetak tebal, Pengatur Keasaman, Oadatan Kakao 21% (Kakao Massa), PENGUAT RASA (MONONATRIUM L-GLUTAMAT, dan Kacang Pohon, Antikempal Silikon Dioksida (E551).",0,safe
"557%), Kakao Bubuk (5%), Penguat Rasa Mononatrium Glutamat dan Dinatrium 5'-Ribonukleotida), Serat rebung.",0,safe
"Lemak Nabati, Rolled Oats (83, Minyak Nabati (mengandung antioksidan tokoferol dan pewarna alami Beta-Karoten (sayuran) CI, telur bubuk, Antioksidan Tokoferol Campuran Pekat.",1,unsafe
"Beras premium (85,79%), tepung singkong, maltodekstrin, garam, gula, penguat rasa MSG, aroma ayam artifisial, minyak tumbuhan (dengan TBHQ), daun bawang kering, bubuk bawang putih, merica halus, vitamin (A dengan tokoferol, B1, B2, B6, B12).",0,safe
"Gula, Kacang Pikan (15.5%), kacang kenari (15.5%), teoung terigu, mentega, tepung beras, telur, pengembang natrium hidrogen karbonat, perisa sintetik vanilla, garam, pengental pati asetat",1,unsafe
"Iihat daftar bahan yang dicetak tebal, serbuk bawang putih dan bombay, BUMBU : Gula, 19140 (102), dan garam laut, Cokelat Pelapis* 33%.",0,safe
"Ikan sarden berkualitas (51%), saus sambal (mengandung MSG) (41%), gula pasir, bawang putih tumbuk, potongan bawang bombay, garam, cabai rawit (1%)",0,safe
"Tepung terigu (44%), minyak kelapa sawit, gula, pati jagung, bubuk keju (3,3%), susu bubuk, bahan pengembang (amonium bikarbonat dan natrium bikarbonat), sirup fruktosa, penstabil monokalsium fosfat, garam, tepung tapioka, emulsifier lesitin kedelai, tepung yang dimodifikasi (enzim protease dan amilase). Perhatian: Mengandung alergen, lihat daftar bahan bercetak tebal.",0,safe
"Pasta makaroni, Bumbu Pedas Ekstrim Level 15 (Serbuk cabai, irisan bawang merah goreng, garam dapur, gula halus, penyedap rasa MSG, minyak sayur, bubuk bawang putih, bubuk bawang bombay, dinatrium 5'-inosinat, dinatrium 5'-guanilat, ekstrak ragi), Minyak nabati. Catatan: Berisi alergen, lihat daftar bahan bercetak tebal. Diolah dengan peralatan yang juga memproses: Produk susu, seledri, kacang kedelai, ikan, dan krustasea.",0,safe
"kenari, Penstabi Gom Arab (E414), Kultur (L, PERISA SINTETIK (VANILA, kaldu sayuran alami, hidrolisat.",1,unsafe
"TEPUNG TERIGU (34%), GULA, MINYAK NABATI (MENGANDUNG
ANTIOKSIDAN (TOKOFEROL CAMPURAN PEKAT (307b))), SUSU BUBUK (11%), LAKTOSA, EKSTRAK MALT (2%), LEMAK REROTI (MENGANDUNG ANTIOKSIDAN
(TOKOFEROL CAMPURAN PEKAT (307b))), KAKAO BUBUK, PENSTABIL (PATI OKSIDASI
(1404)), PERISA SINTETIK (VANILA, COKELAT), GARAM, PENGEMBANG (NATRIUM HIDROGEN KARBONAT (500(ii))), PENGEMULSI (LESITIN KEDELAI(322(i))).
MENGANDUNG ALERGEN, LIHAT DAFTAR BAHAN YANG DICETAK TEBAL.
KEMUNGKINAN ALERGI: MENGANDUNG GANDUM, SUSU, KEDELAI, BARLEY, RYE DAN OAT.",1,unsafe
"perisa ayam sintetis, Pengembang Amonium Bikarbonat [E503ii], pasta tomat (45%), minyak nabati (dari kelapa sawit), dan garam laut, daging sapi bubuk, 75130), bubuk pembentuk jeli.",0,safe
"Racikan Bumbu Pedas Level 15 (Bubuk cabai, Kakao Bubuk 3, Pengembang (Penstabil Dinatrium Difosfat, Pengemulsi (Nabati).",0,safe
Daun teh hijau sencha,0,safe
"03%), Teh hijau sencha, pati (kentang, perisa alami paprika, ibu, lesitin kedelai, bubuk coklat premium.",1,unsafe
"Susu Segar, Saus Stroberi 16% (Mengandung Kalium Sorbat), Susu Skim, Gula Pasir, Penstabil (Dipati Adipat Terasetilasi, Gelatin Sapi, Protein Susu, Pektin), Kultur (L.acidophilus, Bifidobacterium, St. thermophilus), Pewarna Alami Merah Bit",1,unsafe
"Tepung Natrium steoroil-2-laktolat, Antioksidan Askorbil Palmitat dan Tokoferol, penguat rasa (Mononatrium L-glutamat, Tepung Mocaf, Vanila).",0,safe
"nata de coco pilihan (7, perhatikan daftar bahan bercetak tebal, campuran rempah rahasia, 57%), siung bawang putih, Kakao Massa (3, Serpihan Kentang 60%.",0,safe
"Antioksidan Tokoferol Campuan Pekat dan BHT), bawang putih bubuk, garam spesial (5%) (berisi penguat rasa MSG, Biru Berlian FCF CI No, (Sianokobalamin), singkong segar (31, Pewarna Alami Kurkumin CI 75300).",0,safe
"keju, cabai rawit kecil (1%), kerang, Lobak segar (60%), Beras putih (85.",1,unsafe
"Kacang Tanah (45,6%), Tepung Terigu, Pati Jagung, Gula, Bumbu Rasa Bawang 5,5% (Mengandung Bawang Putih Bubuk 1,7%, Penguat Rasa Mononatrium Glutamat [E621], Dinatrium Ribonukleotida [E635]),
Minyak Nabati, Garam, Pengembang Amonium Bikarbonat [E503ii], Antioksidan TBHQ [E319].",1,unsafe
"Tepung Jagung, Minyak Nabati, Garam cabe(0.6%)), Maltodekstrin, Ekstrak Ragi, Rempah (mengandung cabe (0.6%)), Dekstrosa, Bawang Putih, BubukTomat, Gula, Pengatur Keasaman Asam Sitrat,Minyak Atsiri Paprika, Pewarna Alami Merah Bit, Perisa Alami Chili",1,unsafe
"kaldu nabati, 79%), madu murni (0, Karagenan, lemak reroti (Mengandung Antioksidan BHA), biru berlian FCF CI 42090), kenari.",1,unsafe
"Filet ikan tenggiri, sagu murni, garam beryodium, minyak goreng.",0,safe
"Minyak olahan kedelai (dengan askorbil palmitat), air steril, kuning telur, gula (mengandung sulfit), garam beryodium, pengatur asam (asam cuka dan asam laktat), penyedap MSG, gom xanthan, minyak biji sawi, sekuestran EDTA, perisa paprika.",0,safe
"hazelnut, gula putih (19, minyak nabati berkualitas, Kakao Bubuk (0.",1,unsafe
"Daging tuna berkualitas (70%), air steril, kaldu sayur, garam beryodium (0,7%), penyedap MSG",0,safe
"Lemak Nabati (Mengandung Antioksidan BHA), sarden, LEMAK REROTI (MENGANDUNG ANTIOKSIDAN(TOKOFEROL CAMPURAN PEKAT(307b))), Pengatur, bubuk ekstrak jamur shitake, madu pilihan (0, dan garam laut.",1,unsafe
"kalsium dinatrium EDTA, Pengembang (Amonium Bikarbonat dan Natrium Bikarbonat), asam askorbat, Perisa Vanila dan Pewarna Makanan, tihat daftar bahan yang dicetak tebal.",0,safe
"Mengardung alergen, Pewarna (Alami Karamel Kelas III, Pengatur Keasaman (Asam Laktat dan Asam Sitrat), (29, gula dan sirup jagung fruktosa tinggi, susu.",1,unsafe
"glukosa murni, Asam Folat, pengembang (natrium hidrogen karbonat (INS500ii)), Jagung (18, lesitin kedelai.",1,unsafe
"tepung dari biji jagung, kaldu tumbuhan, krimer nabati, Campuran, pengatur asam (asam cuka dan asam laktat).",0,safe
"Laver (47%), minyak dari biji jagung, garam berbumbu (5%) (berisi penguat rasa MSG, dinatrium inosinat dan guanilat), olive oil (4%), sesame oil.",0,safe
"Perisa Sintetik, Minyak nabati (Mengandung antioksidan, penyedap mononatrium glutamat, Pewarna makanan sintetik kuning FCF CI 15985, Bahan Penolong (Enzim Protease, Jeli Bubuk, gula (19.",0,safe
"daun jeruk bali, minyak goreng murni, Kentang berkualitas, Sekuestran: Kalsium Dinatrium EDTA(E385), Lihat Daftar Bahan Yang Dicetak Tebal, Penstabil Natrium Karbonat, lihat daftar yang dicetak tebal, Penstabil fosfat.",0,safe
"B12), Bumbu Frankfurter 1, SELULOSA, air matang, telur, PEWARNA ALAMI BETA-KAROTENE (SAYURAN) CI.",1,unsafe
"Kakao Massa 4, aroma ayam buatan, rempah-rempah pilihan, Oat Utuh (8%), lada bubuk, garam alami, Pewarna Alami Kurkumin CI.",0,safe
"TEPUNG TERIGU, GULA, MINYAK NABATI (MENGANDUNG ANTIOKSIDAN TBHQ), BUBUK COKLAT (4.6%), SIRUP FRUKTOSA, PENGEMBANG (NATRIUM & AMOMUM BIKARBONAT), PATI JAGUNG, PENGEMULSI (LESITIN KEDELAI), PERISA SINTETIK VANILA MENGANDUNG ALERGEN, LIHAT DAFTAR BAHAN YANG DICETAK.
MUNGKIN MENGANDUNG SUSU DAN KACANG.",1,unsafe
"PENGENTAL (DIPATI FOSFAT (1412), gula putih (19, susu bubuk, Pewarna Beta-karoten (sayuran) CI 75130 (INS 160a(ii)), Pewarna Sintetik Kuning FCF CI No.",1,unsafe
"Penstabi Gom Arab (E414), 78%), gandum, madu (0.",1,unsafe
"Bumbu Original (Mengandung Penguat Rasa Mononatrium Glutamat), Hidrolisat Protein Nabati, udang, Pengawet Kalium Sorbat, MINYAK NABATI (MENGANDUNG ANTIOKSIDAN (TOKOFEROL CAMPURAN PEKAT(307b))).",1,unsafe
"Tomat ( 0, Acar sawi, COKELAT (GULA, 673%) (MENGANDUNG BUTTERMILK, 002%), lesitin kedelai, bubuk kakao.",1,unsafe
"Premik Vitamin (Bl, mentega, Potongan singkong (64, kismis 16, Mengandung Gula dan Pemanis Buatan.",1,unsafe
"35%, melon), Mineral Zat Besi dan Seng), Rumput laut berkualitas (47%), Pewarna Makanan (Tartrazin CI, Bubuk jagung (65, Palmitat, Beras.",0,safe
"Margarin (Mengandung Antioksidan Tokoferol, Gula (19%), susu bubuk, 35%, bahan yang dicetak tebal.",1,unsafe
"Tepung Gandum Utuh (41,57%), Minyak Nabai (mengandung Antioksidan BHA), Gula, Tepung Tapioka, Kakao Massa 4,17%), Susu Skim Bubuk (8,06%), Telur Bubuk (1,90%), Whey Bubuk, Kakao Bubuk (0,78%), Kelapa, Garam,  Pengembang, Ekstrak Malt, Pengemulsi Lesitin Kedelai, Perisa Sintetik, Premik Vitamin (Bl, B2, B6, dan B12). Mengandung alergen, lihat daftar baha yang dicetak tebal. Dapat mengandung kacang.",1,unsafe
"Pengembang (Natrium hidrogen, Pengatur Keasaman (Asam Laktat dan Asam Sitrat), Perisa Alami (Oregano & Rosemary), wijen.",1,unsafe
"minyak sawit berkualitas (mengandung antioksidan alami tokoferol), hazelnut, Ekstrak kelapa (50%), Vitamin A, Ekstrak Protein Sayuran.",1,unsafe
"Penstabil, pemanis asesulfam-K, Krimer Nabati Bubuk, Penguat rasa Dinatrium 5'ribonukleotida) Pewama Alami Beta Karoten (sayuran) CI No, 16255), Albumin, rempah-rempah pilihan.",0,safe
"Hidrolisat Protein Nabati), bumbu (berisi gula, Pati Jagung, ubi kayu (31.",0,safe
"Mononatrium Glutamat (MSG), Lihat Daftar Bahan Yang Dicetak Tebal, asam cuka, bawang merah iris.",0,safe
"Pati Modifikasi, BUMBU RASA JALAPENO 0, bawang merah segar, Dinatrium 5'-Guanylat), cabai rawit kecil (1%), Rumput laut pilihan (47%), Penguat Rasa (Mononatrium L-glutamate, Alpukat (1.",0,safe
"Laktosa, konsentrat jus stroberi (8%), Penguat Rasa (Mononatrium Glutamat), Antioksidan BHT, RUMPUT LAUT (0, susu bubuk, Antioksidan Tokoferol.",1,unsafe
"19%), Bawang Putih Bubuk, pewarna Beta - Karoten (sayuran) CI, kedelai, perisa ayam sintetis, PEMANIS BUATAN ASPARTAM)).",1,unsafe
"zat pengemulsi, Pengembang Natrium Hidrogen Karbonat, mineral (zat besi), krustasea, minyak sayur pilihan, EDTA kalsium dinatrium, Saus Stroberi 16% (Mengandung Kalium Sorbat).",1,unsafe
"tidak cocok untuk penderita fenilketonurik, Beras premium (85, Pewama Sintetik Eritrosin CI, Informasi Alergen, kaldu sayur.",0,safe
"Bumbu Pedas, Bumbu Pedas Tingkat 15 (Cabai bubuk, ekstrak paprika alami, Tanpa bahan pengawet dan pemanis artifisial.",0,safe
"Tepung Kelapa, cabe, pengatur pH (asam sitrat, garam (0, Penguat Rasa (Mononatrium Glutamat dan Dinatrium Ribonukleotida), pasta bawang bombay.",0,safe
"Tepung Terigu, Gula (Mangandung Pengawet Sulfit), Minyak Nabati
(Mengandung Antioksidan BHA), Lemak Reroti (Mengandung Antioksidan BHA), Whey Bubuk, Pengembang (Amonium Bikarbonat, Natrium Bikarbonat), Garam, Bumbu (Mengandung Penguat Rasa Dinatrium Inosinat, Dinatrium Guanilat, Hidrolisat Protein Nabati), Ekstrak Malt, Pengemulsi Nabati (Lesitin Kedelai, Ester Sukrosa, Asam Lemak), Pewarna Alami Karamel (1), Perisa Sintetik Stroberi, Bahan Penolong (Enzim Protease, Enzim Papain), Buah Stroberi Bubuk 0.037%, Pengatur Keasaman Asam Sitrat, Pewama Sintetik Eritrosin CI. No. 45430. Mengandung alergen, Ilhat daftar bahan yang dicetak tebal.",1,unsafe
"Bubuk Cabai: Bubuk cabai (0, KAKAO BUBUK, Brokoli ( 0, Hidrolisat, dicetak tebal, Pewarna makanan (Biru berlian CI 42090, Pewama Alami Betakaroten CI 75130.",0,safe
"perisa artifisial, (29, Serbuk umbi porang (48%), Lemak Kakao, Penguat Rasa (Mononatrium Glutamat), 150c), BUBUK COKLAT (4, persik.",0,safe
"KAKAO BUBUK, air bersih, Dinatrium Inosinat & Guanilat, garam himalaya, REMPAH-REMPAH, PENGUAT RASA MONONATRIUM L-GLUTAMAT, Tanpa bahan pengawet dan pemanis artifisial, Ubi jalar ungu premium.",0,safe
"asam askorbat, lemak cokelat murni, Pewarna Makanon Alami Kurkumin CI No, Kentang pilihan.",0,safe
"Tepung Terigu, Gula, Minyak Nabati (mengandung Antioksidan TBHQ), Maltodekstrin, Whey Bubuk,
Keju Bubuk 3.07% (mengandung Penguat Rasa Mononatrium Glutamat dan Dinatrium 5'-ribonukleotida, Pewarna Sintetik Ponceau 4R CI 16255 dan Kuning FCF CI 15985), Pengemulsi Lesitin Kedelai, Garam, Pengembang, Vitamin (A, Bl, B2, B6, Bl2).
Informasi Alergen. ""Mengandung alergen, lihat daftar bahan yang dicetak tebal"". ""Dapat mengandung : Telur,
Kacang Hazel, dan Kacang Tanah"".",1,unsafe
"INULIN, kedelai, 7%) (mengandung Bubuk Kopi 0, mineral (zat besi), 3% (GULA.",1,unsafe
"kerang, Daglng Ayam (56%), Bubuk cabe, 18%), 48%.",0,safe
"Lobak premium (60%), pewarna makanan alami karamel IV, irisan bawang merah, Penstabil Natrium Tripolifosfat, KAKAO MASSA, lemak reroti (mengandung pengemulsi mono dan digliserida asam lemak dan antioksidan tokoferol), (Mengandung Antioksidan BHA).",0,safe
"Rempah (1, Ester Sukrosa Asam Lemak), cokelat cair pekat, 57%), SAOS CABE: Air, Pengemulsi Hidroksipropil Pati, CI 75300, Perisa Sintetik Daging Sapi BBQ.",0,safe
"Air minum berkualitas, gula dan sirup jagung kaya fruktosa, polidekstrosa, sari jeruk mandarin (4,5%), pengental (gom biji lokus, gom xanthan, karagenan, kalium klorida, kalsium laktat), glukosa, pengatur keasaman (asam sitrat, trinatrium sitrat), gelatin dari ikan, perisa jeruk mandarin sintetis, bubuk konjak, pemanis buatan asesulfam-K.",0,safe
"90%), Pengembang (Penstabil Dinatrium Difosfat, gula pasir, siung bawang putih (0, KAKAO BUBUK.",0,safe
"7%) (mengandung Bubuk Kopi 0, gandum, Perisa Alami Barbekiu, Biji Buah Labu, PENGUAT RASA (MONONATRIUM GLUTAMAT DAN, Pengatur Keasaman Asam Malat, Pisang Raja.",1,unsafe
"dan garam halus, Penguat Rasa Dinatrium Inosinat [E531] dan Guaniiat [E627], kepiting, Tepung porang terbaik (48%), bubuk bawang putih, sirup tinggi fruktosa.",1,unsafe
"Air), Pati (Jagung, minyak jagung murni, Askorbil Pamitat, Gula halus, Pasta makaroni.",0,safe
"bubuk sagu, Diproduksi, 75470, PENGENTAL PATI ASETAT, PENGEMBANG.",0,safe
"minyak nabati berkualitas, emulsifier nabati, telur, Antikempal Silikon Dioksida (E551).",1,unsafe
"Ekstrak kelapa (50%), air bersih, gula pasir, perisa cocopandan buatan, pengatur asam (asam sitrat), pengawet natrium benzoat, madu (0,01%). Bebas pemanis artifisial.",0,safe
"Cabe Merah, Daun teh hijau premium, Biji Buah Labu, ibu, Pewama Alami Karamel Kelas IV, pati sagu murni, tepung beras.",0,safe
"Pengemulsi, Antioksidan Askorbil Palmitat, minyak dari buah sawit (dengan antioksidan tokoferol), Pemanis Alami Sorbitol Sirup, Tepung beras (80%), ikan.",1,unsafe
"Perisa Sintetik Lemon, Pemanis Alami Glikosida, Perisa Sintetik Vanila, bubuk konjak.",0,safe
"Mononatrium glutamat, penguat rasa dinatrium 5'-guanilat [E627] & dinatrium 5'-Inosinat [E631]), garam murni (1%), SAUS: Air, rumput laut wakame kering (7%), bubuk bawang putih (0, 15985.",0,safe
"garam murni, Lobak segar (60%), Singkong ungu pilihan, ikan.",1,unsafe
"Pengawet Kalium Sorbat, perisa Identik alami lidah buaya, terigu, PENSTABIL (KALSIUM KARBONAT.",1,unsafe
"Lobak berkualitas (60%), air murni, asam asetat food grade, garam, pengatur pH (asam sitrat, asam laktat), kalium sorbat, antioksidan vitamin C, glukosa murni, natrium sulfat.",0,safe
"Kentang, Minyak Kelapa Sawit, Tepung Beras, Kentang yang dikeringkan, Pati Kentang, Garam, Dekstrose (Gandum), Rempah-rempah, Minyak Bunga Matahari.",1,unsafe
"Mentega, Keju, Tepung Beras, Telur Ayam, Garam, Minyak Nabati",1,unsafe
"Daging ikan tuna (70%), air bersih, kaldu sayuran, garam dapur (0,7%), penyedap rasa MSG",0,safe
"lihat daftar yang dicetak tebal, bawang bombay bubuk, garam beraroma (5%) (dengan MSG, Hidrolisat Protein Nabati, gandum, minyak goreng sawit.",1,unsafe
"pengatur keasaman (asam asetat dan laktat), Tanpa pengawet dan pemanis artifisial, lesitin kedelai, Sup : Miso beras (59%) (air, 3%}, Tanpa Pengawet, Bubuk jagung premium (65.",1,unsafe
"Minyak dari kedelai (dengan antioksidan askorbil palmitat), air bersih, kuning telur, gula (mengandung pengawet sulfit), garam dapur, pengatur asam (asam asetat dan asam laktat), MSG, pengental xanthan gum, minyak biji sawi, sekuestran EDTA, perisa paprika alami.",0,safe
"Pengembang (Penstabil Dinatrium Difosfat, telur, Penstabil Kalium Fosfat, minyak nabati (dengan antioksidan TBHQ), minyak nabati murni.",1,unsafe
"kerang, Sayuran 38% (Kubis, kedelai, Glukosa, LEMAK REROTI (MENGANDUNG ANTIOKSIDAN(TOKOFEROL CAMPURAN PEKAT(307b))).",1,unsafe
"Kakao Bubuk (4, gluten, 242%), minyak dari kelapa sawit (dengan antioksidan tokoferol), Lobak kering.",1,unsafe
"campuran rasa soto (mengandung hidrolisat protein nabati, pengental pati asetat, Kentang segar pilihan, Penstabil Natrium Karbonat.",0,safe
"coklat hitam leleh, magnesium klorida), serbuk bawang putih, 21%), Tanpa, salmon, Protein Nabati (KedeIai).",1,unsafe
"Serbuk umbi porang murni (48%), tepung beras putih, air bersih",0,safe
"Tepung Terigu, Gula Icing (16.8%), (Gula, Putih Telur, Perisa). Margarin (Minyak Kelapa Sawit, Minyak Biji Bunga Matahari. Air). Sirup Glukosa Fruktosa, Aprikot (1%), Pengental Pektin, Garam,  Mentega, Pengatur Keasaman Asam Sitrat.
Mengandung alergen, lihat daftar bahan yang dicetak tebal. Dapat mengandung kacang-kacangan dan kedelai.",1,unsafe
"kacang almond, melon), Inulin, Ekstrak Protein Nabati, Tanpa Pengawet.",1,unsafe
"31% (Mengandung Hidrolisat Protein Nabati, Bebas pengawet dan pemanis buatan, 78% (Mengandung bawang putih (39%), Gelatin Sapi, gula halus, VITAMIN B3, Mengapdung alergen.",0,safe
"Penstabil Fosfat, PENSTABIL: GOM KACANG LOKUS, kepiting, Minyak bumbu: Minyak tumbuhan, pengatur asam (asam cuka dan asam laktat), tepung maizena.",1,unsafe
"pengatur asam (asam sitrat, Gula putih, hazelnut, Pewarna Alami Karamel Kelas IV.",1,unsafe
"Pewarna Tartrazin CI, pewarna buatan (tartrazin CI 19140, pewarna makanan alami karamel IV, kacang Tanah, cokelat cair pekat, Kacang Tanah.",0,safe
"aroma ayam artifisial, cabe, Penguat Rasa (Dinatrium 5'-Inosinat, Bumbu Original (Mengandung Penguat Rasa Mononatrium Glutamat), DAN PENGATUR KEASAMAN ASAM SITRAT, Kelapa, ESTER POLIGLISEROL ASAM RISINOLEAT TERINTERESTERIFIKASI), siung bawang putih.",0,safe
"pewarna sintetik (tartrazin CI 19140, Humektan Nabati, (mengandung Antioksidan Askorbil, Jahe, Minyak Triglsenda, Garan Pengatur Keasaman Asam Sitrat.",0,safe
"PERISA SINTETIK VANILA, tihat daftar bahan yang dicetak tebal, lemak cokelat murni, minyak sayur (dengan TBHQ), Bawang Merah, almond.",1,unsafe
"penguat rasa MSG, Racikan Bumbu Super Pedas Level 15 (Cabai bubuk, NATRIUM KARBOKSIMETIL SELULOSA, Perisa Alami Vanila, (Mengandung Penguat Rasa Mononatrium Glutamat), kedelai.",1,unsafe
"Tuna pilihan (70%), air murni, kaldu tumbuhan, garam (0,7%), mononatrium glutamat untuk memperkuat rasa",0,safe
"Ikan tenggiri cincang, bubuk sagu, garam dapur, minyak goreng murni.",0,safe
"Lobak segar (60%), Cokelat Hitam (17%), sirup fruktosa, 57%), Inulin, premiks vitamin dan mineral, minyak sayur murni.",0,safe
"MSG sebagai penyedap, Konsentrat sari buah lemon, lemak reroti (mengandung pengemulsi mono dan digliserida asam lemak dan antioksidan tokoferol), kacang Tanah, olive oil (4%), Ester Sukrosa Asam Lemak), Ekstrak Stroberi.",0,safe
"Kakao Bubuk 0, karagen, rapeseed), bubuk lada, lesitin kedelai.",1,unsafe
"Pewarna Sintetik Makanan Kuning FCF CI No, potongan bawang merah, Mengandung fenilalanin, ekstrak ragi, Bubuk Karamel (0, Daglng Ayam (56%).",0,safe
"Ubi ungu berkualitas, minyak tumbuhan, garam dapur, gula kristal",0,safe
"Ubi kayu pilihan (63,5%), minyak olein sawit berkualitas, bumbu (terdiri dari gula, penyedap MSG, serbuk bawang putih dan bombay, dinatrium guanilat dan inosinat), garam (0,63%).",0,safe
"Ikan sarden pilihan (51%), pure tomat (45%), gula, garam, bawang putih tumbuk (0,7%), bawang merah iris",0,safe
"Protein Nabati Terhidrolisis), Pewarna makanan sintetik kuning FCF CI 15985, Daging Ayam (50%), Mengandung.",0,safe
"Biji Bunga Matahari (83.8%), Garam (8.8%), Adas Manis Bubuk (1%), Kayu Manis (1%), Cengkeh (1%), Perisa Sintetik (4.4%)
Informasi Alergen : Diproduksi menggunakan peralatan yang juga memproses susu",1,unsafe
"Lemak Reroti (mengandung Antioksidan Askorbil Palmitat & Tokoferol) (19%), tepung beras putih murni, gandum, Dinatrium 5'-Guanylat).",1,unsafe
"Hidrolisat, Informasi Alergen:, hazelnut, rempah pilihan, Tepung Beras), campuran rempah rahasia.",1,unsafe
"Gula Icing, pati ubi kayu, Premiks Vitamin, sagu murni.",0,safe
"Bumbu Pedas Tingkat 15 (Cabai bubuk, 7%), serbuk bawang putih dan bombay, Penstabil [Asam Natrium Pirofosfat (E450(i)), ANTIOKSIDAN TBHQ, minyak nabati berkualitas, Cokelat Pelapis 33%, 79% (mengandung pewarna makanan sintetik Kuning FCF (CI 15985)).",0,safe
"perisa sintetik (anggur, gula putih (19, gula tebu, Pengatur Keasaman (Asam Sitrat), Kakao Bubuk 5%, PERISA SINTETIK(COKELAT.",0,safe
"997%), perisa alami paprika, Polidekstrosa, BUBUK COKLAT (4, 75130 (Mengandung Antioksidan d-alfa Tokoferol dan Asam Askorbat), lihat komposisi.",0,safe
"glukosa), udang, Pewarna alami Karamel I, bumbu bubuk (mengandung kecap asin.",1,unsafe
"Pengembang (Amonium Hidrogen Karbonat dan Natrium Hidrogen Karbonat ), Perisa Alami Asap, mentega, pengatur asam (asam sitrat), Penguat rasa Dinatrium 5'ribonukleotida) Pewama Alami Beta Karoten (sayuran) CI No, Margarin (Mengandung Antioksidan Tokoferol.",1,unsafe
"minyak olein sawit berkualitas, Pewarna Alami Beta Karoten (sayuran) CI, (TOKOFEROL CAMPURAN PEKAT (307b))), lesitin kedelai, Sirup Glukosa, Penstabil, ketumbar.",1,unsafe
"Ekstrak Bawang Putih, bawang putih kering, Lemak Kakao 0, minyak goreng nabati, garam laut (1%), gula dan sirup jagung fruktosa tinggi, 673%) (MENGANDUNG BUTTERMILK, GARAM.",0,safe
"Rumput laut pilihan (47%), minyak jagung murni, garam gurih (5%) (mengandung MSG, dinatrium inosinat dan guanilat sebagai penguat rasa), minyak zaitun murni (4%), minyak wijen asli.",0,safe
"Karagenan, Pala Bubuk, (GLUKONO DELTA LAKTON DAN NATRIUM HIDROGEN KARBONAT), TBHQ), Makaroni.",0,safe
"LEMAK NABATI, pewarna alami karamel IV, Krispi Beras (3%), Perisa Alami Vanila.",0,safe
"bubuk bawang putih dan merah, kedelai, Tanpa bahan pengawet dan pemanis artifisial, Kacang Hazel, irisan daun bawang kering.",1,unsafe
"crustacea, Singkong kering pilihan, Ekstrak Annato CI 75120), GULA PASIR.",1,unsafe
"lihat bahan yang ditebalkan, kedelai, 40800 (MENGANDUNG ANTIOKSIDAN DL-ALFA TOKOFEROL), SELULOSA, melon), Keripik singkong terbaik, lihat daftar bahan yang di cetak tebal.",1,unsafe
"pewarna sintetik tartrazin, 75300), pemanis artifisial asesulfam-K, crustacea.",1,unsafe
"Pewarna Alami Beta Karoten CI, Penstabil Natrium Tripolifosfat, ibu, tokoferol, Pewarna Makanan Sintetik (Tartrazin CI 19140, 15985 dan Tartrazin CI, Mungkin mengandung seledri, pati (kentang.",0,safe
"whey, minyak sawit murni, bumbu (berisi gula, Kentang segar pilihan, Bubuk Karamel (0.",1,unsafe
"Air, beras, 75810), ikan, Sayuran 38% (Kubis, penstabil (nabati dan fosfat).",1,unsafe
"PEWARNA BETA-KAROTEN CI, Kuning, aroma sintetis, Jagung (18, Minyak Kelapa Sawit, saus sambal (mengandung MSG) (41%).",0,safe
"Bubuk Ovaltine (19, RUMPUT LAUT (0, udang, pengawet kalium.",1,unsafe
"Tepung terigu (44%), minyak kelapa sawit, gula, pati jagung, bubuk keju (3,3%), susu bubuk, bahan pengembang (amonium bikarbonat dan natrium bikarbonat), sirup fruktosa, penstabil monokalsium fosfat, garam, tepung tapioka, emulsifier lesitin kedelai, tepung yang diolah (enzim protease dan amilase). Peringatan: Mengandung alergen, perhatikan bahan bercetak tebal.",0,safe
"penguat rasa dinatrium ribonukleotida, wijen, Rumput laut kering (47%), Minyak Nabati.",1,unsafe
"Kecap Manis: Gula, Ester Sukrosa, Margarin (mengandung pengawet Kalium sorbat, Cengkeh (1%), Ketumbar Bubuk.",0,safe
"Tepung porang terbaik (48%), ikan, bahan pengemulsi (fosfat, perisa sintetik (anggur, Sari Buah Stroberi (1%), minyak biji sawi, 49%).",1,unsafe
"Singkong terbaik (63,5%), minyak olein dari buah sawit, campuran bumbu (berisi gula, MSG, bubuk bawang putih dan bombay, penguat rasa dinatrium guanilat dan inosinat), garam murni (0,63%).",0,safe
"MI: Tepung tetigu, minyak nabati (mengandung antioksidan TBHQ), garam, pengental nabati, pengatur keasaman, pewarna sintetik Tartrazin CI No. 19140. BUMBU: Daging ayam (15%), jamur, air, minyak nabati (mengandung antioksidan TBHQ), bawang putih. gula, garam, lada bubuk, penguat rasa (Dinatrium 5'-Inosinat dan Dinatrium 5'-Guanilat), Vitamin B3.  MINYAK: Minyak nabati, bawang putih, antioksidan TBHQ. KECAP: Air, garam, kedelai, gula dan pengawet (natrium benzoat).
SAOS CABE: Air, cabe, gula, penstabil nabati, garam, bawang putih, cuka, pengatur keasaman, ekstrak minyak cabe, pengawet (natrium benzoat dan natrium metabisulfit), penguat rasa
(mononatrium glutamat, dinatrium inosinat dan guanilat). BAHAN PELENGKAP: Daun bawang kering.
KRIUK AYAM ASLI (5,43%)
Mengandung alergen, lihat daftar bahan yang dicetak tebal
Mungkin mengandung susu, Udang dan telur",1,unsafe
"Biji jagung pilihan, minyak goreng nabati, garam (1%)",0,safe
"BAWANG PUTIH, Pemanis Buatan Sukralosa, Penstabil Dipati adipat terasetilasi, Ekstrak Protein Sayuran, rumput laut (1%), TBHQ), 40800), daging sapi bubuk.",0,safe
"Serpihan Kentang 60%, Minyak Kelapa Sawit (Mengandung Antioksidan TBHQ), Bumbu Rasa Keju 5.1% (Mengandung Maltodekstrin, Susu, Penguat Rasa (Mononatrium Glutamat
Dinatrium Inosinat dan Guanitat). Keju Bubuk 9.5%, Garam, Rempah (Bawang Merah Bubuk, Bawang Putih Bubuk), Pengatur Keasaman (Asam Sitrat, Asam Laktat), Perisa Sintetik, Antikempal Silikon Dioksida. Pewama Alami Karmin CI. No. 75470), Pati Gandum,
Pati Jagung Gula, Pati Tapioka, Garam. Penguat Rasa Mononatrium Glutamat, Susu Skim Bubuk Pengemulsi Lesitin Kedelai, Antikempal Silikon Dioksida
Mengandung alergen, lihat daftar bahan yang dicetak tebal
Mungkin mengandung seledri, kedelai, telur, ikan, kerang, kacang tanah, kacang-kacangan sulfit",1,unsafe
"Rolled Oats (78,5%) Sultana (8%), Biji Bunga Matahari, Manisan Pepaya, Blackurrant, Aprikot (2%), Bekatul,  Kelapa Kering, Kacang Almond (1%).",1,unsafe
"Penstabil dan Perisa Sintetik (mengandung Antioksidan Alfa Tokoferol), Olahan singkong (64, Penstabil (Fosfat, 4% (mengandung pewarna alami kurkumin, 45%), 39%, Biru Berlian FCF CI 42090), cabai merah.",0,safe
"Tepung Terigu, Margarin (Mengandung Antioksidan BHA dan Pewama Alami Beta Karoten CI. 75130), Lemak Reroti (Mengandung Antioksidan BHA), Gula, Kismis (9%), Garam.",1,unsafe
"dan garam halus, emulsifier, Lemak Reroti (mengandung antioksidan tokoferol), Biji Bunga Matahari (88, 42090)), Magnesium Karbonat, Pewarna Alami Karamel III - E150c), Lobak berkualitas tinggi (60%).",0,safe
"Daging Ayam (50%). Air, Minyak Nabati, Tepung Roti (Mengandung Tegung Terigu, Pewarna Sintetik Kuning FCF CI. No. 15985 dan Tartrazin CI. No.19140). Isolat Protein Kedelai, Tepung Pelapis (Mengandung Tepung Terigu, Pengembang Natrium Bikarbonat dan Penstabil Dinatrium Difosfat), Bubuk Bawang Bombay, Bubuk Bawang Putih, Gula, Garam, Bumbu Rasa Ayam (Mengandung Penguat Rasa Mononatrium Glutamat), Bubuk Lada Putih, Penstabil Fosfat, Penguat Rasa (Mononatrium Glutamat. Dinatrium Inosinat, Dinatrium Guanilat), Bubuk Ketumbar (0.1%), Omega 3 (Mengandung Kasein, Antioksidan Askorbil Palmitat, Natrium Askorbat dan Tokoferol). Perisa Alami (Oregano & Rosemary), Perisa Sintetik Ayam Goreng Perisa Sintetik Ayam. Tanpa Pengawet.
*Mengandung alergen, lihat daftar bahan yang dicetak tebal.",1,unsafe
"Vitamin B3, magnesium klorida), Bumbu Frankfurter, Penstabi Gom Arab (E414).",0,safe
"Minyak kelapa sawit, tokoferol, aroma jeruk mandarin artifisial, jamur, lemak reroti (mengandung pengemulsi mono dan digliserida asam lemak dan antioksidan tokoferol), air mineral, tepung maizena murni.",0,safe
"Potongan singkong terpilih, daun limau, garam halus, bubuk cabai, minyak goreng nabati, campuran rempah, bawang putih cincang.",0,safe
"Serpihan Kentang 60%, lihat daftar baha yang dicetak tebal, crustacea, Tepung Beras), Air steril, Kecap Bubuk (1, aroma ayam artifisial.",1,unsafe
"42090 (133)), Tokoferol Campuran), Minyak nabati (Mengandung antioksidan, tepung mocaf (1, Minyak Goreng Kelapa Sawit (mengandung antioksidan TBHQ), Irisan singkong berkualitas, dinatrium guanilat dan inosinat).",0,safe
"ibu hamil dan ibu menyususi, Kalsium Karbonat (E170(i))], kenari, bawang putih parut (0.",1,unsafe
"Kuning FCF CI, Biji Bunga Matahari (90, wijen, bahan pengemulsi (fosfat.",1,unsafe
"KAKAO BUBUK, Perisa Sintetik Stroberi, pasta bawang bombay, Sintetik, PERISA SINTETIK(COKELAT.",0,safe
"Nori kering (47%), corn oil, garam spesial (5%) (dengan penyedap rasa MSG, dinatrium inosinat dan guanilat), extra virgin olive oil (4%), minyak wijen.",0,safe
"Lobak pilihan (60%), air bersih, cuka makanan, garam, pengatur keasaman (asam sitrat, asam laktat), pengawet kalium sorbat, antioksidan asam askorbat, glukosa murni, natrium sulfat.",0,safe
"Krim pasteurisasi, air, garam.",1,unsafe
"Daun teh hijau, beras kering",0,safe
"Ikan tuna giling (70%), air bersih, kaldu nabati segar, garam (0,7%), MSG sebagai penguat rasa",0,safe
"lesitin kedelai, daging sapi bubuk, (mengandung rumput laut 5%, cabai merah kering, Pati Jagung Gula.",1,unsafe
"Pewarna Alami Karamel l, cabai giling, Lemak Kakao), Minyak Olein Kelapa Sawit, xanthan gum, Serat rebung, Perisa Vanila, Kecap Bubuk (1.",0,safe
"Sirup jagung, gula, susu bubuk (13%), whey bubuk (9.5%), susu kental (8%), krim susu (7.5%), minyak nabati, garam, kalsium susu (3.2%), perisa sintetik susu, pengemulsi lesitin kedelai. Mengandung alergen, lihat daftar bahan yang dicetak tebal
Diproduksi menggunakan peralatan yang juga memproses gandum dan kacang",1,unsafe
"Sayap Ayam (85, pure tomat (45%), Rolled Oats (83, Bumbu Frankfurter, COKELAT (GULA.",0,safe
"Penguat Rasa (Mononatrium L-glutamate, jeli bubuk, Mononatrium Glutamat (MSG), 75300, tepung terigu.",1,unsafe
"Kakao bubuk (6, Penguat Rasa (Natrium Inosinat, kedelai, Cuka, Bubuk.",1,unsafe
"Krim pasteurisasi, air, pengatur keasaman, bakteri asam lakfat.",1,unsafe
"susu, MINYAK SAYUR, DAN PENGATUR KEASAMAN ASAM SITRAT, Premik Vitamin (Bl, Cokelat dan Vanila, Pewarna Alami Beta Karoten (sayuran) CI, Laver kering (47%).",1,unsafe
"minyak sawit, LAKTOSA, crustacea, Ekstrak Ragi, Diproduksi menggunakan peralatan, tepung yang dimodifikasi (enzim protease dan amilase).",1,unsafe
"Tepung dari gandum utuh, tepung beras putih halus, cokelat leleh, bubuk cokelat, krimer nabati, gula pasir, lemak cokelat, dan garam dapur",0,safe
"80%), ikan, 09%)), Vitamin E.",1,unsafe
"Ikan tenggiri giling, pati sagu, garam halus, minyak tumbuhan, bubuk cabai merah, bawang merah cincang",0,safe
"Singkong segar (63,5%), minyak kelapa sawit olein, bumbu (terdiri dari gula, penyedap MSG, bubuk bawang putih dan bombay, penguat rasa dinatrium guanilat dan inosinat), garam (0,63%).",0,safe
"wijen, Perisa Artifisial Vanila, PENGATUR KEASAMAN ASAM TARTRAT, lemak cokelat murni, Makaroni.",1,unsafe
"Pewama Alami Karmin CI, Polong, Perisa Sintetik Daging Sapi BBQ, biji wijen, LIHAT DAFTAR BAHAN YANG DICETAK TEBAL, 4%).",1,unsafe
"Ubi kayu berkualitas (63,5%), minyak sawit olein murni, bumbu (berisi gula, penguat rasa MSG, serbuk bawang putih dan bombay, dinatrium guanilat dan inosinat), garam (0,63%).",0,safe
"Sirup Gula Invert, Tidak menggunakan pemanis artifisial, COKELAT (GULA, Perisa sintetik rumput laut.",0,safe
"Minyak kedelai murni (mengandung antioksidan askorbil palmitat), air bersih, kuning telur ayam, gula (dengan pengawet sulfit), garam laut, pengatur keasaman (asam asetat dan laktat), MSG, xanthan gum, minyak mustard, kalsium dinatrium EDTA, ekstrak alami paprika.",0,safe
"Niasin, pure tomat (45%), cabai merah kering, Daging tenggiri pilihan, 95%), Sayap Ayam (85, beras olahan.",0,safe
"Campuran, Tidak mengandung pengawet dan pemanis buatan, thermophilus), Kuning FCF CI, malt, Tepung dari jagung (65.",1,unsafe
"Krispi Beras (3%), Perisa Sintetik Cokelat, Lemak Nabati (mengandung Antioksidan TBHQ), kedelai, gula dan pengawet (natrium benzoat), dan Pewarna Alami Beta-karoten dari Blakeslea trispora (Mengandung Antioksidan Tokoferol), pati Kentang.",1,unsafe
"bawang putih kering, Rapa Terhidrogenasi), perisa jeruk mandarin sintetis, BUBUK KARI, Alanin), telur.",1,unsafe
"Daun Bawang ( 1, PERISA ALAMI KENTANG PANGGANG, crustacea, Minyak Sayur, Biru Berlian FCF CI No, Ubi ungu terbaik.",1,unsafe
"Perisa Sintetik Cokelat, tepung dari beras, Margarin (Minyak Kelapa Sawit, 78% (Mengandung cabe merah (28%).",0,safe
"LIHAT DAFTAR BARAN YANG, Jagung Kernel Utuh 91%, Semolina, udang, margarin oles (mengandung pengawet kalium sorbat.",1,unsafe
"sirup jagung, minyak kelapa sawit murni (dengan tokoferol sebagai antioksidan), karagenan, Pewarna Sintetik Kuning FCF CI No, Mengandung pemanis buatan, Albumin, jagung).",0,safe
"COKEIAT SUSU 30.3% (GULA, LEMAK KAKAO, KAKAO MASSA, SUSU SKIM BUBUK, LEMAK SUSU ANHIDRAT, PENGEMULSI: LESITIN (KEDELAI), PERISA: SINTETIK VANILA), KACANG HAZEL 28.8 %, GULA, MINYAK NABATI, TEPUNG TERIGU, BUBUK WHEY, KAKAO BUBUK, PENGEMULSI: LESITIN (KEDELAI), PENGEMBANG (NATRIUM BIKARBONAT),
GARAM, PERISA: SINTETIK VANILA.",1,unsafe
"perisa jeruk mandarin sintetis, Pati Tapioka, anti kempal silikon dioksida), Jagung (50%), dinatrium guanilat dan inosinat), Pengemulsi (Trinatrium Sitrat dan Dinatrium Fosfat).",0,safe
"Mineral Zat Besi dan Seng), Kakao Bubuk 4%, Bumbu Rasa Abon Sapi 1, Pati Jagung Gula, margarin (mengandung pewarna alami Beta karoten (sayuran) CI No 75130).",0,safe
"Jagung pilihan, minyak tumbuhan berkualitas, garam murni (1%)",0,safe
"Sayap Ayam (85.88%), Air, Gula, Bumbu Rasa Ayam Panggang (mengandung Gluten, Telur, Kedelai, Susu, Penguat Rasa Mononatrium Glutamat dan Dinatrium Ribonukleotida), Bumbu Asin, Penguat Rasa (Mononatrium Glutamat dan Dinatrium Ribonukleotida), Bumbu Rasa Ayam (mengandung Kedelai, Penguat Rasa Mononatrium Glutamat dan Dinatrium Ribonukleotida), Bumbu Rasa Bawang Putih, Bumbu Rasa Bawang Bombay, Penstabil Natrium Tripolifosfat, Cabe Bubuk, Paprika
Bubuk, Lada Hitam Bubuk, Garam, Ketumbar Bubuk, Bumbu Rasa Seledri
(mengandung Susu), Jintan Bubuk, Pala Bubuk.
Mengandung Alergen, lihat daftar bahan yang dicetak tebaL
Dapat mengandung Ikan dan Kacang Tanah.",1,unsafe
"tokoferol campuran pekat, Ubi kayu segar (64, Pewarna Alami Beta Karoten (Sayuran) CI, Perisa Sintetik Daging Sapi BBQ, Penguat Rasa Mononatrium Glutamat E621, pengawet asam sorbat, potongan bawang merah.",0,safe
"salam, garam beryodium, Dinatrium Difosfat dan Natrium Hidrogen Karbonat), Tepung Jagung.",0,safe
"Jagung Kernel Utuh 91%, Minyak Goreng Kelapa Sawit, Bumbu Bawang dan Mentega 1.78% (Mengandung bawang putih (39%), Mentega (50%), Susu, Pemanis buatan Aspartam, penguat rasa (Mononatrium L-glutamat, Dinatrium 5'-ribonukleotida), Pewarna Alami Beta Karoten (Sayuran) CI. No. 75130. Mengandung alergen, lihat daftar bahan yang dicetak tebal. Mengandung fenilalanin, tidak cocok untuk penderita fenilketonurik. Mengandung pemanis buatan, disarankan tidak dikonsumsi oleh anak dibawah 5 (lima) tahun, ibu
hamil, dan ibu menyusui.",1,unsafe
"Daging tenggiri pilihan, tepung sagu halus, garam beryodium, minyak nabati berkualitas",0,safe
"Air, Bubuk Ovaltine (19,5%) [(Ekstrak Malt (16,9%), Gula, Sirup Glukosa, Kakao Bubuk (4,6%), Whey Bubuk, Minyak Nabati, Magnesium Karbonat, Dikalsium Fosfat, Perisa Sintetik Cokelat, Garam, Vitamin A, Asam Folat), Susu Bubuk (25%), Pengemulsi Nabati, Pengatur Keasaman Natrium Sitrat, Premiks Vitamin, Maltodekstrin, Mangan Sulfat].",1,unsafe
"Jagung segar, Pengembang (Amonium Bikarbonat, SIRUP FRUKTOSA, telur, Kecap Bubuk, Minyak Cabai.",1,unsafe
"Tetur, bawang putih halus, malt, Pewama Alami Karamel Kelas IV.",1,unsafe
"tepung terigu, tihat daftar bahan yang dicetak tebal, merica halus, krimer (mengandung penstabil kalium fosfat, pengatur asam (asam cuka dan asam laktat).",1,unsafe
"sesame, Pewarna Sintetik Ponceau 4R Cl, 88%), Penstabil Dinatrium Difosfat).",1,unsafe
"almond, Kacang Pohon dan Kacang Tanah, Ubi jalar ungu premium, penyedap rasa MSG, Cabe Hijau (28%), Pewarna Sintetik (Tartrazin CI No 19140, PENGENTAL (PATI ASETAT).",1,unsafe
"9%), Peterseli, Dinatrium Ribonukleotida [E635]), Penstabil Karagenan.",0,safe
"saus sambal (mengandung penyedap MSG) (41%), 79%), Oatmeal (41, keju.",1,unsafe
"PENGAWET (KALIUM SORBAT DAN NATRIUM PROPIONAT), Pengembang (Amonium Hidrogen Karbonat dan Natrium Hidrogen Karbonat ), hazelnut, Kurkumin CI 75300, Pemanis Alami Maltitol.",1,unsafe
Teh hijau sencha murni,0,safe
"Ekstrak daging kelapa terbaik (50%), air murni, gula pasir, perisa cocopandan buatan, pengatur pH (asam sitrat), pengawet natrium benzoat, madu pilihan (0,01%). Tidak menggunakan pemanis artifisial.",0,safe
"AIR, tepung mocaf (1, PEWARNA ALAMI (BETAKAROTEN (CI, kedelai, Beras premium (85.",1,unsafe
"Jagung berkualitas, minyak sayur murni, garam (1%)",0,safe
"Pengembang (natrium nidrogen karbonat, tidak cocok untuk penderita fenilketonurik, saus sambal pedas (dengan penguat rasa MSG) (41%), kepiting, garam beryodium.",1,unsafe
"Kakao bubuk (6, 9%), Minyak nabati, Penstabil Fosfat, Pemanis Alami Steviol, garam dapur (0, Pewarna Alami Kurkumin CI, Kakao Bubuk (2.",0,safe
"Pengatur Keasaman Asam Malat, minyak kelapa sawit murni, Keripik singkong terbaik, Daglng Ayam (56%), Minyak bumbu: Minyak tumbuhan, minyak nabati sehat.",0,safe
"zat pengemulsi, teri, Jengkol, Adas Manis Bubuk (1%), Perisa Sintetik Daging Sapi BBQ, garam dapur (1%), Asam Laktat).",1,unsafe
"campuran rempah, penguat rasa, Singkong ungu pilihan, Lobak (60%), minyak goreng murni, perisa jeruk mandarin sintetis, Pisang Raja, 4%).",0,safe
"sirup tinggi fruktosa, arkorbil palmitat) pewarna alami Beta-Karoten (sayuran) CI, gluten, Minyak berbumbu: Minyak nabati.",1,unsafe
"minyak kelapa sawit murni (dengan tokoferol sebagai antioksidan), 21%), Alga laut (47%), gluten, dinatrium 5'-inosinat, Bubuk Ketumbar (0.",1,unsafe
"Tepung dari biji gandum utuh, tepung beras putih, coklat cair gelap, bubuk coklat pekat, krimer tumbuhan, gula, lemak dari coklat, dan garam",0,safe
"Cokelat Bubuk (0, saripati bayam, Diproduksi, MENGANDUNG ALLERGEN: LIHAT DAFTAR YANG DICETAK TEBAL, salam, garam halus.",0,safe
"Margarin (Mengandung Antioksidan Alfatokoferol, Minyak Kelapa Sawit (Mengandung Antioksidan TBHQ), Pantotenat), Bubuk Ketumbar (0, Gula pasir, Perisa Vanila dan Pewarna Makanan.",0,safe
"pengawet natrium benzoate), ekstrak ayam, minyak sayur (mengandung TBHQ), garam pengemulsi: natrium polifosfat (E452i).",0,safe
"askorbil palmitat, BUMBU GARAM (MENGANDUNG PENGUAT RASA MONONATRIUM L-GLUTAMAT PERISA SINTETIK, Polidekstrosa, sari asam jawa (0, Ekstrak, Pengembang (Amonium Bikarbonat dan Natrium Bikarbonat) Perisa Alami, bubuk cokelat.",0,safe
"Tepung Terigu, Minyak Nabati, Gula, Susu Full Cream Bubuk (4.39%), Lakotsa, Dektrosa Monohidrat, Pati (Jagung. Tapioka), Pengembang, Kalsium Karbonat, Garam, Pengemulsi (Dinatrium Difosfat, Lesitin Kedelai), Penguat Rasa Mononatrium Glutamat, Perisa Sintetik (mengandung Antioksidan BHA), Pengatur Keasaman, Lemak Susu Anhidrat, Parsley, Jeruk Lemon Bubuk (0.06%), Pewarna Alami Beta Karoten CI.No. 40800 (mengandung antioksidan dl-alfa Tokoferol).",1,unsafe
"Aprikot (1%), bubuk beras, glukosa cair, Keping Jagung (2, minyak nabati (mengandung antioksidan tokoferol campura pekat [E307b]).",0,safe
"irisan daun bawang kering, Tepung dari jagung (65, Vitamin A, Lemak Reroti Nabati (mengandung Antioksidan Askorbil Palmitat dan Tokoferol).",0,safe
"Tepung dari jagung (65,8%), singkong segar (31,2%), air bersih, minyak dari kelapa sawit, bahan pengemulsi (fosfat dan nabati)",0,safe
"Komposisi Saus Vla: Gula, zat pengemulsi, Penguat Rasa Mononatrium Glutamat ( MSG ), BUMBU RASA AYAM.",0,safe
"9% SERPIHAN KENTANG (MENGANDUNG KENTANG 99, PERISA: SINTETIK VANILA, tepung terigu, Rempah (mengandung cabe (0, 45%).",1,unsafe
"42090 (133)), LEMAK REROTI (MENGANDUNG ANTIOKSIDAN(TOKOFEROL CAMPURAN PEKAT(307b))), dicetak tebal, Pengembang Natrium Bikarbonat dan Penstabil Dinatrium Difosfat), bubuk merica, penyedap mononatrium glutamat, krimer tumbuhan.",0,safe
"minyak nabati (mengandung antioksidan tokoferol campuran pekat [E307b]), Penstabil Fosfat, Pengembang (Natrium Bikarbonat), Kacang Pohon, DEKSTROSA MONOHIORAT.",0,safe
"58%), Ubi kayu segar (64, Pengemulsi Nabati, pati dari jagung, Minyak Bunga Matahari, Pewarna Makanon Alami Kurkumin CI No.",0,safe
"Air, kacang kedelai (32.3%), cuka buah, pasta bawang bombay",1,unsafe
"madu (0, gula kastor, bawang putih kering, Pengembang (Amonium Bikarbonat dan Natrium Bikarbonat), tepung maizena murni.",0,safe
"Margarin (8%) (mengandung Antioksidan BHA, telur bubuk, 16%), Minyak Nabati (Mengandung Antioksidan Askorbil Palmitat & Tokoferol), beras goreng.",1,unsafe
"Pati Jagung), PATI ASETAT (1420)), daun jeruk nipis, gandum, 42090)).",1,unsafe
"saus cabai merah (dengan penguat rasa MSG) (41%), MSG sebagai penyedap, Ekstrak daging kelapa terbaik (50%), acidophilus.",0,safe
"kultur (streptococcus thermophilus, Beras premium (85, Pewarna Sintetik : Merah Allura CI No, 75120), SIRUP ISOMALTO OLIGOSAKARIDA, saus tomat segar (45%).",0,safe
"Antioksidan Askorbil Palmitat dan Tokoferol, 557%), Kalsium Karbonat dan 3 Vitamin (mengandung Antioksidan dl-a-Tokoferol), rumput laut (1%), Minyak berbumbu: Minyak nabati.",0,safe
"udang, saus tomat segar (45%), Cokelat Hitam (1%), Ekstrak Bonito (1, Perisa Sintetik (mengandung Antioksidan Tokoferol), Perisa Sintetik Lemon.",1,unsafe
"krustasea, Pengemulsi nabati, aroma jeruk mandarin artifisial, MINYAK NABATI (MENGANDUNG ANTIOKSIDAN (TOKOFEROL CAMPURAN PEKAT(307b))), bawang bombay cincang.",1,unsafe
"Daging ikan tenggiri, tepung sagu, garam dapur, minyak sayur, cabai merah kering, bawang merah iris",0,safe
"Pengembang (Amonium Bikarbonat dan Natrium, ekstrak paprika alami, Pisang Raja, garam (1%), Rempah-rempah, Pemanis Alami Isomalt, bawang putih.",0,safe
"Beras pilihan (85,79%), tepung tapioka, maltodekstrin, garam, gula, MSG, perisa ayam sintetis, minyak nabati (dengan antioksidan TBHQ), potongan daun bawang kering, serbuk bawang putih, lada bubuk, vitamin (A mengandung tokoferol, B1, B2, B6, B12).",0,safe
"Tepung Terigu, Tepung Tapioka, Minyak Nabati, Bumbu Rasa Cabai Pedas (Mengandung Cubuk
abai 6.55%), Penguat Rasa Mononatrium Glutamat, Gula, Garam, Pengatur Keasaman (Kalium Karbonat, Natrium Karbonat), Penstabil (Fosfat, Gom Guar), Pemanis Buatan Sukralosa.",1,unsafe
"Cokelat Compound Putih Rasa Tiramisu (31,7%) (mengandung Bubuk Kopi 0,2%), Krispi Beras Cokelat (29,8%),  Oat (9,8%), Sirup Glukosa, Puff Kedelai, Sirup Fruktosa, Pemanis Alami Maltitol, Keping Jagung (2.9%) (mengandung Antioksidan
Tokoferol Campuran), Minyak Nabati, Pemanis Alami Isomalt. Humektan Nabati, Inulin, Perisa Sintetik, Pengemulsi Nabati, Antioksidan Askorbil Palmitat dan Tokoferol
Campuran, Kalsium Karbonat dan 3 Vitamin (mengandung Antioksidan dl-a-Tokoferol).
Mengandung alergen, lihat komposisi yang dicetak tebal.",1,unsafe
"Sari kelapa pilihan (50%), air steril, gula, perisa buatan cocopandan, pengatur keasaman (asam sitrat), natrium benzoat untuk pengawet, madu murni (0,01%). Bebas dari pemanis buatan.",0,safe
"krustasea, bahan pengemulsi, Alami Karamel l), 037%.",1,unsafe
"BERAS JEPANG 43, arkorbil palmitat) pewarna alami Beta-Karoten (sayuran) CI, mononatrium glutamat untuk memperkuat rasa, 19140, Bihun: Pati jagung pilihan.",0,safe
"Pengatur Keasaman Asam Asetat, kedelai, Perisa Sintetik Daging Sapi BBQ, dan, Semolina Jagung), Perisa Sintetik (mengandung Antioksidan BHA).",1,unsafe
"Tepung dari biji jagung (65,8%), ubi kayu (31,2%), air matang, minyak kelapa sawit murni, zat pengemulsi (fosfat, tumbuhan)",0,safe
"DEKSTROSA, EDTA kalsium dinatrium, daun bawang kering, Pengental Pektin, Kakao (3%).",0,safe
"SUSU, KRIM (17%) (MENGANDUNG SUSU), DEKSTROSA, GULA, SUSU SKIM BUBUK, PERISA SINTETIK VANILA PEWARNA ALAMI (KURKUMIN CI 75300 DAN KARAMEL IV)
MENGANDUNG ALLERGEN: LIHAT DAFTAR YANG DICETAK TEBAL",1,unsafe
"dan Pewarna Makanan Sintetik (Kuning FCF CI, antioksidan BHA, Tepung Natrium steoroil-2-laktolat, Asam Laktat), garam).",0,safe
"Pengatur Keasaman (Asam Laktat dan Asam Sitrat), (Mengandung Antioksidan Tokoferol), saus sambal (mengandung penyedap MSG) (41%), cokelat hitam cair, pati sagu.",0,safe
"lihat komposisi yang dicetak tebal, Kakao (3%), 42090)), (Mengandung Penguat Rasa Mononatrium Glutamat), Lemak Reroti Nabati (Mengandung Antioksidan Askorbil Palmitat &TokoferoI), garam spesial (5%) (dengan penyedap rasa MSG, Beras putih (85.",0,safe
"557%), wijen, Pati jagung, 21%), Pewama Sintetik Tartrazin CI No, Beras premium (85.",1,unsafe
"Sari kelapa pilihan (50%), bubuk jeli, Natrium Gaunilat), LEMAK REROTI (MENGANDUNG ANTIOKSIDAN(TOKOFEROL CAMPURAN PEKAT(307b))), cabai bubuk, kacang mede, Tepung Beras).",1,unsafe
"udang, 16255), minyak olein dari kelapa sawit, PENGENTAL (DIPATI FOSFAT (1412)), Cokelat Hitam (1%), Bumbu: Gula, Bebas pemanis artifisial.",1,unsafe
"Irisan kentang, minyak dari buah sawit (dengan antioksidan tokoferol), pemanis jenis dekstrosa",0,safe
"SUSU, KRIM (17%) (MENGANDUNG SUSU), GULA, DEKSTROSA, KAKAO BUBUK (6%), SUSU SKIM BUBUK",1,unsafe
"Ikan sarden segar (51%), saus cabai pedas (dengan MSG) (41%), gula pasir, bawang putih segar, bawang bombay, garam dapur, cabai rawit (1%)",0,safe
"Antioksidan Askorbil Palmitat, Teh hijau, Teh hijau sencha, garam (1%), 97 %), kacang mede.",1,unsafe
"Tepung terigu (61%), Gula, Minyak nabati (Mengandung antioksidan
TBHQ), Susu bubuk (2%), Pati jagung, Sirup fruktosa, Pengembang (Amonium
bikarbonat, Natrium bikarbonat), Garam, Pengemulsi (Lesitin kedelai), premiks vitamin dan mineral, Penstabil fosfat, Perisa sintetik (Vanila, Susu).",1,unsafe
"Gula, Padatan Susu (30%), Krimer,
Penstabil Nabati, Pengatur
Keasaman, Karagenan, Perisa
Sintetik, Konnyaku Bubuk, Perisa
Alami, Garam, Ekstrak Stroberi
(0.1%), Pewarna Makanan Sintetik
(Ponceau 4R CI 16255, Karmoisin CI 14720).",1,unsafe
"Sarden berkualitas (51%), saus tomat alami (45%), gula halus, garam, bawang putih segar (0,7%), potongan bawang merah",0,safe
"Tepung Gandum, Minyak Nabati, Garam, Pengembang Amonium Hidrogen Karbonat. Mengandung alergen, lihat daftar bahan yang dicetak tebal.",1,unsafe
"Lihat komposisi yang dicetak tebal, udang, PEWARNA ALAMI BETA-KAROTENE (SAYURAN) CI, krimer tumbuhan, merah allura CI 16035.",1,unsafe
"Tepung olahan jagung (65,8%), potongan singkong (31,2%), air bersih, minyak kelapa sawit, bahan pengemulsi (fosfat, nabati)",0,safe
"Tepung Terigu, Gula, Minyak Nabati (mengandung antioksidan BHT), Susu Bubuk, Dekstrosa, Kakao Bubuk (5.5%), Pati tapioka, Garam, Kakao Massa (0,4%), Perisa Sintetik, Pengembang (Natrium Bikarbonat, Ammonium Bikarbonat), Pengemulsi Nabati (Lesitin
Kedelai, Kalsium Karbonat).",1,unsafe
"Pewarna Alami Karamel (1), Keasaman, Lada Putih Bubuk, Asam Folat, ANTIOKSIDAN ASKORBIL PALMITAT).",0,safe
"35%, mentega, Pengawet (Kalium Sorbat dan Nisin), Pati Termodifikasi, Minyak Nabai (mengandung Antioksidan BHA), minyak nabati sawit.",1,unsafe
"Air, Cokelat Pelapis* 33%, Gula, Minyak Nabati, Padatan Susu, Butiran Kacang Almond (4.1%), Sirup Glukosa, Pengemulsi Nabati, Penstabil Nabati, Perisa Alami Vanila, Pewarna Alami Beta Karoten CI. No. 75130 (Mengandung Antioksidan Tokoferol dan Asam Askorbat).",1,unsafe
"Paprika, tepung terigu, air murni, ragi.",1,unsafe
"almond, asam cuka, Pelapis Cokelat Putih* 33, MINYAK NABATI (MENGANDUNG ANTIOKSIDAN (TOKOFEROL CAMPURAN PEKAT(307b))).",1,unsafe
"COKELAT SUSU (31.7%) (GULA, LEMAK KAKAO, KAKAO MASSA,SUSU SKIM BUBUK, LEMAK SUSU ANHIDRAT, PENGEMULSI: LESITIN (KEDELAI), PERISA: SINTETIK VANILLA), GULA, MINYAK NABATI, TEPUNG TERIGU, KACANG HAZEL (10.8%), SUSU SKIM BUBUK (8.9%), SUSU BUBUK (5.9%), COKELAT (GULA, KAKAO MASSA, LEMAK KAKAO, PENGEMULSI: LESITIN (KEDELAI). PERISA: SINTETIK VANILA), KAKAO BUBUK, PENGEMULSI: LESITIN (KEDELAI), PENGEMBANG: LESITIN (KEDELAI), PENGEMBANG: NATRIUM BIKARBONAT, GARAM, PERISA: SINTETIK VANILA. TOTAL UNSUR SUSU: 19.5%.",1,unsafe
"dan kacang, Peringatan: Berisi alergen, Penguat Rasa (Mononatrium Glutamat E621, susu, bahan pengental (gom lokus, gula.",1,unsafe
"16035, tepung jagung, madu, antioksidan asam askorbat), Natrium Polifosfat), Kacang Tanah (45.",0,safe
"udang, LEMAK NABATI, bawang merah cincang, corn oil, Potongan kentang, Pewarna Sintetik (Tartrazin CI No.",1,unsafe
"KECAP MANIS : Gula, Penguat Rasa Mononatrium Glutamat dan Dinatrium 5'-Ribonukleotida), lihat daftar yang dicetak tebal, krustasea, Laver (47%).",1,unsafe
"Lemak Reroti (Mengandung Antioksidan Tokoferol), Bumbu Rasa Bawang Putih, dan Pengatur Keasaman (Asam Sitrat), Pengawet (Kalium Sorbat [E202] dan Natrium.",0,safe
"susu, Lemak Reroti (mengandung Antioksidan Tokoferol), Minyak berbumbu: Minyak nabati, Pewama Sintetik Tartrazin CI No, bawang merah (0, pengental (gom biji lokus, ekstrak ragi).",1,unsafe
"pati tapioka termodifikasi, lesitin kedelai, 40800 (MENGANDUNG ANTIOKSIDAN DL-ALFA TOKOFEROL), Perisa Sintetik (Glisin, lihat daftar bahan yang dicetak tebaL, zat pengemulsi, HIDROKSIPROPIL.",1,unsafe
"Penstabil Dinatrium Difosfat), kedelai, Minyak Triglsenda, Sari Buah Stroberi (1%).",1,unsafe
"Anti Kempal, Ekstrak daging sapi 1%, vitamin (A dengan tokoferol, minyak goreng, penyedap MSG, BUMBU : Gula, Pengawet Natrium Metabisulfit.",0,safe
"36%), hazelnut, MSG, 64%), air minum berkualitas.",1,unsafe
"coklat hitam leleh, Minyak bumbu: Minyak tumbuhan, pewarna Beta - Karoten (sayuran) CI, gluten.",1,unsafe
"Biji bunga Matahari (88.18%), Garam, Rempah, Bubuk Karamel (0.5%), Perisa Sintetik
Informasi Alergen :
Diproduksi menggunakan peralatan yang juga memproses susu.",1,unsafe
"Tepung Terigu, Gula (Mangandung Pengawet Sulfit), Minyak Nabati
(Mengandung Antioksidan BHA), Lemak Reroti (Mengandung Antioksidan BHA), Kakao Bubuk 3.35%, Whey Bubuk, Pengembang (Arnonium Bikarbonat, Natrium Bikarbonat), Garam Bumbu (Mengandung Penguat
Rasa (Dinatrium Inosinat, Dinatriun Guanilat), Hidrolisat Protein Nabati),
Ekstrak Malt. Pengemulsi Nabati (Lesitin Kedelai, Ester Sukrosa Asam Lemak),  Pewarna Alami Karamel l. Perisa Sintetik Cokelat, Bahan Penolong (Enzim Protease, Enzim Papain).
Mengandung alergen, tihat daftar bahan yang dicetak tebal.",1,unsafe
"Pengembang (Mengandung Kalsium Karbonat, minyak tumbuhan pilihan, dan Gandurn, 63% (Mengandung Jagung Bubuk (2%), bahan pengental alami, air murni, tepung ubi kayu.",0,safe
"Gula, Jagung (36.2%), Minyak Nabati, Penstabil [Gom Arab (E414), Selulosa Bubuk (E460)], Garam, Pengemulsi Lesitin Kedelai (E322), Perisa Sintetik [Karamel, Mentegal], Pewarna Makanan Alami Karamel I (E150a), Penguat Rasa [Dinatrium 5'-Inosinat (E631), Dinatrium 5'-Guanilat (E627)]
Mengandung alergen, lihat daftar bahan yang dicetak tebal. Diproduksi dengan peralatan yang juga memproses produk yang mengandung gandum, krustasea, ikan, kacang, dan susu",1,unsafe
"Daging ikan tenggiri, tepung sagu, garam dapur, minyak sayur.",0,safe
"Beras putih (85,79%), tepung ubi kayu, maltodekstrin, garam, gula, penguat rasa MSG, perisa ayam artifisial, minyak tumbuhan (dengan TBHQ), daun bawang kering, serbuk bawang putih, bubuk lada hitam, vitamin (A mengandung tokoferol, B1, B2, B6, B12).",0,safe
"tepung terigu, Karagenan (5%), tumbuhan), antioksidan (BHA dan BHT).",1,unsafe
"Sari Buah Stroberi (1%), Ekstrak Daging Sapi (0, (mengandung Antioksidan TBHQ), 8%) (mengandung antioksidan (BHA, bumbu (berisi gula.",0,safe
"garam spesial (5%) (dengan penyedap rasa MSG, kenari, pengental nabati, 22%).",1,unsafe
"Tepung Terigu, Gula, Minyak Nabati (Mengandung Antioksidan TBHQ), Lemak Reroti Nabati (Mengandung Antioksidan Askorbil Palmitat &TokoferoI), Kakao Bubuk (4.3%), Kalsium Karbonat, Pengemulsi Lesitin Kedelai, Garam, Susu Skim Bubuk (0.3%), Pengembang, Pati Kentang, Pewarna Alami Karamel Kelas IV, Ekstrak Malt, Susu Bubuk Full Cream (0.06%), Perisa Sintetik, Tepung Telur,
Perisa Alami, Kakao Massa (0.01 %).
Mengandung alergen, lihat daftar bahan yang dicetak tebal.",1,unsafe
"Pati Kentang (59,58%), Gula, Telur (14,90%), Sirup Glukosa, Maltodekstrin, Bubuk Telur, Premix Vitamin dan Mineral, Madu (0,3%), Minyak Ikan (0,1%) (mengandung DHA, Antioksidan Natrium Askorbat, Tokoferol dan Askorbil Palmitat). Peringatan Alergen : Mengandung alergen, lihat daftar bahan yang dicetak tebal. Dapat mengandung susu dan kedelai.",1,unsafe
"minyak olein sawit berkualitas, Mengandung, Antioksidan TBHQ [E319], tepung maizena murni, bawang putih parut (0.",0,safe
"III (E-150C), DEKSTROSA, DAN PENGATURE ASAM SITRAT, Perlakuan Tepung (Natrium Stearoil-2-Laktilat).",0,safe
"Pasta makaroni, Racikan Bumbu Pedas Level 15 (Bubuk cabai, irisan bawang merah goreng, garam, gula kastor, penyedap rasa MSG, minyak tumbuhan, serbuk bawang putih, serbuk bawang bombay, dinatrium 5'-inosinat, dinatrium 5'-guanilat, ekstrak khamir), Minyak nabati. Catatan: Memuat alergen, perhatikan daftar bahan bercetak tebal. Diolah menggunakan peralatan yang juga memproses: Susu, seledri, kacang kedelai, ikan, dan krustasea.",0,safe
"Biru Berlian FCF CI No, kecap bubuk, Ubi ungu berkualitas, gandum.",1,unsafe
"Tepung Gandum. Minyak Nabati, Tomat Bubuk, Pati, Garam, Kecap Inggris (Mengandung alkohol 0,001%) Barley), Ragi, Bawang Putih Bubuk, Bawang Bombay Bubuk, Gula, Ekstrak Malt, Rempah, Peterseli, Esktrak Rempah, Ekstrak Protein Sayuran, Perisa Alami, Pengembang Amonium Hidrogen Karbonat, Antioksidan Asam Askorbat, Penguat Rasa Dinatrium 5'Ribonukleotida, Pengemulsi Lesitin Kedelai. Mengandung alergen, lihat daftar bahan yang di cetak tebal. Mungkin mengandung Telur, Kacang Pohon dan Kacang Tanah.",1,unsafe
"gula kristal (19, gandum, garam spesial (5%) (berisi penguat rasa MSG, AIR, Lemak Reroti Nabati (mengandung, perisa buatan (stroberi, 673%) (MENGANDUNG BUTTERMILK.",1,unsafe
"Perisa Vanila dan Pewarna Makanan, MINYAK KELAPA MURNI, PEWARNA ALAMI BETA-KAROTEN CI NO, zat pengemulsi nabati, dinatrium 5'-guanilat [E627] & dinatrium 5'-inosinat [E631], Pewarna Alami Kurkumin CI 75300), Lemak Reroti (Mengandung Antioksidan Tokoferol), Madu Bubuk (0.",0,safe
"campuran rempah rahasia, minyak zaitun murni (4%), Diproduksi menggunakan peralatan yang juga memproses Krustase, Palmitat, Pemanis Buatan Aspartam (E951), pengatur pH (asam sitrat), FCF Cl No 15985), PENGENTAL (DIPATI FOSFAT (1412)).",0,safe
"coklat hitam leleh, Bumbu [mengandung Penguat Rasa [Mononatrium Glutarnat (E621), minyak dari kelapa sawit (dengan antioksidan tokoferol), Pengembang (Natrium Bikarbonat, perisa ayam buatan, Beras, tepung maizena murni.",0,safe
"36%), Kcang Tanah, Daun teh hijau sencha, 42090 (133)), jahe, Daun Bawang ( 1, pengatur keasaman kalsium sulfat dan glukono delta lakton.",0,safe
"Terigu (41.6%), Gula, Lemak Reroti Nabati (Mengandung Antioksidan Askorbil Palmitat & Tokoferol), Minyak Nabati (Mengandung Antioksidan TBHQ), Krimer Nabati Bubuk, Susu Bubuk Full Cream (3%), Dekstrosa, Maltodekstrin, Pengemulsi Lesitin Kedelai, Ekstrak Malt, Garam, Pengembang, Tepung Telur, Perisa Sintetik.
Mengandung alergen, lihat daftar bahan yang dicetak tebal.",1,unsafe
"Air, Gula, Padatan Susu 9.9%, Sirup Glukosa, Minyak Nabati, Maltodekstrin, Kakao Bubuk 0.6%, Kalsium Karbonat, Penstabil Nabati, Pengemulsi Nabati, Perisa Sintetik (Susu, Vanila)",1,unsafe
"tepung beras premium, LEMAK REROTI (MENGANDUNG ANTIOKSIDAN (TOKOFEROL CAMPURAN PEKAT(307b))), Ubi ungu berkualitas, 9%) (mengandung Antioksidan, Pemanis Alami Sorbitol Sirup.",0,safe
"Tepung Terigu, Garam, Penguat Rasa (Mononatrium Glutamat), Rempah, Penstabil. Mengandung alergen, lihat daftar bahan yang dicetak tebal. Mungkin megandung telur, ikan, krustase, kacang tanah, kacang kedelai, susu dan kacang pohon.",1,unsafe
"tepung terigu, Pewarna sintetik (Ponceau 4R CI No, Askorbil Pamitat, perisa paprika alami.",1,unsafe
"Gula, Krimer, Padatan Susu(20%),
Kakao Bubuk (11%), Penstabil Nabati,
Ekstrak Malt, Pengatur Keasaman,
Karagenan (5%), Konnyaku Bubuk,
Garam, Perisa Sintetik. Anti Kempal,
Perisa Alami.",1,unsafe
"92%), kacang mede, pengawet natrium benzoat, daging sapi bubuk.",1,unsafe
"Ubi ungu terbaik, Tokoferol Campuran), thermophilus), Tepung Beras, Laver (47%), minyak tumbuhan pilihan, tepung, Tepung Ketan.",0,safe
"Pengatur Keasaman Asam Sitrat, LEMAK NABATI (MENGANDUNG ANTIOKSIDAN TOKOFEROL), persik, ekstrak buah asam (0, pewarna sintetik (tartrazin CI 19140, 88%).",0,safe
"Tepung Terigu (40%), Gula, Semolina, Kakao bubuk (6,5%), Krimer minuman, Pasta Cokelat (1,557%), Ekstrak Malt, Garam, Pewarna Alami Karamel kelas
III (E-150C), Kalsium Karbonat, Pengemulsi Lesitin Kedelai, Perisa Sintetik (Krim), Minyak kelapa sawit
terhidrogenasi, Premiks Vitamin, Zat Besi, Antikempal (Silikon Dioksida).",1,unsafe
"Udang cincang, sagu murni, garam, minyak dari tumbuhan",0,safe
"Air murni, gula kristal (19,5%), nata de coco pilihan (7,14%), serbuk jeli, pengatur pH (asam sitrat), perisa buatan (stroberi, leci, melon), tepung konjak, pewarna sintetis (tartrazin CI 19140, merah allura CI 16035, biru berlian FCF CI 42090). Tanpa pengawet dan pemanis artifisial. Diproduksi dengan alat yang juga mengolah produk berbasis susu.",0,safe
"ketumbar, Bawang Bombay Bubuk 1, Bumbu Pedas Tingkat 15 (Cabai bubuk, minyak nabati non-hidrogenasi (kelapa sawit, Alga laut (47%), telur bubuk.",1,unsafe
"jamur, bawang merah segar, PERISA SINTETIK VANILA, Semolina Jagung), 75300).",0,safe
"Laver kering (47%), minyak dari jagung, garam beraroma (5%) (dengan penyedap MSG, dinatrium inosinat dan guanilat), minyak zaitun extra virgin (4%), minyak biji wijen.",0,safe
"Air, tepung terigu, pati tapioka termodifikasi, garam, pengatur keasaman (asam laktat, asam asetat)
Mengandung alergen, lihat daftar bahan yang dicetak tebal",1,unsafe
"jahe, kenari, bubuk jagung, B3 (Niasin), Perlakuan Tepung (Natrium Stearoil-2-Laktilat).",1,unsafe
"Perisa Sintetik Lemon, Minyak Nabati, Kurkumin CI, saus tomat segar (45%), Cabe, Pengawet (Kalium Sorbat dan Nisin), penstabil nabati gum arab.",0,safe
"Jagung, Minyak nabati, Gula, Susu bubuk full cream, Bubuk keju 3,4% (mengandung pewarna alami kurkumin
CI 75300, penguat rasa mononatrium glutamat), Garam, Penguat rasa mononatrium L-glutamat, Perisa sintetik
keju, Pewarna makanan sintetik kuning FCF CI 15985.",1,unsafe
"Pengatur Keasaman (Asam Sitrat), Air), LAKTOSA, Inufin.",0,safe
"Dinatriun Guanilat), krustasea, bubuk konjak, (5%), Alpukat (1, alkohol, Antikempal Silikon Dioksida (E551).",1,unsafe
"Sari kelapa pilihan (50%), Catatan: Memuat alergen, telur bubuk, Pengatur Keasaman (Asam Laktat dan Asam Sitrat).",1,unsafe
"kalium sorbat, Sup : Miso beras (59%) (air, Pewarna Alami Kurkumin CI 75300), Lobak berkualitas tinggi (60%), hidrolisat, kacang almond, bubuk beras.",1,unsafe
"PENGAWET NATRIUM METABISULFIT, air minum berkualitas, pewarna makanan karamel IV alami, pemanis jenis dekstrosa, pati ubi kayu.",0,safe
"Air minum, gula (19,5%), nata de coco segar (7,14%), serbuk jeli, pengatur keasaman (asam sitrat), perisa sintetis (stroberi, leci, melon), tepung konyaku, pewarna buatan (tartrazin CI 19140, merah allura CI 16035, biru berlian FCF CI 42090). Tanpa bahan pengawet dan pemanis artifisial. Diolah menggunakan peralatan yang juga memproses susu.",0,safe
"Dinatrium Inosinat dan Dinatrium Guanilat), Pengatur Keasaman (Asam Sitrat), Lemak Nabati (Mengandung Antioksidan TBHQ), Lobak (60%), garam alami (1%), pemanis buatan asesulfam-K.",0,safe
"B12, lemak coklat asli, BUMBU BUBUK:, kedelai.",1,unsafe
"Air steril, gula dan sirup jagung fruktosa tinggi, polidekstrosa, sari buah jeruk mandarin (4,5%), pengental (gom biji lokus, gom xanthan, karagenan, kalium klorida, kalsium laktat), glukosa, pengatur keasaman (asam sitrat, trinatrium sitrat), gelatin ikan, perisa jeruk mandarin sintetik, bubuk konjak, pemanis asesulfam-K.",0,safe
"Bubuk porang berkualitas (48%), tepung beras premium, air steril",0,safe
"kacang mede, Catatan: Memuat alergen, Bubuk Kecap, garam murni (0, natrium benzoat sebagai bahan pengawet.",1,unsafe
"lihat bahan yang dicetak tebal, Penguat Rasa (mengandung Mononatrium Glutamat, Askorbil Pamitat, Pasta Cokelat (1, serbuk bawang putih dan bombay, Menangdung pemanis buatan, Tokoferol Campuran).",0,safe
"Air bersih, gula (19,5%), nata de coco segar (7,14%), jeli bubuk, pengatur asam (asam sitrat), perisa sintetik (stroberi, leci, melon), tepung konjak, pewarna buatan (tartrazin CI 19140, merah allura CI 16035, biru berlian FCF CI 42090). Tanpa bahan pengawet dan pemanis artifisial. Diolah dengan alat yang juga digunakan untuk produk susu.",0,safe
"Tepung Terigu, Gula, Lemak Nabati (mengandung Antioksidan TBHQ), Sirup Glukosa, Kakao Bubuk 6.38%, Minyak Nabati (mengandung Antioksidan TBHQ), Penstabil Nabati, Gula Aren, Maltodekstrin, Pengemulsi Lesitin Kedelai, Garam, Pengembang. Perisa Sintetik, Pengawet Kalium Sorbat, Vitamin E.
Informasi Alergen : Mengandung alergen, Lihat daftar bahan yang dicetak tebal. Dapat mengandung Susu, Telur, Kacang Hazel, dan Kacang Tanah.",1,unsafe
"Penguat Rasa Mononatrium Glutamat dan Dinatrium Ribonukleotida), singkong segar (31, 36%), Bebas pengawet dan pemanis buatan, Penstabil (Nabati).",0,safe
"bahan yang dicetak tebal, lactobacillus acidophilus), tuna, 1%), Penstabil (Nabati), bubuk cabai.",1,unsafe
"Daging udang pilihan, tepung sagu halus, garam beryodium, minyak nabati berkualitas",0,safe
"Paprika (0, Kalsium Karbonat (E170(i))], Ekstrak Ragi, mentega.",1,unsafe
"susu bubuk, pengawet kalium sorbat, dan Pewarna Makanan Sintetik (Kuning FCF CI, glukosa, Sari buah kelapa berkualitas (50%).",1,unsafe
"Air, Cokelat Putih Pelapis*31% (Mengandung Lemak Susu dan Susu Skim), Gula, Minyak Nabati, Pdatan Susu 5%, Remahan Biskuit Cokelat 5% (Mengandung Tepung Terigu), Butiran Biskuit Cokelat 5% (Mengandung Tepung Terigu), Sirup Glukosa,
Maltodekstrin, Pengemulsi Nabati, Penstabil Nabati, Perisa Sintetik Krim, Garam.
Mengandung alergen, lihat daftar bahan yang dicetak tebal. Dapat mengandung lesitin kedelai, kacang-kacangan, barley, dan telur.",1,unsafe
"Tepung Terigu, Minyak Nabati Kelapa Sawit, Rapa Terhidrogenasi), Wijen (2.5%), Mentega (2.4%), Wijen Bubuk, Garam, Pengembang (Natrium Bikarbonat), Ekstrak Malt (Barley), Tepung Malt (Barley), Ragi, Miso Bubuk (Kacang Kedelai, Garam), Perlakuan Tepung (Pati Jagung, Amonium Klorida, Kalsium Karbonat). Mengandung alergen, lihat daftar bahan yang dicetak tebal.",1,unsafe
"Tanpa pengawet dan pemanis artifisial, kepiting, Amonium Klorida, 17%).",1,unsafe
"Kacang polong (62.35%). pati tapioka. gula, minyak nabati, tepung terigu, tepung beras, ketan, garam, bumbu, pengembang amonium hidrogen karbonat. Mengandung alergen, lihat
daftar bahan yang dicetak tebal Diproduksi menggunakan peralatan yang juga memproses udang, susu, kedelai dan kacang tanah",1,unsafe
"minyak sayur (mengandung TBHQ), ragi, 02%), bawang merah segar, campuran rempah rahasia, BUMBU GARAM (MENGANDUNG PENGUAT RASA MONONATRIUM L-GLUTAMAT PERISA SINTETIK, bawang putih bubuk (0, pengatur keasaman (asam sitrat).",0,safe
"Kakao Bubuk 6, Nori kering (47%), lihat daftar bahan yang dicetak tebal, Komposisi Saus Vla: Gula, kasein, pengatur keasaman (asam sitrat, glukosa).",1,unsafe
"telur, Dinatrium 5'-guanilat), bikarbonat, Bekatul, KUE BERAS: Beras, Bubuk Daging Ayam {2%}, Ubi kayu (64.",1,unsafe
"tidak cocok untuk penderita fenilketonurik, Sahang, Kentang berkualitas, Ubi jalar ungu premium, serbuk coklat, PERISA: SINTETIK VANILA).",0,safe
"PEWARNA ALAMI KARAMEL I), madu alami (0, penguat rasa mononatrium L-glutamat, Pewarna Alami Karamel kelas, Pelapis Perisa Sintetik, pengental (gom kacang lokus, Bumbu Rasa Ayam (Mengandung, dekstrosa alami.",0,safe
"75470, Lobak berkualitas (60%), 16%), Santan Pandan, Pewarna Makanan Sintetik (Tartrazin CI 19140.",0,safe
"Enzim Papain), DINATRIUM 5-RIBONUKLEOTIDA), Pengembang Natrium Hidrogen Karbonat), Biru Berlian FCF CI No, kedelai, Bumbu Rasa Jagung (3, Penguat Rasa Mononatrium.",1,unsafe
"BERAS JEPANG 43,4% MINYAK OLEIN KELAPA SAWIT, PENGENTAL (PATI ASETAT), GULA, BUMBU RASA KEJU 3,9% (MENGANDUNG PADATAN SUSU, PADATAN KEJU 7.5%, PENGUAT RASA (MONONATRIUM L-GLUTAMAT, DINATRIUM 5 RIBONUKLEOTIDA KEDELAI, PEMANIS BUATAN ASPARTAM)), PATI KENTANG 1,9% SERPIHAN KENTANG (MENGANDUNG KENTANG 99,48%, PENGAWET NATRIUM METABISULFIT, ANTIOKSIDAN ASKORBIL PALMITAT), GARAM BERIODIUM, KEJU CHEDDAR BUBUK 0,5% (MENGANDUNG SUSU), BUMBU GARAM (MENGANDUNG PENGUAT RASA MONONATRIUM L-GLUTAMAT PERISA SINTETIK, PERISA ALAMI KENTANG PANGGANG, PEWARNA ALAMI BETA-KAROTEN CI NO. 40800 (MENGANDUNG ANTIOKSIDAN DL-ALFA TOKOFEROL), ANTIOKSIDAN TOKOFEROL CAMPUPAN PEKAT.",1,unsafe
"Air, Gulat, Puree Mangga (10%), Nata De Coco (8.75%), Jeli Bubuk, Susu Skim Bubuk (0.7%), Susu Full Krim Bubuk (0.7%), Pengatur Keasaman (Asam Sitrat), Perisa Sintetik Mangga, Pengawet Natrium Benzoat, Pewarna Sintetik (Tartrazin CI No 19140, Kuning
FCF Cl No 15985). Tanpa Pemanis Buatan.
Mengandung alergen, lihat daftar yang dicetak tebal.",1,unsafe
"Perisa Sintetik, Dinatrium 5'-Guanylat), DAN NABATI), Sintetik, Penstabil fosfat, whey.",1,unsafe
"Tepung Beras, Tepung Terigu, Tepung Tapioka, Gula, Pati Termodifikasi, Garam, Pengembang (Natrium Hidrogen Karbonat, Dinatrium Difosfat), Perisa Sintetik, Penstabil Nabati.",1,unsafe
"Teh hijau sencha, biru berlian FCF CI 42090), Nisin), abai 6, ANTIOKSIDAN TBHQ, minyak nabati murni.",0,safe
"Pengawet Natrium Nitrit, Pewarna Alami Kurkumin CI, Iihat daftar bahan yang dicetak tebal, Antikempal Silikon Dioksida, kepiting, dinatrium inosinat dan guanilat), Pewarna Sintetik (Tartrazin CI No 19140.",1,unsafe
"asam askorbat, 01 %), gandum, Keping Jagung (2.",1,unsafe
"Perisa Sintetik Mangga, tepung terigu, BHT, gom xanthan, minyak kelapa sawit murni (mengandung antioksidan tokoferol).",1,unsafe
"melon), SIRUP ISOMALTO OLIGOSAKARIDA, garam beryodium (0, Tidak mengandung pengawet dan pemanis buatan, NATRIUM KARBOKSIMETIL, tepung gandum.",1,unsafe
"Lemak Reroti(mengandung antioksidan TBHQ), Anti Kempal Siiikon Dioksida Halus, lemak kakao, saus cabai merah (dengan penguat rasa MSG) (41%), ekstrak bawang bombay, Garam), bahan pengemulsi (fosfat dan nabati), Krispi Beras (3%).",0,safe
"minyak tumbuhan berkualitas, Perisa Alami Mangga, penguat, gandum, antioksidan asam askorbat, PERISA SINTETIK VANILA PEWARNA ALAMI (KURKUMIN CI 75300 DAN KARAMEL IV), Premiks Vitamin dan Mineral.",1,unsafe
"Perisa Alami, bawang merah (0, tepung dari biji beras, seledri, crustacea, bahan pengemulsi, Air murni.",1,unsafe
"perisa ayam sintetik, Penguat Rasa (Mononatrium Glutamat dan Dinatrium Ribonukleotida), Pengental Nabati, crustacea, BUBUK SARI BUAH YUZU (0.",1,unsafe
"beras kering, bubuk lada hitam, Penguat Rasa (Mononatrium L-glutamate, LEMAK REROTI (MENGANDUNG ANTIOKSIDAN (TOKOFEROL CAMPURAN PEKAT(307b))), Pengemulsi Fosfat.",0,safe
"Kentang yang dikeringkan, Bawang Putih Bubuk (mengandung Kacang Tanah), 5%), Gula (17%), PERISA ALAMI PANGGANG.",0,safe
"Lesitin, Cabe (8, kepiting, Sayuran Bubuk.",1,unsafe
"Gula, Krimer, Padatan Susu (22%),
Penstabil Nabati, Perisa Sintetik,
Pengatur Keasaman, Karagenan
(5%), Kakao Bubuk, Konnyaku Bubuk,
Anti Kempal, Perisa Alami, Ekstrak
Alpukat (1.5%), Garam, Pewarna Makanan Sintetik (Tartrazin CI 19140, Biru Berlian FCF CI 42090).",1,unsafe
"Gula (17%), KAKAO BUBUK (1%), Natrium Polifosfat), Bifidobacterium, bahan pengemulsi, VITAMIN B3.",0,safe
"Krispi Beras (3%), sirup tinggi fruktosa, anti kempal silikon dioksida), bubuk cabai merah, aroma ayam buatan, Nabati.",0,safe
"Madu Bubuk (0, MINYAK NABATI (MENGANDUNG MINYAK INTI KELAPA SAWIT TERHIDROGENASI, 132%), telur, bawang putih halus (0.",1,unsafe
"natrium benzoat sebagai pengawet, Minyak Nabati (Mengandung Antioksidan Askorbil Palmitat & Tokoferol), penguat rasa mononatrium L-glutamat, perisa alami paprika, Minyak Ketapa Sawit, susu bubuk, ANTIOKSIDAN TBHQ.",1,unsafe
"Tepung Gandum, Minyak Nabati (mengandung antioksidan tokoferol dan pewarna alami Beta-Karoten (sayuran) CI. No. 75130), Cokelat Hitam (17%), Gula. Gula Merah, Sirup Glukosa, Pati Beras, Kakao (3%), Garam, Perisa Alami, Pengembang Natrium Hidrogen Karbonat, mengandung alergen, lihat daftar bahan yang decetak tebal Dapat mengandung : Telur, Susu, kacang Tanah. Kacang Pohon.",1,unsafe
"Ikan tenggiri giling, pati sagu, garam halus, minyak nabati.",0,safe
"Kentang, Pengatur Keasaman, 9% SERPIHAN KENTANG (MENGANDUNG KENTANG 99, beras berkualitas, 75120), Bumbu Rasa Abon Sapi 1, Pati Kentang.",0,safe
"Daging ikan tenggiri, tepung sagu, garam dapur, minyak tumbuhan",0,safe
"Singkong premium (64,92%), serbuk jagung pilihan, tepung maizena berkualitas, minyak kelapa sawit murni, air murni, zat pengemulsi",0,safe
"COKELAT COMPOUND PUTIH (MENGANDUNG SUSU BUBUK), TEPUNG TERIGU, GULA,
PENGENTAL (DIPATI FOSFAT (1412), PATI ASETAT (1420)), REMAHAN BISKUIT (MENGANDUNG PERISA SINTETIK (COKELAT), TEPUNG TERIGU), LEMAK REROTI (MENGANDUNG ANTIOKSIDAN (TOKOFEROL CAMPURAN PEKAT(307b))), TEPUNG GANDUM UTUH, KAKAO BUBUK (1%), SUSU BUBUK (1%), PERISA SINTETIK (SUSU, VANIA (0.22%), MENTEGA (MENGANDUNG ANTIOKSIDAN (TOKOFEROL CAMPURAN PEKAT(307b)))), GARAM, RAGI, PENGEMBANG (NATRIUM HIDROGEN KARBONAT (500(ii))). 
MENGANDUNG ALERGEN, LIHAT DAFTAR BAHAN YANG DICETAK TEBAL.
DIPRODUKSI MENGGUNAKAN PERALATAN YANG JUGA MEMPROSES BARLEY, RYE, OAT DAN ALMOND.",1,unsafe
"bubuk konjak, Pelapis Perisa Sintetik, Diproduksi menggunakan peralatan, zat pengemulsi (fosfat, Sirup jagung, Kakao Bubuk 5%.",0,safe
Teh hijau pilihan,0,safe
"Tepung Terigu, Gula, Minyak Nabati (mengandung Antioksidan TBHQ), Lemak Nabati, Dekstrosa, Kakao Bubuk 5%, Pati Jagung, Sirup Tinggi Fruktosa, Maltodekstrin, Pengembang, Garam, Pengemulsi Lesitin Kedelai, Perisa Sintetik. Informasi Alergen : Mengandung alergen lihat daftar bahan yang dicetak tebal. ",1,unsafe
"Peringatan: Berisi alergen, thermophilus), Sirup gula invert (mengandung pengatur keasaman asam, susu.",1,unsafe
"Udang giling, bubuk sagu, garam laut, minyak nabati murni",0,safe
"Krimer minuman, irisan daun bawang, Pati Kentang (59, 3% (Mengandung Kecap bubuk.",0,safe
"Biji Bunga Matahari (94.7%), Garam, Gula, Perisa Sintetik Rempah - Rempah.
Diproduksi dengan peralatan yang juga memproses produk yang mengandung susu.",1,unsafe
"Antioksidan TBHQ [E319], Tepung Jaqung, 48%, susu bubuk.",1,unsafe
"92%), lesitin kedelai, Tetur, Anti Kempal, kacang, garam murni, pemanis dekstrosa.",1,unsafe
"Kentang pilihan, minyak sawit berkualitas (mengandung antioksidan alami tokoferol), gula dekstrosa",0,safe
"garam beryodium, Pewarna Alami Beta Karoten (Sayuran) CI, Minyak Nabati (Kelapa Sawit, Pengatur Keasaman (Kalium Karbonat, pewarna alami beta-karoten (sintetik) CI, Lakotsa, natrium benzoat sebagai pengawet, DAN NABATI).",0,safe
"Air bersih, gula dan sirup jagung tinggi fruktosa, polidekstrosa, jus jeruk mandarin segar (4,5%), pengental (gom lokus, gom xanthan, karagenan, kalium klorida, kalsium laktat), glukosa, pengatur asam (asam sitrat, trinatrium sitrat), gelatin ikan, aroma jeruk mandarin buatan, tepung konjak, pemanis artifisial asesulfam-K.",0,safe
"Singkong ungu terpilih, Semolina Jagung 36%), jagung), Tanpa pemanis artifisial, Ekstrak kelapa segar (50%), gula dan pengawet (natrium benzoat), Perisa Sintetik Ayam Goreng Perisa Sintetik Ayam.",0,safe
"Kacang Hazel (6, Lesitin, LIHAT DAFTAR BARAN YANG, pengawet natrium benzoate), Pewama Sintetik Eritrosin CI.",0,safe
"7%) (GULA, 55%), SAUS: Air, Pengemulsi (Dinatrium Difosfat, Penstabil Dinatrium Difosfat, perisa ayam artifisial.",0,safe
"Antioksidan BHT, 557%), air mineral, Pewama Sintetik Tartrazin CI No, merica bubuk, 07%), siung bawang putih (0, Anti Kempal Siiikon Dioksida Halus.",0,safe
"sesame, Ester Sukrosa, MINYAK OLEIN KELAPA SAWIT, Pengemulsi nabati, Pewama Alami Karmin CI, penguat tasa dinatrium inosinat dan guanilat) dan vitamin (A.",1,unsafe
"Pati, daun jeruk kering, cabai giling, krustasea, Ubi kayu pilihan (63.",1,unsafe
"Sayuran 38% (Kubis, Acar sawi, Bawang bombay, Bawang prei, Daun bawang, Lobak kering, bawang putih, Cabe cheongyang), Air, Tepung terigu, Tahu (Kedelai), Penstabil Hidroksipropil dipati fostat, isolat protein kedelai, Minyak kedelai, TVP (Kedelai), Cabe merah bubuk, Perisa alami, Kecap (Kedelai, Gandum, Barley), Minyak wijen, Cuka, Minyak kanola, Garam, Serat rebung, Tepung gluten, Gula, Pengental Natrium karboksimetil selulosa, Penguat rasa Dinatrium 5'-ribonukleotida, Bumbu 0.3% (Mengandung Kecap bubuk, Protein Kedelai terhidrolisis), Jahe bubuk, Lada hitam bubuk.
Mengandung Alergen, lihat daftar bahan yang dicetak tebal. Diproduksi menggunakan peralatan yang juga memproduksi Susu, Telur, udang, kepiting, cumi-cumi, ikan, wijeng, dan kacang",1,unsafe
"kedelai, pengawet kalsium propionat, rumput laut wakame kering (7%), perisa sintetik vanilla, Rempah-rempah, Saus Stroberi 16% (Mengandung Kalium Sorbat), Ekstrak Rempah.",1,unsafe
"wijen, lihat bahan bercetak tebal, Pektin), Cabe cheongyang).",1,unsafe
"Serat Pangan, 56%), gluten, pewarna alami beta-karoten (sayuran) CI 75130), glukosa), Tepung Beras).",1,unsafe
"36%), penguat rasa mononatrium L glutamat, Pewarna Beta Carotene (sintetik CI 40800), Jagung segar, tepung terigu.",1,unsafe
"Fruktosa, 78% (Mengandung cabe merah (28%), penguat rasa dinatrium guanilat dan inosinat), 25 % ).",0,safe
"Lemak Nabati (mengandung Antioksidan dl-Alfa Tokoferol), Jagung, Gula, Whey Bubuk, Kakao Bubuk (7.38%), Susu Skim Bubuk, Tepung Beras, Pati Kentang, Pengemulsi (Lesitin Kedelai), Garam, Penstabil (Kalsium Karbonat), dan Perisa Sintetik Vanila.
Mengandung alergen, Lihat komposisi yang dicetak tebal.
Diproduksi menggunakan peralatan yang juga memproses Krustase, Telur, Ikan, Moluska, Oat, Kacang Tanah, Kedelai, Racang Pohon, dan Gandurn.",1,unsafe
"tepung beras putih halus, Tartrazin CI No, Bumbu Rasa Ayam (Mengandung, Gula kristal, Gula (17%), susu, Pewarna Alami Karamel kelas.",1,unsafe
"Antioksidan Askorbil Palmitat dan Tokoferol, Margarin (Mengandung Antioksidan BHA dan Pewama Alami Beta Karoten CI, minyak mustard, MINYAK KELAPA MURNI, Singkong segar (63, KACANG HAZEL 28, ketan.",0,safe
"bubuk keturbar (0, Ketumbar Bubuk, Sirup gula invert (mengandung pengatur keasaman asam, tepung tapioka, tidak cocok untuk penderita Feniketonurik, ketan, air steril, Perisa Sintetik [Karamel.",0,safe
"Pengembang (Amonium Bikarbonat dan Natrium Bikarbonat), 55%), Pewarna Sintetik Kuning FCF CI No, INULIN, perisa alami paprika, minyak nabati (dari kelapa sawit), Bawang Putih Bubuk, Pengatur Keasaman Asam Laktat.",0,safe
"Sup : Miso beras (59%) (air, hazelnut, B12, penyedap MSG, Ekstrak Anato CI, Umbi kentang, Pati Modifikasi.",1,unsafe
"kasein, Pengatur Keasaman (Kalium Karbonat, Penguat Rasa [Dinatrium 5'-Inosinat (E631), Peringatan: Memuat alergen.",1,unsafe
"Bumbu Rasa Barbekue 11, kedelai, Jagung (18, minyak kelapa sawit murni (dengan tokoferol sebagai antioksidan), SAUS: Air, Beras premium (85.",1,unsafe
"Tepung Terigu, Gula, Lemak Reroti (Mengandung Antioksidan
Tokoferol), Pati Tapioka, Lemak Susu Anhidrat, Susu Bubuk, Whey
Bubuk, Garam, Pengembang (Amonium Bikarbonat dan Natrium
Bikarbonat), Minyak Ikan (Mengandung Antioksidan Askorbil
Palmitat, Natrium Askorbat, Tokoferol), Premiks Vitamin dan Mineral.
Informasi Alergen:
Mengandung alergen, lihat daftar bahan yang dicetak tebal. Diproduksi
menggunakan peralatan yang juga memproses: Kacang Tanah, Kedelai,
Gandum, Telur, Susu, Wijen dan Produk Kacang-kacangan.",1,unsafe
"Lemak Reroti (Mengandung Antioksidan Askorbil Palmitat dan, Antikempal Silikon Dioksida, Pewarna Sintetik Makanan Kuning FCF CI No, bawang merah goreng.",0,safe
"asam askorbat), Air bersih, MINYAK KELAPA MURNI, wijen.",1,unsafe
"Serpihan Kentang 60%, Pasta Tomat, perisa sintetik, whey, Pengembang Amonium Bikarbonat [E503ii].",1,unsafe
"Beras pilihan (85,79%), pati singkong, maltodekstrin, garam dapur, gula pasir, MSG, perisa ayam buatan, minyak sayur (dengan TBHQ), irisan daun bawang, serbuk bawang putih, bubuk merica, vitamin (A dengan tokoferol, B1, B2, B6, B12).",0,safe
"perisa ayam sintetik, Bawang Bombay Bubuk 1, AIR, kacang mede.",1,unsafe
"Rumput laut kering (47%), minyak dari jagung, garam beraroma (5%) (dengan MSG, dinatrium inosinat dan guanilat), minyak buah zaitun (4%), minyak biji wijen.",0,safe
"irisan daun bawang, pengental xanthan, Semolina Jagung 36%), (Mengandung Antioksidan BHA), Kakao (5 5%).",0,safe
"susu, Kakao (5 5%), bawang merah segar, 63%), PERISA SINTETIK(COKELAT, Penstabil Dipati adipat terasetilasi.",1,unsafe
"Kentang segar, lesitin kedelai, Krimer Nabati, Penstabil Nabati.",1,unsafe
"Kentang berkualitas, minyak sawit premium (dengan kandungan antioksidan tokoferol), dekstrosa alami",0,safe
"Ekstrak kelapa segar (50%), susu bubuk, Pemanis Alami Sorbitol Sirup, Pewarna Beta-karoten (sayuran) CI 75130 (INS 160a(ii)), Maltosa, Minyak bumbu: Minyak tumbuhan, lemak reroti (mengandung antioksidan tokoferol).",1,unsafe
Teh hijau sencha,0,safe
"GULA, Perisa sintetik vanila, daun bawang kering, cokelat leleh hitam, minyak nabati (mengandung antioksidan tokoferol campura pekat [E307b]), pewarna sintetik tartrazin, 38 % ), penyedap mononatrium glutamat.",0,safe
"beras, ANTIOKSIDAN (TOKOFEROL CAMPURAN PEKAT (307b))), Margarin (Mengandung Antioksidan BHA dan Pewama Alami Beta Karoten CI, ikan.",1,unsafe
"Gula, sirup jagung, susu bubuk (15%), minyak nabati, konsentrat jus stroberi (8%), garam, pengatur keasaman asam sitrat, perisa alami susu, antioksidan asam askorbat, pewama alami antosianin, pengemulsi lesitin kedelai
Mengandung alergen, lihat daftar bahan yang dicetak tebal",1,unsafe
"Ubi kayu berkualitas (63, Peterseli, Tanpa, Bumbu Asin, telur, ASAM MALAT (296)), Perlakuan Tepung (Natrium Stearoil-2-Laktilat).",1,unsafe
"Kacang Tanah (45, Bebas pemanis artifisial, Tepung Beras), Kismis (9%), TARTRAZlN CI, Perisa sintetik cokelat (mengandung pengawet kalium sorbat), Anti Kempal Siiikon Dioksida Halus, Penstabil Dinatrium Difosfat.",0,safe
"Gelatin Sapi, bubuk bawang bombai (0, aroma ayam sintetis, Cabe, Pewarna Alami Beta Karoten CI 40800 (mengandung Antioksidan Tokoferol), susu.",1,unsafe
"minyak dari jagung, ikan, pemanis buatan asesulfam-K, 22%), daging sapi bubuk, Bubuk Ketumbar (0.",1,unsafe
"tepung dari beras, tepung terigu, Pewama Sintetik Tartrazin CI No, Pewarna Alami Karamel l, Kacang Pikan (15, nisin), pewarna makanan karamel IV alami.",1,unsafe
"serbuk jagung, tepung tapioka, KAKAO BUBUK (1%), 38%), BAHAN PELENGKAP: Daun bawang kering, Semolina Jagung), Pasta Kacang Hazel, MINYAK NABATI (MENGANDUNG ANTIOKSIDAN (TOKOFEROL CAMPURAN PEKAT (307))).",0,safe
"Kakao, DAN PENGATUR KEASAMAN ASAM SITRAT, sitrat dan natrium hidrogen karbonat), Bawang Putih Bubuk 0, sari buah jeruk mandarin (4, minyak nabati, lihat daftar baha yang dicetak tebal.",0,safe
"pengawet natrium metabisulfit, Minyak goreng kelapa sawit (mengandung antioksidan TBHQ), almond, beras olahan.",1,unsafe
"Tepung gandum penuh, tepung beras putih murni, cokelat leleh hitam, bubuk kakao, krimer nabati, gula pasir, lemak kakao, dan garam halus",0,safe
"kacangan pohon (tree nuts), Bubuk porang (48%), BUBUK KARI, gandum, bawang putih parut.",1,unsafe
"Tepung gandum wholegrain, tepung dari beras putih, cokelat hitam cair, serbuk cokelat, krimer nabati, gula pasir, mentega cokelat, dan garam",0,safe
"Daging Ayam (56, Sirup Glukosa, keju, Ubi kayu segar (64.",1,unsafe
"pati tapioka, tartrazin CI 19140, Jahe, Catatan: Berisi alergen.",0,safe
"Jagung bubuk (65,8%), umbi singkong (31,2%), air minum, minyak kelapa sawit murni, emulsifier (fosfat, tumbuhan)",0,safe
"Tepung Terigu, Gula, Lemak Reroti (mengandung antioksidan tokoferol), Tapioka, Bumbu Rasa Abon Sapi 1.79% (mengandung pewarna makanan sintetik Kuning FCF (CI 15985)), Protein Nabati (KedeIai), Susu Bubuk, Garam, Ekstrak Malt, Ragi, Pengembang, Penguat Rasa Mononatrium Glutamat.
- Mengandung alergen, lihat daftar bahan yang dicetak tebal
- Dapat mengandung telur dan kacang",1,unsafe
"Jagung, Minyak Nabati, Garam, Dekstrosa, Laktosa, Keju (0.8%), Protein Susu, Maltodekstrin, Minyak Mentega, Rempah, Perisa Alami Nacho Cheese",1,unsafe
"VANILA), Krispi Beras (3%), Antioksidan Askorbil Palmitat dan Tokoferol), Pengatur Keasaman Asam Asetat, bumbu rempah alami, bawang putih halus (0, whey.",1,unsafe
"susu, Lemak Reroti(mengandung antioksidan TBHQ), KRIUK AYAM ASLI (5, kalsium laktat), Antioksidan Natrium Askorbat, KAKAO BUBUK(2%).",1,unsafe
"tepung jagung, garam alami, Perisa sintetik (Vanila, garam gurih (5%) (mengandung penyedap MSG.",0,safe
"whey, Semolina Jagung), perisa buatan cocopandan, 79% (mengandung pewarna makanan sintetik Kuning FCF (CI 15985)), Saus Cabai (4, Pengatur Keasaman.",1,unsafe
"ikan, Perisa Sintetik Lemon, kaldu sayuran, 63% (Mengandung Jagung Bubuk (2%), PERISA SINTETIK(COKELAT.",1,unsafe
"Gula, Jagung Berondong (27.45%), Glukosa, Minyak Nabati (mengandung Antioksidan TBHQ), Lemak Susu Anhidrat, Kakao Bubuk (2.35%), Krimer Nabati, Maltodekstrin, Susu
Bubuk, Garam, Perisa Sintetik Cokelat,
Pengemulsi (Lesitin Kedelai), dan
Pengembang (Natrium Bikarbonat).
Mengandung alergen, lihat komposisi yang dicetak tebal.
Diproduksi menggunakan peralatan yang juga memproses Krustase, Telur, Ikan, Moluska, Oat, Kacang Tanah, Kedelai, Kacang Pohon, dan Gandum.",1,unsafe
"Kakao (5 5%), garam dapur (1%), Bawang Bombay Bubuk, lesitin kedelai.",1,unsafe
"Pengembang (mengandung Antioksidan Asam Askorbat), 150c), disarankan tidak dikonsunsi oleh anak di bawah 5 (lima) tahun, Pewama Alami Karamel Kelas IV.",0,safe
"8%) (mengandung antioksidan (BHA, Perisa Alami Chili, Gula, Kakao Bubuk (1, asam laktat), Pengganti Lemak Kakao.",0,safe
"bumbu (mengandung laktosa, Perisa sintetik rumput laut, Bekatul, Kacang Tanah (42.",0,safe
"antioksidan TBHQ, natrium benzoat sebagai pengawet, Pewarna Alami (Karamel I Plain, Pengawet Natrium Nitrit.",0,safe
"susu, bawang putih bubuk, Bawang prei, perisa cocopandan sintetik, Tokoferol Campuran), Niasin, Penstabil Hidroksipropil dipati fostat.",1,unsafe
"minyak nabati non-hidrogenasi (kelapa sawit, bahan yang dicetak tebal"", minyak sawit premium (dengan kandungan antioksidan tokoferol), Perisa sintetik cokelat (mengandung pengawet kalium sorbat), Minyak Nabati Kelapa Sawit, saus sambal pedas (dengan penguat rasa MSG) (41%).",0,safe
"Daging ikan sarden (51%), saus tomat homemade (45%), gula pasir, garam laut, bawang putih parut (0,7%), irisan tipis bawang merah",0,safe
"Air minum, gula dan sirup jagung kaya fruktosa, polidekstrosa, sari jeruk mandarin (4,5%), pengental (gom biji lokus, gom xanthan, karagenan, kalium klorida, kalsium laktat), glukosa, pengatur keasaman (asam sitrat, trinatrium sitrat), gelatin ikan, perisa jeruk mandarin sintetis, bubuk konjak, pemanis artifisial asesulfam-K.",0,safe
"Biskuit 39% (mengandung Tepung Terigu, Susu), Gula, Oadatan Kakao 21% (Kakao Massa), Lemak Kakao), Padatan susu 10% (Whey Bubuk, Susu Bubuk Full Cream), Lemak Nabati (mengandung Antioksidan Tokoferol Campuran Pekat), Pengemulsi Nabati (lesitin Kedelai), Penstabil Nabati, Pelapis Perisa Sintetik. 
Mengandung alergen, lihat daftar bahan yang dicetak tebal.
Diproduksi menggunakan peralatan yang juga memproses kacang-kacangan, kedelai, gandum, dan wijen.",1,unsafe
"Beras premium (85,79%), tepung tapioka, maltodekstrin, garam laut, gula, MSG, perisa ayam sintetik, minyak nabati (dengan antioksidan TBHQ), daun bawang kering, bubuk bawang putih, lada halus, vitamin (A dengan tokoferol, B1, B2, B6, B12).",0,safe
"Pengental Pektin, Pengembang (Amonium Bikarbonat dan Natrium Bikarbonat), Dikalsium Fosfat, Lobak premium (60%), Sintetik, Bubuk Jelly, Kuning.",0,safe
"penguat rasa mononatrium L-glutamat, almond, PENSTABIL: GOM KACANG LOKUS, Jagung giling, PEMANIS BUATAN ASPARTAM)), Kecap Inggris (Mengandung alkohol 0, Moluska.",1,unsafe
"telur, Tanpa, perisa ayam buatan, PENGEMULSI NABATI, bawang putih segar (0.",1,unsafe
"Biji Bunga Matahari (90.58%), Garam,
Bubuk Kelapa (0.5%), Perisa Sintetik Kelapa
Informasi Alergen : Diproduksi menggunakan peratatan yang memproses susu",1,unsafe
"SIRUP MALTOSA, saripati bayam, 15985), garam dapur (1%), bahan pengemulsi (fosfat, lihat, KRIM 14%, Rasa (Dinatrium Inosinat.",0,safe
"beras olahan, susu, dan Pengatur Keasaman (Asam Sitrat), serbuk cokelat, Bubuk Bawang Putih, ANTIOKSIDAN ASKORBIL PALMITAT), dan Kacang Tanah.",1,unsafe
"Krispi Beras Cokelat (29, tepung terigu, pewarna alami beta-karoten (sayuran) CI 75130), (Ponceau 4R CI 16255.",1,unsafe
"Pati Termodifikasi Asam, kismis 16, minyak sayur murni, minyak sawit (mengandung antioksidan tokoferol).",0,safe
"Daglng Ayam (56%), Air, Tepung Pelapis (Mengandung Tepung Terigu. Pengembang Natrium Bikarbonat, Penstabil Dinatrium Difosfat). Minyak Nabati, Bumbu Rasa Ayam
(Mengandung Penguat Rasa Mononatrium Glutamat), Garam,
Penstabil Fosfat. Tanpa Pengawet.",1,unsafe
"TEH HIJAU BUBUK (2%), Daging Ayam 35%, Rempah (Bawang Merah Bubuk, bawang putih bubuk, Dinatrium 5'-Ribonukleotida), susu, Pemanis Alami Glikosida Steviol.",1,unsafe
"Tepung Gandum, Gula (mengandung
Pengawet Sulfit), Lemak Reroti, Maltodextrin, Kacang Hazel (6.07%). Whey Bubuk, Kakao Bubuk (2.43%), Susu Bubuk, Lesitin, Minyak Goreng, Minyak Triglsenda, Garam, Perisa Sintetik, Penstabil Natrium Karbonat,
Enzim Protease (Mengandung Gandum).
Mengandung Alergen, Lihat Daftar Bahan Yang Dicetak Tebal",1,unsafe
"Kakao Bubuk 6, Margarin (14%) (mengandung antioksidan (BHA, minyak sayur pilihan, gula murni, 5%).",0,safe
"Lemak Reroti (Mengandung Antioksidan, Biji Bunga Matahari (94, bubuk bawang bombay, Bawang Putih Bubuk (mengandung Kacang Tanah), kedelai, minyak sayur, Kacang Tanah (45.",1,unsafe
"bahan pengental alami, BERAS JEPANG (63, tepung maizena, PENGUAT RASA MONONATRIUM L-GLUTAMAT, SAOS CABE: Air, Krimer Nabati.",0,safe
"Kacang Mede (55.17%), Tepung Terigu, Gula, Pati Jagung, Minyak Kelapa Sawit, Bumbu Rasa Honey Butter (4.37% (Mengandung Susu (4%), Penguat Rasa Mononatrium Glutamat E621, Kecap Bubuk, Penstabil Kalium Fosfat, Lemak Mentega (0.09%)), Madu Bubuk (0.36%), Garam, Pengembang. Penguat Rasa (Mononatrium Glutamat E621, Dinatrium Inosinat E631 dan Dinatrium Guanilat E627) Mengandung alergen, lihat daftar bahan yang dicetak tebal. Diproduksi menggunakan peralatan yang juga memproses berbagai macam ringan yang mengandung susu dan udang",1,unsafe
"Tomat ( 0, Tanpa bahan pengawet dan pemanis artifisial, Pengatur Keasaman (Kalium Karbonat, kepiting.",1,unsafe
"Susu, buah campuran: (lidah buaya (10%), gula, pengental hidroksipropil dipati Fosfat, perisa Identik alami lidah buaya, Konsentrat sari buah lemon, pengawet asam sorbat), gula, protein susu, kultur (streptococcus thermophilus, lactobacillus Bulgaricus, lactobacillus acidophilus).",1,unsafe
"Rolled Oats (83, telur bubuk, Penstabil Kalium Fosfat, Antioksidan Alfa Tokoferol.",1,unsafe
"Perisa sintetik rumput laut, 19140), penguat rasa mononatrium L-glutamat, Natrium Bikarbonat), Sayap Ayam (85, Polidekstrosa, aroma ayam sintetis, Aditif makanan bersumber dari tumbuhan dan sintetis.",0,safe
"telur bubuk, Kakao bubuk (6, kaldu dari sayuran, 03% (MENGANDUNG JALAPENO BUBUK 10%), Pemanis Alami Isomalt, perisa sintetik (stroberi, Minyak Sawit.",1,unsafe
"Udang segar olahan, pati sagu murni, garam, minyak tumbuhan pilihan",0,safe
"Tepung terigu, Gula, minyak nabati non-hidrogenasi (kelapa sawit, rapeseed), sirup gula, pengembang (natrium hidrogen karbonat (INS500ii)), tepung kedelai, garam, kayu manis. Mengandung alergen, lihat daftar bahan yang dicetak tebal. Aditif makanan bersumber dari tumbuhan dan sintetis. Mengandung: gandum dan kedelai.",1,unsafe
"beras berkualitas, telur bubuk, Minyak Nabati (Mengandung Antioksidan TBHQ), Krimer, dan garam.",1,unsafe
"Gula, Tepung Terigu, Minyak Nabati
(mengandung Antioksidan TBHQ),
Tepung Beras, Kakao Bubuk (6.68%),
Susu Skim Bubuk, Whey Bubuk,
Krimer Nabati, Garam, Pengemulsi
(Lesitin Kedelai), Perisa Sintetik
Cokelat dan Vanila.
Mengandung alergen, lihat komposisi yang dicetak tebal.
Diproduksi menggunakan peralatan yang juga memproses Krustase, Telur,
Ikan, Moluska, Oat, Kacang Tanah,
Kedelai, dan Kacang Pohon.",1,unsafe
"Minyak dari biji kedelai (dengan antioksidan askorbil palmitat), air minum berkualitas, kuning telur segar, gula (mengandung sulfit pengawet), garam murni, pengatur pH (asam asetat dan asam laktat), penyedap rasa MSG, pengental gom xanthan, minyak biji sawi, EDTA sebagai sekuestran, perisa alami paprika.",0,safe
"Singkong pilihan (63, Bumbu Ayam Teriyaki ({6, garam (1%), garam, alkohol.",0,safe
"Singkong segar (63,5%), minyak olein kelapa sawit, racikan bumbu (mengandung gula, MSG, bubuk bawang putih dan bombay, penguat rasa dinatrium guanilat dan inosinat), garam laut (0,63%).",0,safe
"Anti Kempal, Kecap Bubuk, Ekstrak Protein Sayuran, PEMANIS BUATAN ASPARTAM)).",0,safe
"Pengental Natrium karboksimetil selulosa, gandum, coklat cair pekat, beras berkualitas.",1,unsafe
"bahan pengemulsi, Informasi Alergen, 78% (Mengandung bawang putih (39%), Antioksidan Natrium Askorbat, Daging Sapi 21, hazelnut.",1,unsafe
"Pengawet Natrium Metabisulfit, garam murni (0, Kakao Bubuk (6, gula glukosa, Minyak Sawit, Penstabil Dinatrium Difosfat, Perisa Sintetik Stroberi.",0,safe
"Gula pasir, sirup glukosa, pengatur asam (asam sitrat), sari asam jawa (0,80%), garam dapur, pewarna makanan alami karamel IV, perisa buatan.",0,safe
"Rapa Terhidrogenasi), telur bubuk, tepung konyaku, REMAHAN BISKUIT (MENGANDUNG PERISA SINTETIK (COKELAT), Bifidobacterium.",1,unsafe
"Krim pasteurisasi, aroma jeruk mandarin artifisial, Rumput Laut (0, Mi bihun: Pati jagung, Pengembang Natrium Hidrogen Karbonat.",0,safe
"Sarden pilihan (51%), saus cabai merah (dengan penguat rasa MSG) (41%), gula, bawang putih cincang, irisan bawang bombay, garam, cabai rawit pedas (1%)",0,safe
"Puree Mangga (10%), PENGUAT RASA MONONATRIUM L-GLUTAMAT, Cuka, aroma jeruk mandarin buatan, asam askorbat).",0,safe
"Gula, Padatan Kakao 24% (Kakao Massa, lemak Kakao), Padatan Susu 24% (Susu Bubuk Full Cream, Susu Skim Bubuk), Kacang Mede (17%), Lemak Nabati (mengandung Antioksidan Tokoferol Campuran Pekat), Krispi Beras (3%), Pengemulsi Nabati (Lesitin Kedelai, PGPR), Garam, Perisa Alami, Antioksidan BHT. Mengandung alergen, libat daftar bahan yang dicetak tebal. Diproduksi menggunakan peralatan yang memproses Kacang-kacangan, Kedelai dan Gandum.",1,unsafe
"Tepung terigu, minyak nabati, tepung 
tapioka, garam, penstabil (nabati dan fosfat), pengatur keasaman, mineral (zat besi), pewarna sintetik tartrazin
CI 19140 dan antioksidan TBHQ.
BUMBU : Gula, garam, penguat rasa mononatrium glutamat, bawang putih bubuk, bawang merah bubuk,
perisa sintetik ayam (mengandung ikan, telur, susu, penguat tasa dinatrium inosinat dan guanilat) dan vitamin (A, B1, B6, B12, Niasin, Asam Folat, Pantotenat). CABE BUBUK
MINYAK : Minyak nabati dan bawang merah.
KECAP MANIS : Gula, air, kedelai & gandum, garam, rempah-rempah, minyak nabati (mengandung wijen).
Mengandung alergen, lihat daftar bahan yang dicetak tebal. Mungkin mengandung udang dan kacang tanah.",1,unsafe
"lemak reroti (mengandung antioksidan askorbil palmitat, mentega, Rempah (mengandung cabe (0, Antioksidan Natrium Eritorbat.",1,unsafe
"Gula Tepung Terigu Minyak Nabati, Whey Bubuk, Kakao Bubuk, Susu Skim Bubuk, Maltodekstrin, Pengemulsi Nabati (Lesitin Kedelai), Garam, Perisa Sintetik.
Mengandung alergen, lihat daftar bahan tebal.
Diproduksi menggunakan peralatan yang juga memproses Kacang-kacangan, Telur, Kedelai dan Gandum.",1,unsafe
"pengawet asam sorbat dan nisin), B3 (Niasin), daun limau, Pewarna Makanan Sintetik.",0,safe
"Pewama Alami (Karamel Kelas III/E, dinatrium guanilat dan inosinat), dan garam dapur, Pewarna Alami Karamel III - E150c), kaldu tumbuhan, Singkong premium (64, pengental (gom lokus.",0,safe
"whey, Pengembang Natrium Hidrogen Karbonat), Biji Buah Labu, penstabil monokalsium fosfat.",1,unsafe
"Daging Sapi (96%), Garam, Pengemulsi Fosfat, Pengawet Natrium Nitrit.
Diproduksi menggunakan peralatan yang juga memproses ikan, kedelai, crustacea, gandum & wijen.",1,unsafe
"Teh hijau, KECAP MANIS : Gula, Pati Jagung, saus tomat homemade (45%), pengembang (natrium hidrogen karbonat (INS500ii)), krustasea.",1,unsafe
"lesitin kedelai, daun jeruk segar, Singkong segar (63, BIRU BERLIAN FCF CI.",1,unsafe
"Cokelat Pasta (33,8%), Air, Telur Ayam, Tepung Terigu, Margarin (Mengandung Antioksidan Tokoferol, Pewarna Alami Beta Karoten CI. NO. 75130), Lemak Reroti (Mengandung Antioksidan Tokoferol), Susu Bubuk Skim, Garam, Pengembang (Mengandung Kalsium Karbonat, Dinatrium Difosfat dan Natrium Hidrogen Karbonat).",1,unsafe
"minyak kelapa sawit, Pewarna alami Karamel I, tepung beras putih murni, garam laut, lemak kakao, Teh hijau, Sultana (5%).",0,safe
"Daun bawang, Bawang Putih Bubuk), Biji jagung, minyak nabati sawit, 9%) (mengandung Antioksidan, Pemanis Buatan Sukralosa, COKLAT HITAM COMPOUND.",0,safe
"magnesium klorida), susu bubuk, Kakao Massa (3, lemak reroti (mengandung antioksidan tokoferol), natrium benzoat sebagai bahan pengawet.",1,unsafe
"Perisa sintetik, Pewarna Beta Carotene (sintetik CI 40800), (mengandung Antioksidan Askorbil, whey.",1,unsafe
"Air, Cokelat Pelapis 33%, Gula, Minyak Nabati, Padatan Susu 6%, Sirup Glukosa, Pengemulsi Nabati, Penstabil Nabati, Perisa Alami Vanila, Pewarna Alami Beta Karoten (sayuran) CI. No. 75130 (Mengandung Antioksidan d-alfa Tokoferol dan Asam Askorbat).",1,unsafe
"Pengemulsi, dinatrium 5'-inosinat, perisa cocopandan buatan, susu bubuk, sari buah asam (0, Keping Jagung (2, ekstrak jeruk mandarin (4.",1,unsafe
"gandum, Pengembang (Amonium Hidrogen Karbonat, Mengandung fenilalanin, Minyak Sayur.",1,unsafe
"Lemak Kakao, 09%)), Cabe Bubuk, KAKAO BUBUK (1%), 6%), Bekatul, daun jeruk wangi, PERISA SINTETIK (YUZU (MENGANDUNG ANTIOKSIDAN (DL-ALPHA TOKOFEROL (307c))).",0,safe
"susu, bubuk bawang putih dan merah, Pewarna Makanan Sintetik, Minyak, Bumbu Rasa Seledri.",1,unsafe
"antioksidan TBHQ, telur, minyak kelapa sawit murni, minyak dari kelapa sawit (dengan antioksidan tokoferol), CI 19140 dan antioksidan TBHQ, pati singkong.",1,unsafe
"Tepung porang pilihan (48%), tepung dari biji beras, air matang",0,safe
"gluten, BUMBU MINYAK: MINYAK NABATI, Nisin), minyak goreng sehat, Krimer Nabati Bubuk, Pengembang (natrium nidrogen karbonat, gula tebu.",1,unsafe
"Serbuk jagung pilihan (65,8%), singkong segar (31,2%), air murni, minyak sawit berkualitas, emulsifier (fosfat dan nabati)",0,safe
"Glukosa, Perguat Rasa (Mononatrium Glutarnat, Dinatrium Inosinat, Dinatrium Guanilat), Garam, Bubuk Bonito kering, Ekstrak Bonito (1.55%), Ekstrak Ragi. ",1,unsafe
"Serpihan Kentang ({60.2%}, mengandung Antioksidan Askorbil Patmitat, Pewarna Alami Kurkumin CI 75300), Minyak Nabati (mengandung Antioksidan TBHQ), Bumbu Ayam Teriyaki ({6.3%}, mengandung Whey Bubuk, Bubuk Kecap, Bubuk Daging Ayam {2%}, Pewarna Alami Karamel III - E150c), Penstabil (Dipati Fosfat), Pengemulsi Nabati, Gula, Garam, Penguat Rasa (Mononatrium Glutamat), Cabe, Bubuk Bawang Bombay, dan Pengatur Keasaman (Asam Sitrat).",1,unsafe
"bubuk bawang putih dan bombay, madu murni (0, Blackurrant, garam, bubuk merica, Pengembang (Natrium hidrogen, Pemanis Alami Glikosida steviol).",0,safe
"karbonat dan amonium hidrogen karbonat), LEMAK NABATI, Oatmeal (41, KAKAO MASSA(3%).",0,safe
"udang, abai 6, Pewarna Sintetik (Tartrazin CI No 19140, Lemak Nabati ( mengandung Antioksidan Tokoferol ).",1,unsafe
"Gula, Tepung Terigu (23.7%), Pengganti Lemak Kakao, Lemak Reroti Nabati (Mengandung Antioksidan Askorbil Palmitat & Tokoferol), Kakao Bubuk (4.6%), Maltodekstrin, Minyak Nabati (Mengandung Antioksidan TBHQ), Krimer Nabati Bubuk, Whey Bubuk, Kalsium Karbonat, Pengemulsi Lesitin Kedelai, Susu Skim Bubuk, Garam, Kakao Massa, Perisa Sintetik, Pewama Alami Karamel Kelas IV, Pisang Bubuk (0.1%), Pengembang, Pengatur Keasaman Asam Malat, Tepung Telur, Pewarna Sintetik (Tartrazin CI 19140 & Kuning FCF CI 15985).",1,unsafe
"Jengkol, Bawang Merah, Sahang, Telur Ayam, Garam, Terigu, Cabe Merah, Minyak Sayur.",1,unsafe
"Kakao Massa (3, saus tomat homemade (45%), cabai merah bubuk, ANTIKEMPAL SILIKON DIOKSIDA.",0,safe
"Telur (37%), Gula (19%), Lemak Reroti (mengandung Antioksidan Askorbil Palmitat & Tokoferol) (19%), Tepung Terigu (19%), Minyak Mentega (6%).",1,unsafe
"Jagung (90,4%), Gula, Ekstrak Malt,
Garam, Premiks Vitamin dan Mineral
(Vitamin (A, Bl (Tiamin), B2
(Riboflavin), B3 (Niasin), B6 (Piridoksin), B9 (Asam Folat), B12
(Sianokobalamin), C (Asam Askorbat)),
Mineral Zat Besi dan Seng), Antioksidan Tokoferol.
""Mengandung alergen, lihat daftar
bahan yang dicetak tebal"".
Mungkin mengandung kedelai dan
kacangan pohon (tree nuts).",1,unsafe
"Pati, 14%), Pengawet (Kalium Sorbat dan Nisin), perisa buatan.",0,safe
"16255, telur bubuk, daun jeruk kering, Dinatrium Guanilat (E627), Dinatrium Inosinat dan Dinatrium Guanilat), Peterseli, Lemak Reroti (mengandung Antioksidan Tokoferol).",1,unsafe
"Pengemulsi (Dinatrium Difosfat), air, Daun Bawang ( 1, ekstrak tamarind (0, singkong pilihan (31, Kakao Massa (2%), Lada Putih Bubuk.",0,safe
"melon), Benzoat [E211])), Ekstrak Stroberi, tepung konjak, dan, ikan, Perisa Sintetik [Karamel.",1,unsafe
"Madu (3%), daging sapi bubuk, seledri kering, lemak reroti (Mengandung Antioksidan BHA), VITAMIN B3, laktosa.",0,safe
"kacang mede, PERISA SINTETIK(COKELAT, irisan daun bawang kering, Minyak Nabati (Kelapa Sawit, cabai merah kering.",1,unsafe
"AIR, KRIM 14%, SUSU SKIM BUBUK 9.5%, DEKSTROSA MONOHIORAT, KAKAO BUBUK 7%, GULA PASIR, INULIN, MINYAK KELAPA MURNI, SELAI CERY 1% (MENGANDUNG PEWARNA ALAMI ANTOSIANIN DAN PENGAWET KALIUM SORBAT), TEPUNG PREMIKS ESKRIM (MENGANDUNG SUSU), COKLAT HITAM COMPOUND, PENGEMULSI MONO DAN DIGLISERIDA ASAM LEMAK, PENSTABIL: GOM KACANG LOKUS, GOM GUAR, NATRIUM KARBOKSIMETIL SELULOSA",1,unsafe
"gula murni, sekuestran EDTA, air matang, 4% (mengandung pewarna alami kurkumin.",0,safe
"Dekstrosa, (29, PGPR), susu bubuk, seledri kering, var, zat pengemulsi.",1,unsafe
"Cokelat Compound Susu (55.56%),
Tepung Terigu, Lemak Reroti Nabati
(Mengandung Antioksidan Tokoferol),
Pati Gandum, Gula, Kakao Bubuk (1.72%), Gula Invert, Ekstrak Malt, Garam, Pengembang Natrium Bikarbonat, Pewama Alami (Karamel Kelas III/E.150c).
Mengandung alergen, lihat daftar bahan yang dicetak tebal
Mengandung Alergen : Susu, Gluten, Kedelai Dapat Mengandung Alergen : Kacang pohon
(tree nuts), Telur",1,unsafe
"aroma sintetis cocopandan, bumbu (bawang bombay, Pewarna sintetik (Kuning FCF CI No, kedelai, 31% (Mengandung Hidrolisat Protein Nabati.",1,unsafe
"Gula, glukosa murni, pengatur pH (asam sitrat), sari buah asam (0,80%), garam, pewarna makanan karamel IV alami, perisa artifisial.",0,safe
"Madu Bubuk (0, MINYAK SAYUR, minyak kelapa sawit murni, susu.",1,unsafe
"CI 75300, Pengemulsi (Nabati), kacang almond, Pengawet Natrium Benzoat, Kakao Bubuk (6%), minyak kelapa sawit murni (dengan tokoferol sebagai antioksidan).",1,unsafe
"Ekstrak Daging Sapi (0, Pemanis Alami Isomalt, Sari buah kelapa (50%), Kakao Bubuk (0, konsentrat sari buah apel (2%), natrium benzoat sebagai pengawet, (mengandung Antioksidan Askorbil.",0,safe
"Teh hijau, beras goreng crispy",0,safe
"Lemak Reroti Nabati (Mengandung Antioksidan Askorbil Palmitat & Tokoferol), gula kastor, C (Asam Askorbat)), 97 %), Peringatan: Berisi alergen.",0,safe
"Mengandung fenilalanin, air murni, Minyak Nabati (mengandung Antioksidan TBHQ), Minyak Nabati, udang.",1,unsafe
"jus jeruk mandarin (4, Massa, Penstabil [Gom Arab (E414), Ekstrak daging kelapa terbaik (50%), Bawang Putih Bubuk.",0,safe
"natrium sulfat, Tepung Beras), Kentang Kering (62, minyak goreng.",0,safe
"Singkong iris tipis, daun jeruk nipis, garam himalaya, cabai merah, minyak nabati, campuran rempah rahasia, bawang putih goreng.",0,safe
"Air, Pelapis Cokelat Putih* 33.3%, (Mengandung Susu), Maltodekstrin, Minyak Nabati, Padatan Susu 5%, Butiran Biskuit Vanila 4.1% (Mengandung Tepung Terigu, Perisa Sintetik Vanila), Fruktosa, Pengemulsi Nabati, Sirup Glukosa, Yogurt Bubuk 0.6% (Mengandung Susu), Gula, Perisa Alami Yogurt, Penstabil Nabati, Pengatur Keasaman Asam Sitrat, Perisa Alami Mangga, Pewarna Alami (Beta-Karoten (sayuran) CI. No. 75130, Merah Bit)), Garam. ",1,unsafe
"Serbuk umbi porang (48%), tepung beras halus, air murni",0,safe
"Keping Jagung (2, Pengawet (Kalium Sorbat, Umbi kentang, singkong pilihan (31, 242%), 75130 (160a(ii), Pengemulsi (Nabati), minyak mustard.",0,safe
"Tepung gandum (44%), minyak nabati sawit, gula, pati jagung, keju bubuk (3,3%), susu bubuk, pengembang (amonium hidrogen karbonat dan natrium hidrogen karbonat), sirup fruktosa, penstabil monokalsium fosfat, garam, pati singkong, pengemulsi lesitin kedelai, tepung yang diolah (enzim protease dan amilase). Peringatan: Mengandung alergen, perhatikan bahan yang dicetak tebal.",0,safe
"Potongan singkong terpilih, bawang putih bubuk (0, jeli bubuk, Cokelat (16%), CI 19140 dan antioksidan TBHQ, Cabe Hijau (28%), ANTIKEMPAL SILIKON DIOKSIDA.",0,safe
"Tepung kedelai (25%), almond (14%), campuran margarin dan mentega (mengandung pewarna alami betacarotene CI 40800 dan antioksidan tokoferol), gula, telur, cokelat (13%) (mengandung susu), serat pangan larut, sirup agave, garam, perisa sintetik.",1,unsafe
"Tepung terigu, lemak reroti (mengandung pengemulsi mono dan digliserida asam lemak dan antioksidan tokoferol), Sirup gula invert (mengandung pengatur keasaman asam
sitrat dan natrium hidrogen karbonat), gula, pati jagung, Pengembang (amonium hidrogen karbonat dan natrium karbonat), garam, kacang kedelai bubuk, susu skim bubuk,
pengemulsi lesitin kedelai, perisa alami susu, pengawet natrium metabisulfit, Perlakuan tepung Protease dan Aspergillus oryzae, var.",1,unsafe
"sari buah jeruk mandarin (4, Minyak Biji Bunga Matahari, Minyak Cabai, Pati tapioka, garam beryodium, 97%), Racikan Bumbu Pedas Level 15 (Bubuk cabai.",0,safe
"cabai keriting, Kultur (L, Oat, yang juga memproses Krustase, bahan pengemulsi.",0,safe
"Daging ikan sarden (51%), saus cabai merah (mengandung MSG) (41%), gula kristal, bawang putih, bawang bombay cincang, garam, cabai rawit pedas (1%)",0,safe
"pengatur keasaman (asam sitrat, PENGENTAL (DIPATI FOSFAT (1412)), terigu, Penguat Rasa Mononatrium Glutamat (E621), pengatur asam (asam cuka dan asam laktat).",1,unsafe
"telur bubuk, jahe, lemak Kakao), Perisa sintetik cokelat (mengandung pengawet kalium sorbat), KAKAO BUBUK 7%.",1,unsafe
"tepung sagu, cabai merah bubuk, Agar bubuk, Penstabil Gliserin, Vanila), COKLAT HITAM COMPOUND.",0,safe
"Tepung Gandum, Mentega (mengandung susu), Cokelat (16%), Gula, Gula Merah, Padatan Susu. Pengembang Natrium Hidrogen Karbonat, Perisa Alami, Garam, Mengandung alergen. Lihat daftar bahan yang dicetak tebal. Mengandung : Gandum, Gluten, Susu, Kedelai. Dapat mengandung : Telur, Kacang Tanah, Kacang Pohon.",1,unsafe
"Penstabil Kalium Fosfat, Singkong ungu pilihan, Palmitat dan Tokoferol, Antioksidan TBHQ [E319], jinten, bubuk jagung berkualitas, BUMBU GARAM (MENGANDUNG PENGUAT RASA MONONATRIUM L-GLUTAMAT PERISA SINTETIK.",0,safe
"Singkong ungu premium, minyak sayur pilihan, garam himalaya, gula kristal halus",0,safe
"lesitin kedelai, Kakao (5 5%), 9%) (mengandung Antioksidan, gula dan sirup jagung tinggi fruktosa, gula kristal halus.",1,unsafe
"irisan bawang bombay, bubuk jagung, B9 (Asam Folat), Minyak Sawit (mengandung Antbksidan TBHQ (E319)), pasta bawang bombay.",0,safe
"bawang putih parut, beras, salmon, bubuk cabai, Mengandung, Kacang Hazel.",1,unsafe
"Brokoli ( 0, dan kacang, Aprikot (2%), bawang bombay cincang, daun jeruk nipis.",0,safe
"Ikan tenggiri cincang, bubuk sagu, garam dapur, minyak sayur murni, cabai merah tumbuk, bawang merah potong",0,safe
"Pengganti Lemak Kakao, Sintetik (Kuning FCF CI, Pati Tapioka, PENGENTAL (PATI ASETAT), Kacang Pohon dan Kacang Tanah, Diproduksi menggunakan peralatan yang juga memproses serealia, ekstrak ragi.",0,safe
"557%), askorbil palmitat, penguat rasa dinatrium 5'-guanilat [E627] & dinatrium 5'-Inosinat [E631]), Perisa Vanila dan Pewarna Makanan, Ekstrak kelapa segar (50%).",0,safe
"Gula, glukosa cair, pengatur asam (asam sitrat), sari tamarind (0,80%), garam, pewarna makanan karamel IV natural, perisa sintetik.",0,safe
"teri, 01 %), Ubi kayu berkualitas (63, Pati Jagung], Penguat Rasa Mononatrium Glutamat [E621].",1,unsafe
"Pati Tapioka, Telur (21.1%), Minyak Nabati, Keju (10%) (mengandung
antioksidan BHA, pengawet asam sorbat dan nisin), Margarin (6.8%) (mengandung antioksidan (BHA,
BHT;tokoferol, arkorbil palmitat) pewarna alami Beta-Karoten (sayuran) CI.No.75130), Garam, Pengembang, Bumbu Rasa Ayam (Mengandung
Pewarna Alami Kurkumin CI. No.75300)",1,unsafe
"air matang, Kelapa, whey, pengental alami.",1,unsafe
"gandum, Wortel ( 1, Lemak Kakao, tepung maizena murni.",1,unsafe
"Ammonium Bikarbonat), aroma ayam sintetis, Dinatrium Inosinat dan Guanilat), Ubi kayu ungu segar, Ubi kayu (63, Serat Pangan, tepung.",0,safe
"Konsentrat sari buah lemon, Penguat Rasa (Mononatrium Glutamat, udang, Margarin (Mengandung Antioksidan Alfatokoferol, Pewarna Beta Carotene (sintetik CI 40800), BAHAN PELENGKAP: Daun bawang kering, gula.",1,unsafe
"Informasi Alergen, Daging Sapi (3, Tidak menggunakan pemanis artifisial, saus tomat murni (45%).",0,safe
"Margarin (Mengandung Antioxidant BHA), minyak nabati non-hidrogenasi (kelapa sawit, antioksidan vitamin C, penyedap MSG, kepiting, aroma ayam sintetis.",1,unsafe
"gula dekstrosa, lemak reroti (Mengandung Antioksidan BHA), Bumbu Rasa Jagung (3, singkong segar (31.",0,safe
"Pengatur Keasaman Natrium Sitrat, pengental alami, Biji Buah Labu, irisan daun bawang kering, tepung terigu, Komposisi Saus Vla (25%): Gula, Premiks Vitamin.",1,unsafe
"KAKAO MASSA(3%), ASAM MALAT (296)), Bumbu Frankfurter, tepung gandum.",1,unsafe
"AIR, GULA, MINYAK NABATI (MENGANDUNG MINYAK INTI KELAPA SAWIT TERHIDROGENASI,  MINYAK INTI KELAPA SAWIT TERFRAKSI), KAKAO BUBUK, PENGEMULSI (NATRIUM KASEINAT (MENGANDUNG SUSU), DAN NABATI), PENSTABIL NABATI (MENGANDUNG KEDELAI), GARAM, PERISA SINTETIK VANILA, PEWARNA ALAMI BETA-KAROTENE (SAYURAN) CI. No. 75130 (160a(ii), PEWARNA MAKANAN SINTETIK (MERAH ALLURA CI. No. 16035 (129), TARTRAZlN CI.No. 19140 (102), BIRU BERLIAN FCF CI.No. 42090 (133)).",1,unsafe
"butiran beras, minyak kelapa sawit murni (dengan tokoferol sebagai antioksidan), Perisa Alami asap (mengandung pewarna alami Karamel I, minyak nabati berkualitas.",0,safe
"Rempah (1, DEKSTROSA MONOHIDRAT, bubuk lada, 8 %, 45430, aroma artifisial.",0,safe
"MIE: MINYAK NABATI, Pewarna Alami Karamel III - E150c), Maltodekstrin], bawang bombay bubuk, glukosa, nata de coco (7, campuran rempah rahasia, bawang putih.",0,safe
"Tepung gandum (44%), minyak nabati (dari kelapa sawit), gula, tepung jagung, keju bubuk (3,3%), susu bubuk, pengembang (amonium hidrogen karbonat dan natrium hidrogen karbonat), sirup fruktosa, penstabil monokalsium fosfat, garam, pati ubi kayu, emulsifier lesitin kedelai, tepung yang diproses (enzim protease dan amilase). Catatan: Berisi alergen, lihat bahan yang dicetak tebal.",0,safe
"minyak sawit murni, Bumbu Rasa Barbekue 11, Lemak Reroti (Mengandung Antioksidan Askorbil Palmitat dan, PENGEMULSI NABATI.",0,safe
"Tomat Bubuk (2, Gula Icing, 8%) (mengandung antioksidan (BHA, malt, Penstabil (Dipati Fosfat), BUBUK KARI, Selongsong Sosis.",1,unsafe
"Cabe Merah, Beras berkualitas tinggi (85, Minyak Nabati Kelapa Sawit, Perisa sintetik (Vanila, bubuk konjak, GARAM GURIH, Penstabil (Fosfat.",0,safe
"Biji jagung, nabati), Pengawet Natrium Metabisulfit, Cokelat Compound Hitam Chips (16%, 55%), Jagung pilihan, Minyak Nabati (mengandung antioksidan BHT).",0,safe
"krimer (mengandung penstabil kalium fosfat, 43%), susu bubuk, Kentang segar.",1,unsafe
Teh hijau berkualitas,0,safe
"tepung terigu, Ekstrak Rempah, minyak sawit berkualitas, Beras berkualitas (85.",1,unsafe
"Air, Cokelat Pelapis* 33%, Gula, Minyak Nabati, Padatan Susu, Sirup Glukosa, Pengemulsi Nabati, Penstabil Nabati, Perisa Alami Vanila, Pewarna Alami Beta Karoten CI. No. 75130 (Mengandung Antioksidan d-alfa Tokoferol dan Asam Askorbat).",1,unsafe
"Kurkumin CI, krustasea, LEMAK REROTI (MENGANDUNG ANTIOKSIDAN, Karagenan, air minum berkualitas.",1,unsafe
"minyak sawit olein, tepung beras premium, natrium benzoat sebagai bahan pengawet, Antioksidan Natrium Askorbat, bawang putih kering, lesitin kedelai, bubuk bawang putih dan bombay.",1,unsafe
"Garam Bumbu (Mengandung Penguat, Perisa sintetik rumput laut, Gula (19%), Krispi Beras (13%), sirup fruktosa, konsentrat sari buah anggur (2, gula putih murni.",0,safe
"pengental gom xanthan, Margarin (6, Dinatrium Inosinat, bawang putih bubuk (0.",0,safe
"Tepung Terigu, Gula (Mengandung Pengawet Sulfit), Margarin (Mengandung Antioksidan Alfatokoferol, Askorbil Pamitat, Asam askorbat BHA & TBHQ, Pewama Alami Betakaroten CI 75130, Kurkumin CI 75300, Ekstrak Annato CI 75120), Telur, Susu Skim Bubuk, Air, Susu Bubuk Full Krim, Pengembang (Amonium Hidrogen Karbonat, Natrium Hidrogen Karbonat), Garam, Pengemulsi (Dinatrium Difosfat), Perisa Identik Alami Lemon (Mengandung Antioksidan BHT), Perisa Artifisial Vanila.",1,unsafe
"63%), Cuka (mengandung alkohol 0, Perisa Sintetik (4, Massa, Teh hijau pilihan, emulsifier, Penstabi Gom Arab (E414).",0,safe
"Bubuk (4%), ekstrak minyak cabe, sirup gula, Ekstrak kelapa segar (50%).",0,safe
"Serealia 72% (Tepung Gandum Utuh 36%, Semolina Jagung 36%), Gula, Madu (3%), 1 Mineral, Minyak Nabati, Garam, Perisa Alami, Antioksidan Tokoferol Campuran Pekat, Premiks Vitamin & Mineral, dan Pewarna Alami Beta-karoten dari Blakeslea trispora (Mengandung Antioksidan Tokoferol).
Mengandung alergen, lihat daftar bahan yang dicetak tebal.
Dapat mengandung tree nuts, kedelai dan susu.",1,unsafe
"Bawang Merah, Pengatur Keasaman Asam Sitrat, tepung dari biji jagung, bubuk cabai merah, udang.",1,unsafe
"KAKAO BUBUK(2%), 68%), Bubuk Kelapa (0, Daun bawang, bahan pengawet kalium sorbat, 6%)), almond.",1,unsafe
"Amonium hidrogen karbonat), gandum, Pati jagung, Penstabil Karagenan, penyedap mononatrium glutamat.",1,unsafe
"Bubuk Bonito kering, zat pengemulsi nabati, krustasea, 75120), cabai bubuk, serbuk bawang putih dan merah, tepung beras premium.",1,unsafe
"terigu, cabai merah tumbuk, Mononatrium Glutamat (MSG), Penguat Rasa (Mononatrium Glutamat E621, Kultur Bakteri (Lactobacillus Bulgaricus dan Streptococcus Thermophillus) (0.",1,unsafe
"Temrng Terigu, Gula, Mentega (14%) (Mengandung Susu), Margarin, Garam, Perisa Alami.
- Mengandung Alergen, lihat daftar bahan yang dicetak tebal
- Mungkin mengandung kacang Hazel dan Almond.",1,unsafe
"susu, 55%), lactobacillus acidophilus), Cabe Bubuk (0, Antioksidan Tokoferol, Pengembang (Amonium Bikarbonat dan Natrium.",1,unsafe
"Tanpa, konsentrat jus stroberi (8%), perisa ayam buatan, Pewama Alami (Karamel Kelas III/E, gula, Pengental Natrium karboksimetil selulosa.",0,safe
"sarden, dan Pewarna Makanan Sintetik (Kuning FCF CI, Bawang prei, Alpukat (1, cabe.",1,unsafe
"Madu Bubuk (0, Asam Laktat), Rempah (Bawang Merah Bubuk, Penstabil Natrium Tripolifosfat, Dinatrium Inosinat dan Guanitat), Bumbu Frankfurter 1.",0,safe
"Minyak nabati (Mengandung antioksidan, lada putih, telur, pengawet asam sorbat), tumbuhan), pemanis artifisial asesulfam-K.",1,unsafe
"Minyak Ketapa Sawit, 9%), Daun bawang, natrium benzoat untuk pengawet, kacang mede, Ekstrak Daging Sapi (0, pengawet kalium sorbat.",1,unsafe
"B3 (Niasin), bahan pengental alami, Maltodextrin, melon), seledri, kedelai, Cokelat Bubuk (2%).",1,unsafe
"penguat rasa mononatrium glutamat), KAKAO BUBUK (6%), lihat daftar bahan yang di cetak tebal, Bubuk Bonito kering, 80%).",0,safe
"lemak kakao, MINYAK NABATI (MENGANDUNG, saus tomat alami (45%), glukosa murni, karagenan, Bubuk Lada Putih, Kalsium Karbonat dan 3 Vitamin (mengandung Antioksidan dl-a-Tokoferol).",0,safe
"Kacang Tanah (42.6%), Tepung Terigu, Pati Jagung, Gula, Saus Cabai (4.9%)(Mengandung Cabai (40%), Penguat Rasa Mononatrium Glutamat [E621], Pemanis Alami Glikosida
Steviol [E960], Pengawet (Kalium Sorbat [E202] dan Natrium
Benzoat [E211])), Bumbu Rasa Balado (3.5%) (Mengandung Cabai Bubuk (0.1%), Pemanis Alami Glikosida Steviol [E960]), Pengembang Amonium Bikarbonat [E503ii], Garam, Pasta
Bawang Putih, Penguat Rasa Dinatrium Inosinat [E531] dan Guaniiat [E627].",1,unsafe
"Tepung terigu (44%), minyak dari kelapa sawit, gula, pati jagung, bubuk keju (3,3%), susu bubuk, bahan pengembang (amonium bikarbonat dan natrium bikarbonat), sirup fruktosa, penstabil monokalsium fosfat, garam, pati tapioka, emulsifier lesitin kedelai, tepung yang diproses (enzim protease dan amilase). Catatan: Berisi alergen, lihat bahan bercetak tebal.",0,safe
"Daging tenggiri pilihan, sagu halus, garam murni, minyak sayur berkualitas.",0,safe
"margarin (mengandung antioksidan askorbil palmitat, asam askorbat), kerang, Maltodekstrin], 81%), Nisin, minyak sayur murni, daun jeruk wangi.",0,safe
"Jengkol, Bawang Merah, Telur Ayam, Garam, Terigu, Minyak Sayur.",1,unsafe
"PENGEMULSI NABATI, Pengental pati termodifikasi, Lobak premium (60%), telur bubuk, Minyak Goreng Kelapa Sawit, gula halus.",1,unsafe
"Lobak (60%), Air, Pengatur Keasaman Asam Asetat, Pengawet Kalium Sorbat, Pengatur Keasaman (Asam Sitrat, Asam Laktat), Perisa Sintetik (Glisin, Alanin), Pengawet Natrium Sulfit. Dinatrium
Suksinat, Antioksidan Asam Askorbat.",1,unsafe
"telur, Pewarna Sintetik (Tartrazin CI No, DAN EKSTRAK RAGI, minyak goreng sawit, Minyak bumbu: Minyak tumbuhan.",1,unsafe
"Pengatur Keasaman (Asam Laktat dan Asam Sitrat), Minyak Biji Bunga Matahari, bahan pengawet natrium benzoat, sari jeruk mandarin (4, daun seledri kering, bubuk bawang putih dan merah, rumput laut wakame kering (7%).",0,safe
"mononatrium glutamat untuk memperkuat rasa, Antioksidan Tokoferol Campuran Pekat, Minyak Nabati Kelapa Sawit, Kakao Bubuk (0, Pengatur Keasaman.",0,safe
"Singkong ungu terpilih, minyak sayur, garam halus, gula putih",0,safe
"tepung ubi kayu, Pengembang Pewarna Sintetik Makanan Coklat HT CI No, Sirup fruktosa, minyak nabati (mengandung antioksidan TBHQ), garam laut (1%).",0,safe
"cuka, garam gurih (5%) (mengandung penyedap MSG, Penstabil (Dipati Adipat Terasetilasi, garam dapur (1%), Kakao Bubuk (1, kacang mede, cabai merah.",1,unsafe
"Gula (19%), Tapioka), susu bubuk, Lada Putih, campuran rempah rahasia, gula dan sirup jagung fruktosa tinggi.",1,unsafe
"perisa paprika, minyak dari biji jagung, Pengental Nabati, salmon, Penstabil [Gom Arab (E414), gula murni, SELULOSA.",1,unsafe
"tepung gandum, Pengembang (Mengandung Kalsium Karbonat, Kecap Bubuk (1, apel), Irisan kentang.",1,unsafe
"Tepung porang pilihan (48%), pengatur keasaman (asam sitrat), Penguat Rasa (Dinatrium 5'-Inosinat, Pati Jagung, Air, telur.",1,unsafe
"Komposisi Saus Vla (25%): Gula, Kakao Massa (0, Dinatrium Inosinat, Palmitat.",0,safe
"ANTIKEMPAL SILIKON DIOKSIDA, Pewarna Beta-karoten (sayuran) CI 75130 (INS 160a(ii)), Kcang Tanah, lihat komposisi yang dicetak tebal, Tepung Tapioka, Tanpa pemanis artifisial, pengatur keasaman asam sitrat.",0,safe
"Merah Bit)), bahan pengental (gom lokus, kaldu tumbuhan, Tartrazin CI No, Pemanis Buatan Sukralosa, malt.",1,unsafe
"BUMBU RASA RUMPUT LAUT (3, ikan, Pewarna Alami Merah Bit, 4% (mengandung pewarna alami kurkumin, bawang merah cincang, pengental pati asetat, Brokoli ( 0.",1,unsafe
"BUMBU RASA AYAM, Perisa Alami Mangga, kacang almond, Pengental pati termodifikasi.",1,unsafe
"Perisa Alami Asap, kalium sorbat, ekstrak alami paprika, bawang merah kering, Bumbu Rasa BBQ Balado (mengandung Rempah (Bubuk Cabe (0, saus cabai pedas (dengan MSG) (41%).",0,safe
"Vitamin A, Pengembang Natrium Hidrogen Karbonat), tepung terigu, bubuk merica, pengembang natrium karbonat, Kecap Inggris (Mengandung alkohol 0.",1,unsafe
"Tepung terigu (mengandung gluten), air, keju (4,551%) (mengandung susu, pengawet kalium sorbat, nisin), gula pasir, margarin oles (mengandung pengawet kalium sorbat, antioksidan tokoferol campuran pekat, pewarna alami beta-karoten (sintetik) CI
40800), sirup tinggi fruktosa, margarin (mengandung antioksidan askorbil palmitat, tokoferol campuran pekat),
susu kental manis, lemak reroti (mengandung antioksidan askorbil palmitat, tokoferol campuran pekat, BHA), pengemulsi (mengandung susu, pengawet asam sorbat, antioksidan asam askorbat), ragi, garam, pengawet kalsium propionat, mentega tawar (mengandung susu, antioksidan tokoferol campuran pekat, pewarna alami beta-karoten (sayuran) CI 75130), perisa sintetik keju (mengandung antioksidan BHT), pengawet kalium
sorbat.",1,unsafe
"karagen, Pengembang Natrium Hidrogen Karbonat), Perisa Sintetik (Krim), Pengatur Keasaman Asam Malat, Bubuk porang (48%), Singkong ungu terpilih.",0,safe
"Bl2), Bumbu (Mengandung Penguat Rasa Dinatrium Inosinat, GOM GUAR, Minyak Sayur.",0,safe
"Kentang segar pilihan, minyak kelapa sawit murni (mengandung antioksidan tokoferol), dekstrosa murni",0,safe
"Vitamin A, margarin (mengandung antioksidan askorbil palmitat, Bumbu Rasa Bawang 5, PENGEMBANG: NATRIUM BIKARBONAT, whey, Saus Cabai (4, Dinatrium Inosinat & Guanilat.",1,unsafe
"Rumput laut berkualitas (47%), corn oil, garam spesial (5%) (berisi penguat rasa MSG, dinatrium inosinat dan guanilat), olive oil (4%), sesame oil murni.",0,safe
"Natrium Gaunilat), Pengemulsi (Trinatrium Sitrat dan Dinatrium Fosfat), bubuk bawang putih dan merah, kaldu nabati segar, konsentrat sari buah persik (1%), Perisa Vanila dan Pewarna Makanan, gandum.",1,unsafe
"Kentang, Minyak Nabati, Tepung Jagung, Garam, Dekstrosa, Sekuestran: Kalsium Dinatrium EDTA(E385)",1,unsafe
"irisan bawang merah, jahe, Tepung Beras), Sari buah kelapa berkualitas (50%), aroma artifisial, karagen.",0,safe
"Singkong pilihan (63,5%), minyak olein dari kelapa sawit, campuran bumbu (mengandung gula, MSG, bubuk bawang putih dan bombay, dinatrium guanilat dan inosinat), garam dapur (0,63%).",0,safe
"18% (Mengandung Penguat Rasa (Mononatrium Glutamat, kepiting, Pengembang (Amonium Bikarbonat dan Natrium Bikarbonat) Perisa Alami, Bahan dasar topping (mengandung pewarna alami Beta-karoten (sintetik) CI No.",1,unsafe
"bawang merah segar, ekstrak paprika alami, Semolina Jagung 36%), pati (kentang, irisan bawang bombay.",0,safe
"susu, PENGEMULSI NABATI, Madu (3%), Bawang Putih Bubuk.",1,unsafe
"asam asetat food grade, PENGEMBANG (NATRIUM & AMOMUM BIKARBONAT), Lemak Nabati (Mengandung Antioksidan BHA), PATI JAGUNG, bubuk beras, Kecap Inggris (Mengandung alkohol 0.",0,safe
"gula halus, PEWARNA ALAMI (BETAKAROTEN (CI, Ekstrak Annato CI 75120), Cabe cheongyang).",0,safe
"Alpukat (1, lihat daftar bahan yang, salmon, jahe bubuk.",1,unsafe
"Ubi kayu segar (64,92%), tepung dari biji jagung, tepung pati jagung, minyak sawit murni, air matang, emulsifier",0,safe
"Polong, Minyak Sawit (mengandung Antbksidan TBHQ (E319)), Tepung Tapioka, Pati Termodifikasi, Tepung Beras, Bumbu [mengandung Penguat Rasa [Mononatrium Glutarnat (E621), Dinatrium Guanilat (E627), Dinatrium Inosinat (E631)],  Protein Nabati Terhidrolisis, Antikempal Silikon Dioksida (E551), Bawang Putih Bubuk, Bawang Bombay Bubuk, Perisa Sintetik Daging Sapi BBQ, Pemanis Buatan Asesulfam-K(E950), Kecap Bubuk, Dekstrin, Sayuran Bubuk, Penstabi Gom Arab (E414), Merica Putih Bubuk, Minyak Kedelai, Maltodekstrin], Garam, Gula, Ekstrak Bawang Putih, Bawang Merah, Kuning Telur Bubuk, Rempah-Rempah, Pengembang [Natrium Bikarbonat (E500(ii), Penstabil [Asam Natrium Pirofosfat (E450(i)), Kalsium Karbonat (E170(i))], Pati Jagung], Pemanis Buatan Aspartam (E951).
Mengandung alergen, lihat daftar bahan yang dicetak tebal. Mengandung Gula dan Pemanis Buatan.
Mengandung Fenilalanin, tidak cocok untuk penderita Feniketonurik. Menangdung pemanis buatan, disarankan tidak dikonsunsi oleh anak di bawah 5 (lima) tahun, ibu hamil dan ibu menyususi. Diproses dengan peralatan yang juga memproses produk yang mengandung gandum, krustasea, susu, seledri dan ikan.",1,unsafe
"Kakao Bubuk 6, Perlakuan Tepung (Pati Jagung, (mengandung rumput laut 5%, minyak mustard, B6 (Piridoksin), Pantotenat), Biji Bunga Matahari (90.",0,safe
"MIE: MINYAK NABATI, GARAM, PENGEMULSI NABATI, PENGATUR KEASAMAN, PENSTABIL FOSFAT. ANTIOKSIDAN TBHQ, DAN PEWARNA SINTETIK TARTRAZIN CI NO. 19140. BUMBU BUBUK:
GARAM. PENGUAT RASA (MONONATRIUM GLUTAMAT DAN
DINATRIUM 5-RIBONUKLEOTIDA), GULA, CABE BUBUK(0.3%), BUMBU RASA AYAM, BUBUK KARI. DAUN BAWANG KERING, HIDROLISAT PROTEIN NABATI (MENGANDUNG PEWARNA KARAMEL IV), ANTIKEMPAL SILIKON DIOKSIDA, BUMBU RASA JALAPENO 0.03% (MENGANDUNG JALAPENO BUBUK 10%), DAN EKSTRAK RAGI
BUMBU MINYAK: MINYAK NABATI, REMPAH-REMPAH, CAPSICUM OLEORESIN, PERISA SINTETIK JERUK NIPIS (MENGANDUNG ANTIOKSIDAN TOKOFEROL), ANTIOKSIDAN TBHQ, DAN PENGATURE ASAM SITRAT
BUMBU KOYA: KERUPUK, BAWANG PUTIH, MINYAK NABATI, ANTIKEMPAL SILIKON DIOKSIDA, ANTIOKSIDAN TBHQ, DAN PENGATUR KEASAMAN ASAM SITRAT",1,unsafe
"Pengatur Keasaman Asam Sitrat, 75130)), BHT, merica halus, penguat rasa dinatrium 5'-guanilat [E627] & dinatrium 5'-Inosinat [E631]), Penstabil (Dipati Fosfat), Serat Pangan, Perisai Sintetik Stroberi.",0,safe
"Krispi Beras (3%), Pengawet Natrium Metabisulfit, Pemanis Buatan Sukralosa, 38%.",0,safe
"kepiting, 01%), Pewarna Makanan Sintetik, sekuestran EDTA, sari jeruk mandarin (4, pati jagung.",1,unsafe
"Kakao Bubuk (0, ekstrak jeruk mandarin (4, saus cabai (dengan penyedap MSG) (41%), madu pilihan (0, PERISA SINTETIK JERUK NIPIS (MENGANDUNG ANTIOKSIDAN TOKOFEROL), Inufin, melon).",0,safe
"Susu Sapi Segar (80%), Air, Gula, Kakao Bubuk (0,8%), Susu Skim Bubuk (0,55%), Perisa Sintetik Cokelat, Penstabil Nabati, Garam",1,unsafe
"Lobak berkualitas tinggi (60%), air minum, asam asetat, garam dapur, pengatur pH (asam sitrat, asam laktat), kalium sorbat, vitamin C, glukosa, natrium sulfat.",0,safe
"19%), daun jeruk segar, Kacang polong (62, Gula putih.",0,safe
"Dinatrium 5'-ribonukleotida), SIRUP GLUKOSA, Diproduksi peralatan yang juga, lactobacillus acidophilus), natrium benzoat untuk pengawet, Garam, Lemak Nabati (mengandung Antioksidan dl-Alfa Tokoferol), gom xanthan.",0,safe
"ragi, Kacang Pikan (15, Penstabil (Fosfat, Pewama Alami Karmin CI, Penguat Rasa Mononatrium Glutamat E621, Pati Jagung, ANTIOKSIDAN TBHQ.",0,safe
"sari tamarind (0, lihat daftar bahan yang di cetak tebal, gula pasir berkualitas, Sirup jagung, Tepung Ketan, wijen, Air).",1,unsafe
"Dinatrium Guanilat), Pasta Kakao (1, cream, Kakao Bubuk 4%, Informasi Alergen :, Lemak Reroti Nabati (mengandung.",1,unsafe
"Sarden segar (51%), saus cabai (dengan penyedap MSG) (41%), gula, bawang putih halus, irisan bawang bombay, garam, cabai rawit kecil (1%)",0,safe
"almond, Iihat daftar bahan yang dicetak tebal, 78% (Mengandung cabe merah (28%), Madu, Dinatrium Guanilat), buah campuran: (lidah buaya (10%).",1,unsafe
"Ekstrak daging kelapa terbaik (50%), minyak mustard, B9 (Asam Folat), Madu, minyak kelapa sawit murni, Pewarna Sintetik : Merah Allura CI No, Merah Bit.",0,safe
"Ubi kayu (64,92%), bubuk jagung, pati jagung, minyak dari kelapa sawit, air bersih, zat pengemulsi",0,safe
"Minyak sayur, PENGEMBANG (NATRIUM BIKARBONAT), gula, Lobak berkualitas (60%), bawang merah iris, Serbuk cabai.",0,safe
"Pasta makaroni, Campuran Bumbu Pedas Tingkat 15 (Serbuk cabai, bawang merah goreng, garam dapur, gula halus, MSG, minyak sayur, bubuk bawang putih, bubuk bawang bombay, dinatrium 5'-inosinat, dinatrium 5'-guanilat, sari ragi), Minyak nabati. Peringatan: Mengandung alergen, lihat bahan yang dicetak tebal. Diproduksi dengan alat yang juga mengolah: Produk susu, seledri, kedelai, ikan, dan krustasea.",0,safe
"Bumbu Rasa Cabai Pedas (Mengandung Cubuk, Minyak Atsiri Paprika, Maltosa, Dinatrium Guanilat), bahan pengawet kalium sorbat, KAKAO BUBUK(2%).",0,safe
"Minyak Bunga Matahari, whey, tepung yang diproses (enzim protease dan amilase), Tartrazin CI No, Penguat Rasa Mononatrium Glutamat ( MSG ), LEMAK KAKAO, pengental alami.",1,unsafe
"Pengemulsi nabati, Pengawet Kalium Sorbat, Bumbu Pedas, Tepung Ketan, gandum.",1,unsafe
"kismis 16, perisa soto (dengan hidrolisat protein nabati, Ubi kayu berkualitas (63, kacang mede, Lihat komposisi yang dicetak tebal.",1,unsafe
"Tepung Terigu, Minyak Nabati (Kelapa Sawit, Rapa Terhidrogenasi), Oat (5.9%), Mentega (2.395%), Garam, Pengembang (Natrium Bikarbonat), Ekstrak Malt (Barley), Tepung Malt (Barley), Ragi, Miso Bubuk (Kacang Kedelai, Garam), Perlakuan Tepung (Pati Jagung, Amonium Klorida, Kalsium Karbonat). Mengandung
alergen, lihat daftar bahan yang dicetak tebal.",1,unsafe
"22%), tepung terigu, lihat, Natrium Hidrogen Karbonat), coklat hitam leleh, Penguat Rasa [Dinatrium 5'-Inosinat (E631), Minyak Sawit (mengandung Antbksidan TBHQ (E319)).",1,unsafe
"dan garam, tihat daftar bahan yang dicetak tebal, minyak sayur (mengandung TBHQ), MINYAK NABATI (MENGANDUNG ANTIOKSIDAN (TOKOFEROL CAMPURAN PEKAT (307))), tepung dari beras putih, Oadatan Kakao 21% (Kakao Massa).",0,safe
"Perisa Alami Barbekiu, gluten, Mangan Sulfat], Natrium bikarbonat), siung bawang putih.",1,unsafe
"Air, Pati Termodifikasi Asam, Minyak Nabati, Keju Cheddar (Mengandung Susu), Pengemulsi (Dinatrium Fosfat, Trinatrium Sitrat, Natrium Polifosfat),  Garam, Pengatur Keasaman Asam Laktat, Pengawet (Kalium Sorbat, Nisin), Pewarna Alami Beta-karoten CI 75130 (Mengandung Antioksidan Alfa Tokoferol dan Asam Askorbat).",1,unsafe
"gula dan pengawet (natrium benzoat), kaldu sayuran, GARAM GURIH, Sintetik (Kuning FCF CI, kalsium laktat, Magnesium Karbonat.",0,safe
"Penstabil Kalium Fosfat, Pengatur Keasaman Asam Sitrat, sirup gula, Gula Icing, Diproduksi menggunakan peralatan yang juga memproses Krustase, Rumput laut pilihan (47%), Makaroni.",0,safe
"PEWARNA ALAMI (BETAKAROTEN (CI, BUMBU KOYA: KERUPUK, Pewarna Alami Beta Karoten CI 40800 (mengandung Antioksidan Tokoferol), Ekstrak daging sapi 1%, Vitamin B3.",0,safe
"Pewarna Alami Karamel kelas, keju, penstabil (nabati dan fosfat), Penguat Rasa [Dinatrium 5'-Inosinat (E631).",1,unsafe
"laktosa, 01 %), kedelai, emulsifier nabati, Perisa Sintetik Barbekue, (1404)).",1,unsafe
"52%), Natrium Askorbat, Antioksidan Asam Askorbat, REMAHAN BISKUIT (MENGANDUNG PERISA SINTETIK (COKELAT), salmon.",1,unsafe
"bubuk bawang bombai (0, tuna, Pisang Bubuk (0, sirup glukosa, Pati Termodifikasi, Minyak Nabati (Kelapa Sawit.",1,unsafe
"antioksidan TBHQ, keju, garam, Minyak Nabai (mengandung Antioksidan BHA).",1,unsafe
"Singkong premium (64, Kentang segar pilihan, telur, salam, Lada Putih.",1,unsafe
"kedelai, Selongsong Sosis, Konnyaku Bubuk, garam murni (1%), 18% (Mengandung Penguat Rasa (Mononatrium Glutamat, alkohol.",1,unsafe
"pemanis artifisial asesulfam-K, tepung yang diolah (enzim protease dan amilase), madu pilihan (0, ketan, Krimer Kental Manis (mengandung Antioksidan Tokoferol), Gula (mengandung.",0,safe
"Rasa (Dinatrium Inosinat, Pengembang Natrium Bikarbonat dan Penstabil Dinatrium Difosfat), Gula Pasir, gula putih murni, ketumbar, PENGAWET NATRIUM METABISULFIT, DAN PENGATURE ASAM SITRAT, Antikempal Silikon Dioksida.",0,safe
"Pati Jagung Gula, pengental nabati, Perisa Identik Alami Lemon (Mengandung Antioksidan BHT), Pemanis Buatan Aspartam (E951), Bawang Putih, Hidrolisat Protein Nabati).",0,safe
"Serealia 58% (Tepung Gandum Utuh 32%, Tepung Gandum 19%, Semolina Jagung), Gula, Ekstrak Malt (Barli) 7%,
Kakao Bubuk 4%, 1 Mineral, Minyak Nabati, Susu Skim Bubuk, Garam, Pengemulsi Lesitin Kedelai, Perisa Alami, Antioksidan Tokoferol Campuran Pekat, Premiks Vitamin & Mineral. 
Mengandung alergen, lihat daftar bahan yang dicetak tebal.
Dapat mengandung tree nuts.",1,unsafe
"bumbu rempah, 75470 dan Minyak Atsiri, Pewarna Alami Kurkumin CI, Pewarna Alami (Beta-Karoten (sayuran) CI, Kalsium Karbonat dan 3 Vitamin (mengandung Antioksidan dl-a-Tokoferol), pengawet kalium sorbat.",0,safe
"pengatur keasaman (asam sitrat, MSG sebagai penguat rasa, pewama alami klorofilin tembaga kompleks CI, 19140 dan Kuning FCF CI, PENGENTAL PATI ASETAT, 62%), Natrium bikarbonat).",0,safe
"Tepung Terigu, Gula, Minyak Nabati, Pengembang (Amonium Bikarbonat dan Natrium Bikarbonat), Susu Bubuk Full Cream, Garam, Perisa Sintetik Susu Kental, Penguat Rasa Mononatrium Glutamat (MSG), Pewarna Sintetik Tartrazin CI No. 19140.",1,unsafe
"40800 (mengandung antioksidan dl-alfa Tokoferol), cream, irisan bawang merah, Lobak (60%), 673%) (MENGANDUNG BUTTERMILK, campuran rempah rahasia.",1,unsafe
"GULA, Pengawet Natrium Benzoat, Tomat Bubuk (2, Irisan tipis singkong premium, Pengawet (Kalium Sorbat dan Nisin).",0,safe
"Gula putih, glukosa, pengatur keasaman (asam sitrat), ekstrak buah asam (0,80%), garam, pewarna alami karamel IV, aroma artifisial.",0,safe
"Ubi jalar ungu premium, minyak nabati murni, garam beryodium, gula pasir halus",0,safe
"tepung terigu, dan Pewarna Alami Beta-karoten dari Blakeslea trispora (Mengandung Antioksidan Tokoferol), Pengawet Kalium Sorbat, kacang Tanah, Magnesium Karbonat, CABE BUBUK(0, C (Asam Askorbat)).",1,unsafe
"madu alami (0, pewarna makanan karamel IV alami, Air minum berkualitas, Kakao Bubuk (11%), pengatur asam (asam cuka dan asam laktat).",0,safe
"crustacea, tepung beras halus, dan Kacang Tanah"", Pengawet (Kalium Sorbat.",1,unsafe
"salam, potongan singkong (31, Perisa Sintetik (Glisin, pengembang amonium hidrogen karbonat, Kakao Bubuk 2, minyak kelapa sawit murni (dengan tokoferol sebagai antioksidan).",0,safe
"Serealia 61% (Tepung Gandum Utuh 30%, Tepung Gandum 29%, Semolina Jagung), Gula, Kakao Bubuk 5%, Ekstrak Malt (Barli), 1 Mineral, Minyak Nabati, Garam, Penstabil, Perisa Alami, Antioksidan Tokoferol Campuran Pekat, Premiks Vitamin dan Mineral.
Mengandung alergen, lihat daftar bahan yang dicetak tebal. Dapat mengandung tree nuts dan susu.",1,unsafe
"Tomat Bubuk (2, nata de coco segar (7, ekstrak jeruk mandarin pilihan (4, Penguat Rasa Dinatrium Inosinat [E531] dan Guaniiat [E627], Asam Folat.",0,safe
"Pengembang Natrium Hidrogen karbonat, bubuk jagung berkualitas, mentega, Inulin, Bawang prei, Bumbu Ayam Teriyaki ({6, Pewarna Alami Karamel Kelas IV.",1,unsafe
"Kakao Bubuk (4, BHT, Bikarbonat), gandum.",1,unsafe
"sekuestran EDTA, garam beryodium (0, Lihat daftar bahan yang dicetak tebal, Aprikot (2%), Amonium hidrogen karbonat).",0,safe
"Daging Ayam (56.5%), Tepung Breader (mengandung Gluten,Tetur,
Susu), Minyak Nabati, Air, Tepung Batter (mengandung Gluten),
Bumbu Pedas, Gula, Minyak Cabai, Penguat Rasa Mononatrium
Glutamat, Bawang Putih Bubuk (mengandung Kacang Tanah),
Ketumbar Bubuk, Cabe Bubuk (0.01 %), Pala Bubuk, Lada Putih Bubuk.
Mengandung Alergen, lihat daftar bahan yang dicetak tebal.
Dapat mengandung Ikan dan Kedelai.",1,unsafe
"tidak cocok untuk penderita Feniketonurik, MIE: MINYAK NABATI, ikan, PENGEMBANG (NATRIUM HIDROGEN KARBONAT (500(ii)), Protein Nabati Terhidrolisis.",1,unsafe
"Irisan tipis singkong premium, daun jeruk kering, garam murni, cabai rawit, minyak goreng berkualitas, bumbu rempah alami, bawang putih parut.",0,safe
"tepung terigu, gula kristal, garam beryodium (0, hamil, Penguat Rasa (Natrium Inosinat.",1,unsafe
"Maltodextrin, kaldu nabati, Jagung berkualitas, Lobak segar (60%), Kakao Bubuk (2.",0,safe
"Diproduksi menggunakan peralatan yang juga memproses Krustase, Minyak Nabai (mengandung Antioksidan BHA), PERISA ALAMI PANGGANG, Pengatur Keasaman (Asam Laktat dan Asam Sitrat), MALTODEKSTRIN, Bumbu Pedas Tingkat 15 (Cabai bubuk, Minyak, Kultur (L.",0,safe
"Tokoferol Campuran), lihat daftar baha yang dicetak tebal, Pengembang (Amonium Bikarbonat dan Natrium, penstabil.",0,safe
"kenari, bubuk keturbar (0, (29, Pewarna Sintetik kuning FCF CI 15985).",1,unsafe
"kaldu nabati segar, whey, Palmitat dan Tokoferol, (tree nuts), garam gurih (5%) (mengandung penyedap MSG, Kayu Manis (1%).",1,unsafe
"Air steril, gula putih (19,5%), nata de coco (7,14%), bubuk pembentuk jeli, pengatur keasaman (asam sitrat), perisa buatan (stroberi, leci, melon), tepung konyaku, pewarna sintetis (tartrazin CI 19140, merah allura CI 16035, biru berlian FCF CI 42090). Tidak mengandung pengawet dan pemanis buatan. Diproduksi dengan peralatan yang juga mengolah produk susu.",0,safe
"Gula kristal, pewama alami karamel I, daun jeruk nipis, tepung ubi kayu, telur bubuk.",1,unsafe
"Sari buah kelapa berkualitas (50%), air minum, gula putih, perisa cocopandan sintetik, pengatur keasaman (asam sitrat), natrium benzoat sebagai bahan pengawet, madu (0,01%). Bebas pemanis buatan.",0,safe
"Tepung Terigu Diperkaya, Gula (mengandung pengawet sulfit), Dekstrosa, Minyak Kedelai (mengandung antioksidan TBHQ), Minyak Goreng Kelapa Sawit (mengandung antioksidan TBHQ), Sirup Jagung Tinggi Fruktosa, Kakao Bubuk, Tepung Gandum, Sirup Jagung, Whey, Garam, Penstabil Dipati adipat terasetilasi, Pengembang Natrium hidrogen karbonat, Pati Jagung, Tepung Natrium steoroil-2-laktolat, Pewarna Alami Karamel IV amonia sulfit proses.",1,unsafe
"Biru Berlian FCF CI No, 38%), Kakao Massa (0, perisa alami paprika, madu.",0,safe
"Tepung beras (91%), kecap asin (kedelai), gula, rumput laut (1%), perisa alami, penguat rasa (dinatrium 5'-guanilat [E627] & dinatrium 5'-Inosinat [E631]). Mengandung alergen, lihat daftar bahan yang dicetak tebal. Mungkin mengandung susu, telur dan wijen.",1,unsafe
"Mononatrium Glutamat (MSG), serbuk bawang putih dan merah, Pengembang Natrium Bikarbonat dan Penstabil Dinatrium Difosfat), mentega, bawang putih bubuk.",1,unsafe
"lihat daftar bahan yang dicetak tebaL, PEWARNA MAKANAN SINTETIK (MERAH ALLURA CI, Perisa Alami Vanila, Lemak Nabati (mengandung Antioksidan Tokoferol Campuran Pekat), Air minum berkualitas, Oat Utuh (8%), asam laktat).",0,safe
"PEWARNA ALAMI KARAMEL I), bawang putih segar, B9 (Asam Folat), Penguat Rasa Dinatrium 5'Ribonukleotida, cabai giling, penstabil (nabati, Pati jagung.",0,safe
"Bumbu Ayam Teriyaki ({6, Pengatur Keasaman (Asam Sitrat), dinatrium inosinat dan guanilat sebagai penguat rasa), tokoferol campuran pekat, Singkong ungu premium, Minyak Kelapa, PENGUAT RASA (MONONATRIUM L-GLUTAMAT.",0,safe
"Pewarna Alami Beta Karoten (Sayuran) CI, gula dan pengawet (natrium benzoat), Pengembang (amonium hidrogen karbonat dan natrium karbonat), 80%), gandum, Nata De Coco (8.",1,unsafe
"Perisa Sintetik dan Alami (mengandung Penguat Rasa (Mononatrium Glutamat, Mengardung alergen, Nori kering (47%), Kurkumin CI 75300, abai 6.",0,safe
"Bumbu (mengandung penguat rasa (Mononatrium Glutamat, 78%), udang, (tree nuts), bumbu (bawang bombay.",1,unsafe
"75470 dan Minyak Atsiri, Daglng Ayam (56%), tepung terigu, Mengandung Antioksidan (TBHQ dan Alfa Tokoferol) dan Pewama Alami Karamel III, tepung dari beras putih.",1,unsafe
"Jagung segar, minyak nabati sehat, garam alami (1%)",0,safe
"Jagung (43%), Minyak Kelapa Sawit (mengandung Antioksidan TBHQ), Tepung Tapioka, Bumbu Rasa BBQ Balado (mengandung Rempah (Bubuk Cabe (0,5%)), Penguat Rasa (Mononatrium Glutamat, Dinatrium Inosinat dan Guanilat),
Perisa Sintetik dan Alami (mengandung Penguat Rasa (Mononatrium Glutamat, Dinatrium Inosinat dan Guanilat), Antioksidan Alfa Tokoferol, Pemanis Alami Glikosida steviol), Hidrolisat, Protein Kedelai, Bubuk Kecap, Ekstrak Daging Sapi (0,03%), Padatan Susu, Bubuk Udang, Bubuk Keju, Pemanis Alami Glikosida Steviol, Pewarna Sintetik Makanan Kuning FCF CI No. 15985), Gula, Tepung Beras, Garam, Pengembang, Penstabil dan Perisa Sintetik (mengandung Antioksidan Alfa Tokoferol).
Mengandung alergen, lihat daftar bahan yang dicetak tebal.
Diproduksi menggunakan peralatan yang juga memproses serealia, telur, ikan, dan kacang pohon.",1,unsafe
"Antioksidan Tokoferol, 8 %, whey, Tanpa pengawet dan pemanis artifisial, Kakao Bubuk 4%.",1,unsafe
"Tepung Terigu, Air, Lemak Reroti (mengandung Antioksidan Tokoferol), 
Gula Icing, Telur Ayam, Margarin (8%) (mengandung Antioksidan BHA, BHT, pewarna Beta - Karoten (sayuran) CI. No. 75130),  Ekstrak Anato CI. No. 75120, Kurkumin CI. No.75300). Gula Kristal (mengandung Pengawet Sulfit), Susu Bubuk, Krimer Kental Manis (mengandung Antioksidan Tokoferol), Ragi, Garam, Pengembang (mengandung Antioksidan Asam Askorbat), Pewarna Tartrazin CI. No. 19140 dan Kuning FCF CI. No. 15985, Perisa Sintetik.",1,unsafe
"salmon, Minyak bumbu: Minyak tumbuhan, saus sambal pedas (dengan penguat rasa MSG) (41%), (Mengandung Antioksidan Tokoferol), beras goreng.",1,unsafe
"alergen, Pengembang Natrium Bikarbonat dan Penstabil Dinatrium Difosfat), 38 % ), kedelai, Sirup Gula Invert, REMPAH-REMPAH, Pengganti Lemak Kakao.",1,unsafe
"ekstrak ayam, KAKAO BUBUK(2%), garam murni, Ubi kayu pilihan (63, Lobak premium (60%), BIRU BERLIAN FCF CI, Keasaman, Pasta Kakao (1.",0,safe
"minyak zaitun (4%), gula pasir berkualitas, terigu, ekstrak buah asam (0.",1,unsafe
"Perisa sintetik vanila, Teh hijau sencha, 5%) Sultana (8%), Selongsong Sosis, wijen, garam spesial (5%) (dengan penyedap rasa MSG.",1,unsafe
"Minyak Rendang: Minyak nabati, Semolina Jagung 36%), zat pengemulsi (fosfat, Pengembang (Natrium Bikarbonat), Perisa Sintetik [Karamel, Informasi Alergen :, tepung.",0,safe
"B9 (Asam Folat), Rempah-Rempah, 19140, persik, Kultur (L, Rapa Terhidrogenasi).",0,safe
"bubuk ekstrak jamur shitake, magnesium klorida), Perisa Artifisial Vanila, telur, Perisai Sintetik Stroberi, 002%).",1,unsafe
"Daging udang, tepung sagu, garam dapur, minyak tumbuhan",0,safe
"pemanis buatan asesulfam-K, Penguat Rasa (Mononatrium Glutamat, 09%)), ANTIOKSIDAN TOKOFEROL CAMPUPAN PEKAT, Bumbu Rasa Abon Sapi 1, hazelnut, gula dekstrosa.",1,unsafe
"tokoferol campuran pekat, laktosa, Pewarna Alami Beta Karoten (Sayuran) CI, Pengembang Natrium Hidrogen Karbonat, Irisan kentang, 35%), ekstrak kelp.",0,safe
"Komposisi Pudding: Susu skim bubuk, Gula, Pengental karagen, Agar bubuk, Perisa sintetik stroberi, Garam, Pewarna sintetik (Ponceau 4R CI No. 16255).
Komposisi Saus Vla (25%): Gula, Susu full krim, Pati termodifikasi, Bahan dasar topping (mengandung pewarna alami Beta-karoten (sintetik) CI No.40800, protein susu, whey bubuk), Garam, Perisa sintetik vanila, Pewarna sintetik (Kuning FCF CI No. 15985, Tartrazin CI No. 19140).",1,unsafe
"75815, Campuran, perisa sintetik (stroberi, teri, saus tomat alami (45%).",1,unsafe
"dinatrium 5'-inosinat, natrium sulfat, Lobak berkualitas tinggi (60%), karagenan, BUMBU KOYA: KERUPUK, Pengembang (Natrium Hidrogen Karbonat.",0,safe
"36%), jagung), siung bawang putih, Pewarna Alami Beta Karoten (sayuran) CI, bubuk jagung, Margarin (Mengandung Antioksidan Tokoferol, sesame.",1,unsafe
"sagu halus, penstabil (nabati dan fosfat), Ekstrak Ragi, lemak cokelat.",0,safe
"Minyak Kelapa, Garan Pengatur Keasaman Asam Sitrat, Minyak kelapa sawit, xanthan gum, ASAM FOLAT), Minyak Kelapa Sawit (Mengandung Antioksidan TBHQ), Ekstrak daging kelapa terbaik (50%), 2%}.",0,safe
"Oat Utuh (8%), Perisa Sintetik Daging Sapi BBQ, ANTIKEMPAL SILIKON DIOKSIDA, Natrium Polifosfat), natrium sulfat, Krispi Beras (3%), dinatrium 5'-guanilat [E627] & dinatrium 5'-inosinat [E631], Lobak pilihan (60%).",0,safe
"Tepung terigu, margarin (mengandung pewarna alami Beta karoten (sayuran) CI No 75130), kismis 16.5%, gula  (mengandung pengawet sulfit), telur, sirup glukosa (mengandung pengawet sulfit), lemak reroti (mengandung antioksidan tokoferol), mentega, garam, whey, pati jagung, susu bubuk tanpa lemak, Pengembang (Natrium hidrogen
karbonat dan amonium hidrogen karbonat), perisa alami (vanila dan mentega)",1,unsafe
"Gula, Tepung Terigu, Minyak Nabati (Mengandung Antioksidan Askorbil Palmitat & Tokoferol), Maltodekstrin, Kakao Bubuk (6%), Whey Bubuk, Dekstrosa, Tepung Ketan, Garam, Pengemulsi Nabati, Perisa Sintetik, Pewarna (Alami Karamel Kelas III, Sintetik (Kuning FCF CI. No. 15985, Biru Berlian FCF CI No. 42090)). Mengandung alergen, lihat daftar bahan yang dicetak tebal. Dapat mengandung Telur dan Hazelnut. Tanpa Pengawet, Tanpa Pemanis Buatan.",1,unsafe
"Jintan Bubuk, Mineral Zat Besi dan Seng), lesitin kedelai, Pati Kentang, Cokelat dan Vanila, Pelapis Cokelat Putih* 33, 43%).",1,unsafe
"Dinatrium Inosinat dan Guanitat), alkohol, Penstabil (Dipati Adipat Terasetilasi, Natrium Polifosfat), pengatur keasaman (asam sitrat, penyedap rasa MSG.",0,safe
"Minyak Kelapa Sawit (mengandung Antioksidan TBHQ), perisa sintetik, garam gurih (5%) (mengandung penyedap MSG, susu, Pewarna Alami Kurkumin CI.",1,unsafe
"Gula, Lemak Nabati, Krispi Beras (13%), Tepung Terigu, Kakao Bubuk (5%),
Sirup Glukosa, Krimer Kental Manis (mengandung Susu dan Antioksidan Tokoferol), Pemanis Alami Sorbitol Sirup, Dekstrosa, Whey Bubuk, Susu Bubuk Full Cream, Susu Skim Bubuk, Maltodekstrin, Pengemulsi (Lesitin Kedelai, PGPR), Garam, Perlakuan Tepung (Natrium Stearoil-2-Laktilat), Perisa Sintetik, Pengembang.
Mengandung alergen, lihat daftar bahan yang dicetak tebal.
Diproduksi menggunakan peralatan yang juga memproses Kacang-kacangan, Telur, Kedelai dan Gandum.
Konsumsi berlebih mempunyai efek laksatif",1,unsafe
"malt, Jagung Kernel Utuh 91%, Minyak Sawit (mengandung Antbksidan TBHQ (E319)), 78% (Mengandung cabe merah (28%).",1,unsafe
"Kentang Kering (62, Ekstrak daging sapi 1%, pure tomat (45%), tepung beras putih, tepung sagu, Kentang, garam spesial (5%) (dengan penyedap rasa MSG, Kakao bubuk (6.",0,safe
"Beras putih (85, 07% (mengandung Penguat Rasa Mononatrium Glutamat dan Dinatrium 5'-ribonukleotida, gandum, bubuk jagung, Wortel ( 1.",1,unsafe
"Jagung, Lemak Nabati, Glukosa, Keju 5% (mengandung susu), Garam, Hidrolisat Protein Kedelai, Kecap Bubuk Mengandung kedelai, gandum), Dekstrin, Rempah, Perisa Alami.",1,unsafe
"Air bersih, gula pasir (19,5%), nata de coco (7,14%), bubuk jeli, pengatur asam (asam sitrat), perisa buatan (stroberi, leci, melon), tepung konjak, pewarna sintetis (tartrazin CI 19140, merah allura CI 16035, biru berlian FCF CI 42090). Bebas pengawet dan pemanis buatan. Diproduksi dengan alat yang juga mengolah produk susu.",0,safe
"kalsium laktat, askorbil palmitat, minyak tumbuhan pilihan, dan garam halus, krimer nabati, Humektan Nabati, KAKAO BUBUK(2%).",0,safe
"pengental nabati, kenari, Lesitin, bawang merah potong, sagu murni.",1,unsafe
"Pemanis Alami Maltitol, penguat rasa dinatrium guanilat dan inosinat), Perisa Alami Barbekiu, Bubuk cabe, madu alami (0, Pati Beras.",0,safe
"Pengatur Keasaman (Kalium Karbonat, PENGENTAL (PATI ASETAT), pengatur keasaman kalsium sulfat dan glukono delta lakton, Tepung beras (80%).",0,safe
"Perisa Alami (Oregano & Rosemary), Pewarna Sintetik Kuning FCF CI, PENGEMBANG (AMONIUM BIKARBONAT, Asam Folat), Pewarna Sintetik (Tartrazin CI 19140 & Kuning FCF CI 15985), ikan, Pemanis Alami Isomalt.",1,unsafe
"09%), SIRUP GLUKOSA, Perisa Sintetik, Daun teh hijau, kepiting, PENGATUR KEASAMAN (ASAM SITRAT (330), dan kacang - kacangan lainnya.",1,unsafe
"persik, Pewama Alami Karamel Kelas IV, ekstrak ragi, dan Kacang Pohon, beras goreng crispy.",0,safe
"Gula, Lemak Reroti(mengandung antioksidan TBHQ), Kakao
Bubuk (4%), KacangTanah (3.2%), Susu Bubuk, Minyak Nabati, Tepung Terigu, Tepung Tapioka, Pengemulsi Lesitin Kedelai, Garam, Pengembang (natrium nidrogen karbonat,Amonium hidrogen karbonat), Perisa Sintetik (Vanila dan Susu)",1,unsafe
"Tepung Terigu, Gula, Minyak Nabati, Kakao (5 5%), Sirup Glukosa, Pasta Kacang Hazel, Telur, Susu Bubuk (1,5%). Pasta Kakao (1,2%), Cokelat Hitam (1%), Mentega, Pengemulsi Lesitin Kedelai, Garam, Pengembang (Amonium Bikarbonat dan Natrium Bikarbonat) Perisa Alami.
Mengandung alergen, lihat daftar bahan yang dicetak tebal. Mungkin mengandung kacang tanah, kedelai, dan kacang - kacangan lainnya.",1,unsafe
"Antioksidan Tokoferol), coklat cair gelap, gluten, penguat rasa MSG.",1,unsafe
"Mengandung allergen, dan Perisa Sintetik Vanila, Bihun: Pati jagung pilihan, Albumin, penstabil, Kecap Fermentasi, Lemak Nabati (Mengandung Antioksidan TBHQ), dinatrium guanilat dan inosinat).",0,safe
"bubuk cabai, PERISA SINTETIK VANILA PEWARNA ALAMI (KURKUMIN CI 75300 DAN KARAMEL IV), Lobak premium (60%), Kakao Bubuk (0, Bumbu Pedas.",0,safe
"CI 19140 dan antioksidan TBHQ, keju, 9%) (mengandung Antioksidan, saus cabai merah (dengan penguat rasa MSG) (41%), Asam askorbat BHA & TBHQ, MI: Tepung tetigu.",1,unsafe
"Bubuk jagung premium (65, Penguat rasa mononatrium L-glutamat, telur bubuk, pengental (gom biji lokus.",1,unsafe
"Garam cabe(0, pengatur pH (asam sitrat, Perlakuan tepung Protease dan Aspergillus oryzae, Biji jagung.",0,safe
"siung bawang putih (0, Alpukat (1, Pengembang (amonium hidrogen karbonat dan natrium karbonat), MINYAK SAYUR, PENGEMBANG (NATRIUM & AMOMUM BIKARBONAT), Lemak Reroti Nabati (Mengandung Antioksidan Askorbil Palmitat & Tokoferol), Lada Putih Bubuk.",0,safe
"PEWARNA ALAMI (BETAKAROTEN (CI, Aprikot (2%), Pewarna Alami Karamel III - E150c), trinatrium sitrat), Ekstrak Anato CI, dan ibu menyusui, teri.",1,unsafe
"Olahan ikan tenggiri, tepung sagu, garam laut, minyak goreng nabati.",0,safe
"KAKAO BUBUK (1%), pasta tomat (45%), dan garam laut, kenari, Gula Invert.",1,unsafe
"Tepung gandum wholemeal, tepung dari beras putih, coklat cair pekat, serbuk coklat, krimer tumbuhan, gula, mentega coklat, dan garam",0,safe
"SUSU FULL KRIM (49.95%), KRIM WHPPING (20.7%) (MENGANDUNG PADATAN SUSU), COKELAT SUSU (10%) (MENGANDUNG SUSU), GULA PASIR (MENGANDUNG PENGAWET SULFIT), DEKSTROSA MONOHIDRAT, SUSU SKIM BUBUK (2.7%), TEH HIJAU BUBUK (2%), SIRUP GLUKOSA, TEPUNG PREMIKS ES KRIM (MENGANDUNG SUSU), PENGEMULSI: MONO DAN DIGLISERIDA ASAM LEMAK, PENSTABIL: GOM KACANG LOKUS, GOM GUAR, NATRIUM KARBOKSIMETIL, SELULOSA. 
MENGANDUNG ALERGEN, LIHAT DAFTAR BAHAN YANG DICETAK TEBAL",1,unsafe
"beras kering, vitamin C, Cokelat (16%), mentega, bawang merah bubuk, Kuning FCF CI.",1,unsafe
"garam gurih (5%) (mengandung penyedap MSG, glukosa cair, daun limau, Pewarna Alami Karmin CI no, keju, Potongan singkong (64, Penguat Rasa Mononatrium Glutamat dan Dinatrium Ribonukleotida).",1,unsafe
"Tepung gandum lengkap, tepung beras putih halus, coklat hitam leleh, bubuk kakao, krimer tumbuhan, gula, lemak cokelat murni, dan garam",0,safe
"Cokelat Paduan, Tepung Gandum
(29.6%), Tepung Gandum Utuh (25.5%), Gula, Kakao Bubuk (5.2%), Garam, Kalsium Karbonat, Antioksidan Tokoferol Campuran Pekat.
Mengandung alergen, lihat daftar bahan
yang dicetak tebal. Mungkin mengandung kacang pohon (tree nuts) dan susu.",1,unsafe
"Pewarna Beta-karoten (sayuran) CI 75130 (INS 160a(ii)), 90%), Bumbu Pedas Ekstrim Level 15 (Serbuk cabai, (Mengandung Antioksidan BHA), PENGEMBANG (NATRIUM & AMOMUM BIKARBONAT).",0,safe
"Margarin (14%) (mengandung antioksidan (BHA, Biji jagung, gluten, buah campuran: (lidah buaya (10%), Pengawet Natrium Benzoat, pati ubi kayu.",1,unsafe
"Pengembang Natrium Hidrogen Karbonat, jus jeruk mandarin (4, pengental xanthan gum, serbuk bawang bombay, kacang-kacangan, dan ibu menyusui, CAPSICUM OLEORESIN, antioksidan tokoferol campuran pekat.",0,safe
"Peringatan: Memuat alergen, bubuk ayam, ikan, Moluska, Bubuk Bawang Bombay, PENSTABIL FOSFAT.",1,unsafe
"Anti Kempal Siiikon Dioksida Halus, Vanila), bahan pengawet natrium benzoat, PERISA: SINTETIK VANILA, Penstabil [Gom Arab (E414), Menangdung pemanis buatan, 132%), Mengandung.",0,safe
"48%, Lemak Kakao 0, kacang-kacangan, 673%) (MENGANDUNG BUTTERMILK.",0,safe
"Alga laut (47%), VITAMIN B2, apel), Lemak Nabati (mengandung Antioksidan TBHQ), 75130 (Mengandung Antioksidan Tokoferol dan Asam Askorbat), telur bubuk, Penguat Rasa Mononatrium Glutamat [E621].",1,unsafe
"Singkong kering pilihan, 19140 dan Kuning FCF CI, Pewarna makanan (Biru berlian CI 42090, Daglng Ayam (56%), cabai rawit, abai 6, bubuk jagung, Pewarna Alami Beta-karoten CI 75130 (Mengandung Antioksidan Alfa Tokoferol dan Asam Askorbat).",0,safe
"wijeng, gluten, BAWANG PUTIH, PENGUAT RASA MONONATRIUM L-GLUTAMAT.",1,unsafe
"cabai kering, Kacang polong (62, sirup jagung, bumbu bubuk (mengandung kecap asin, kacang mede, Ubi ungu terbaik.",1,unsafe
"asam askorbat), lemak dari coklat, udang, rempah-rempah pilihan.",1,unsafe
"bubuk bawang putih dan bombay, Kacang Hazel (6, Biru Berlian FCF CI No, BAWANG PUTIH, TEH HIJAU BUBUK (2%), daun jeruk purut, SIRUP ISOMALTO OLIGOSAKARIDA, Gula (mengandung.",0,safe
"Cuka (mengandung alkohol 0.002%), Air, molases mengandung tepung kedelai, pati gandum), Sirup Jagung Tinggi Fruktosa, Garam, Kecap (mengandung gandum, kedelai), Pewarna alami Karamel I, Perisa Alami asap (mengandung pewarna alami Karamel I, pengawet natrium benzoat, Ikan Teri, Tepung Kedelai, Sirup Jagung (mengandung pengawet sulfit).",1,unsafe
"ibu hamil dan ibu menyususi, Polong, Dinatrium 5'-Guanylat), 79% (mengandung pewarna makanan sintetik Kuning FCF (CI 15985)), madu.",0,safe
"cabe, Cokelat Pelapis* 33%, 06%), dan kacang, Lihat komposisi yang dicetak tebal, jagung).",0,safe
"garam laut (0, mentega, Bubuk cabe, Bawang Putih Bubuk 0, B9 (Asam Folat), Pengatur Keasaman (Asam Sitrat).",1,unsafe
"lihat komposisi yang dicetak tebal, penguat rasa dinatrium 5'-guanilat [E627] & dinatrium 5'-Inosinat [E631]), Beras berkualitas (85, minyak mustard, konsentrat sari buah apel (2%), Amonium Klorida, wijen.",1,unsafe
"Bumbu (mengandung penguat rasa (Mononatrium Glutamat, Pati Kentang, 78%), Pengembang (Natrium hidrogen, Pati Tapioka, Tepung dari umbi porang (48%).",0,safe
"Keju Cheddar 30% (Mengandung Susu), Air, Minyak Nabati Terhidrogenasi, Keju Bubuk (Mengandung Susu), Buttermilk Bubuk (Menganduung Susu), Maltodekstrin, Pengemulsi (Trinatrium Sitrat dan Dinatrium Fosfat), Whey Bubuk (Mengandung Susu), Garam, Gula (Mengandung Pengawet Sulfit), Perisa Alami Keju (Mengandung Susu), Pengatur Keasaman (Asam Laktat dan Asam Sitrat), Pengawet (Kalium Sorbat dan Nisin), Penstabil Karagenan, Pewarna Beta-karoten (sayuran) CI 75130 (INS 160a(ii)).",1,unsafe
"Bumbu rumput laut 11, jeli bubuk, Krimer Kental Manis (mengandung Antioksidan Tokoferol), Semolina.",0,safe
"cabai kering, ikan, lemak reroti (mengandung pengemulsi mono dan digliserida asam lemak dan antioksidan tokoferol), ekstrak jeruk mandarin (4, libat daftar bahan yang dicetak tebal.",1,unsafe
"Mengardung alergen, perisa sintetik (anggur, Pewarna Alami Karamel III - E150c), Rasa (Dinatrium Inosinat, tepung gandum, PENGEMBANG: NATRIUM BIKARBONAT.",1,unsafe
"Nori kering (47%), Bl (Tiamin), dan garam laut, bubuk merica, gom xanthan, salmon.",1,unsafe
"Jagung (50%), Gula, Minyak nabati, Bumbu rumput laut 11.7%
(mengandung rumput laut 5%, penguat rasa mononatrium glutamat), Krimer
nabati (mengandung protein susu), Garam, Perisa sintetik rumput laut.",1,unsafe
"(Sianokobalamin), penguat rasa dinatrium ribonukleotida, ANTIOKSIDAN (TOKOFEROL CAMPURAN PEKAT (307b))), 14%), Jagung (43%), Diproduksi menggunakan peralatan yang juga memproses serealia, mengandung Antioksidan Askorbil Patmitat, Bubuk porang berkualitas (48%).",0,safe
"DAN PENGATURE ASAM SITRAT, Jagung, 42090)), bumbu (terdiri dari gula, Pati, (GLUKONO DELTA LAKTON DAN NATRIUM HIDROGEN KARBONAT), Perisa Sintetik (Teh Hijau, perisa paprika natural.",0,safe
"09%), cokelat leleh, Bubuk Karamel (0, PENGEMBANG (NATRIUM HIDROGEN KARBONAT (500(ii))), nisin), alami santan, tapioka.",0,safe
"Tepung Gandum, Keju Chedar (10%), Minyak Nabati, Keju Bubuk, Gula, Keju Pecorino, Garam, Kecap Inggris (Mengandung alkohol 0.001%) Barley), Pati Gandum, Ekstrak Ragi, Ekstrak Malt, Ragi, Tepung Gandum Hitam, Padatan Susu, Rempah, Ekstrak Protein Nabati, Perisa Alami, Pengembang Amonium Hidrogen Karbonat, Pengemulsi Lesitin Kedelai. Mengandung alergen, lihat daftar bahan yang dicetak tebal. Mungkin mengandung Telur, Kacang Pohon dan Kacang Tanah.",1,unsafe
"Tepung terigu, Gula (mengandung pengawet sulfit), Margarin (14%) (mengandung antioksidan (BHA, askorbil palmitat, tokoferol
asam askorbat), pewarna alami Beta-karoten CI No. 40800), Telur, Keju (6%) (mengandung pengawet kalium sorbat dan nisin), Susu (2%), Ragi (mengandung antioksidan asam askorbat), Garam.
Mengandung alergen, lihat daftar bahan yang dicetak tebal.",1,unsafe
"Perisa Sintetik Lemon, PENGEMBANG: NATRIUM BIKARBONAT, garam murni (0, PENGEMBANG (NATRIUM HIDROGEN KARBONAT (500(ii)), lihat daftar, Ragi, 9%) (mengandung Antioksidan.",0,safe
"hidrolisat, PENGUAT RASA DINATRIUM INOSINAT dan DINATRIUM GUANILAT, PENGEMBANG (NATRIUM & AMOMUM BIKARBONAT), kenari, bubuk bawang putih dan merah, LIHAT DAFTAR BAHAN YANG DICETAK, Perisa Sintetik Kelapa.",1,unsafe
"Pasta makaroni, Campuran Bumbu Pedas Level 15 (Bubuk cabai, irisan bawang merah goreng, garam, gula halus, penyedap MSG, minyak nabati, serbuk bawang putih, serbuk bawang bombay, dinatrium 5'-inosinat, dinatrium 5'-guanilat, sari ragi), Minyak sayur. Catatan: Mengandung alergen, lihat daftar bahan yang dicetak tebal. Diolah dengan peralatan yang juga memproses: Produk susu, seledri, kacang kedelai, ikan, dan krustasea.",0,safe
"potongan nata de coco (7, daging sapi bubuk, Sirup Glukosa Fruktosa, Perisa Sintetik Stroberi, PERISA SINTETIK(COKELAT, BHT, gula dan sirup jagung fruktosa tinggi, Kakao Massa 4.",0,safe
"pengental hidroksipropil dipati Fosfat, ANTIOKSIDAN TOKOFEROL CAMPUPAN PEKAT, Lakotsa, Sirup Glukosa.",0,safe
"Pati Kentang (72.23%), Minyak Nabati, Bumbu Original (Mengandung Penguat Rasa Mononatrium Glutamat), Garam.
Saus Sambal: Air, Gula, Cabe (8.19%), Bawang Putih, Garam, Pati Modifikasi, Penguat Rasa Mononatrium Glutamat, Pengawet Natrium Benzoat, Pewarna Makanan (Tartrazin CI. 19140, Kuning FCF CI. 15985).",1,unsafe
"lihat daftar bahan tebal, 63%), minyak jagung murni, susu bubuk, lemak cokelat, Ekstrak Stroberi.",1,unsafe
"gluten, Antioksidan Askorbil Palmitat dan Tokoferol, serbuk bawang putih dan bombay, Antioksidan Tokoferol), Perisa Sintetik (Krim).",1,unsafe
"jahe, LAKTOSA, Buah Stroberi Bubuk 0, hazelnut, Madu (3%), Pala Bubuk, serbuk jagung pilihan.",1,unsafe
"Kentang segar, minyak sawit (mengandung antioksidan tokoferol), pemanis dekstrosa",0,safe
"Bumbu Rasa Seledri, Bumbu Rasa Bawang Bombay, Laktosa, pewarna makanan karamel IV alami, bumbu bubuk (mengandung kecap asin, Ekstrak kelapa (50%).",0,safe
"90%), bahan pengembang (amonium bikarbonat dan natrium bikarbonat), Tomat Bubuk, PENGATUR KEASAMAN ASAM TARTRAT.",0,safe
"Oat (5, bawang merah kering, tepung mocaf (1, minyak goreng sawit, Perlakuan Tepung (Natrium Stearoil-2-Laktilat), Lemak Reroti (mengandung Antioksidan Askorbil Palmitat & Tokoferol) (19%), potongan daun bawang, 2%).",0,safe
"Bifidobacterium, tepung terigu, Bebas pengawet dan pemanis buatan, Perisa Sintetik Rempah - Rempah, Pati Termodifikasi Asam, Tepung Kelapa.",1,unsafe
"lihat, Semolina Jagung, pewarna buatan (tartrazin CI 19140, gluten, Bumbu Frankfurter.",1,unsafe
"Ikan sarden berkualitas (51%), saus tomat murni (45%), gula kristal, garam, bawang putih halus (0,7%), potongan bawang merah",0,safe
"emulsifier nabati, Gula Halus, beras olahan, Pengemulsi, VITAMIN Bl, cabai bubuk, Penguat Rasa Dinatrium Inosinat [E531] dan Guaniiat [E627], Pemanis Alami Glikosida Steviol).",0,safe
"Singkong kering pilihan, daun jeruk wangi, garam laut, cabai giling, minyak kelapa sawit, rempah-rempah pilihan, bawang putih bubuk.",0,safe
"Kentang (55%), Minyak Kelapa Sawit (mengandung Antioksidan TBHQ), Bumbu Rasa Rumput Laut Panggang
(mengandung Gula, Garam, Bubuk Kecap, Perisa Sintetik, Penguat Rasa (mengandung Mononatrium Glutamat, Dinatrium Inosinat dan Dinatrium Guanilat), Rumput Laut (0,64%),
Hidrolisat Protein Kedelai (mengandung Pewarna Alami Karamel III Amonia Proses), dan Bubuk Ikan)
Mengandung alergen, lihat daftar bahan yang dicetak tebal.
Diproduksi menggunakan peralatan yang juga memproses serealia,Telur, Susu, Kacang Pohon, Sulfit, dan Krustasea.",1,unsafe
"Bahan Penolong (Enzim Protease, tepung gandum, Perisa Sintetik Ayam Goreng Perisa Sintetik Ayam, Rempah (Bawang Merah Bubuk.",1,unsafe
"kaldu sayuran, Gula (mengandung, bumbu rempah, Bumbu Rasa Ayam, Krispi Beras Cokelat (29, Pewarna Alami Merah Bit, 06%), Pewarna Makanan (Tartrazin CI.",0,safe
"penguat tasa dinatrium inosinat dan guanilat) dan vitamin (A, konsentrat sari buah persik (1%), REMAHAN BISKUIT (MENGANDUNG PERISA SINTETIK (COKELAT), air matang, DAN EKSTRAK RAGI, Lada hitam bubuk, Singkong ungu pilihan.",0,safe
"002%), BUBUK COKLAT (4, 92%), rempah-rempah pilihan, pengatur keasaman, beras panggang, penguat rasa (dinatrium 5'-guanilat [E627] & dinatrium 5'-Inosinat [E631]), Bubuk porang (48%).",0,safe
"Gula Icing (16, campuran rasa soto (mengandung hidrolisat protein nabati, PENGAWET (KALIUM SORBAT DAN NATRIUM PROPIONAT), Penguat Rasa (Mononatrium Glutamat).",0,safe
"minyak zaitun (4%), 8 %, sirup jagung, glukosa murni, Kakao Bubuk (11%), Madu (3%).",0,safe
"Mi bihun: Pati jagung, madu pilihan (0, Kakao Massa (0, 97%).",0,safe
"penguat rasa (MSG, Penstabil Kalium Fosfat, Dekstrosa, RUMPUT LAUT (0, Perlakuan Tepung (Pati Jagung, Bubuk porang berkualitas (48%), Bumbu Rasa Rumput Laut Panggang, Lemak Nabati (mengandung Antioksidan Tokoferol Campuran Pekat).",0,safe
"Perisa Vanila, Perguat Rasa (Mononatrium Glutarnat, Daging Ayam (37, penguat rasa dinatrium ribonukleotida.",0,safe
"TEPUNG TERIGU, GULA, MINYAK NABATI (MENGANDUNG ANTIOKSIDAN (TOKOFEROL CAMPURAN PEKAT (307))), SUSU BUBUK, LAKTOSA, PENGENTAL (DIPATI FOSFAT (1412)), INULIN, LEMAK REROTI (MENGANDUNG ANTIOKSIDAN TOKOFEROL CAMPURAN PEKAT (307b))), TEPUNG GANDUM UTUH, EKSTRAK MALT, BUBUK SARI BUAH YUZU (0,4%), PERISA SINTETIK (YUZU (MENGANDUNG ANTIOKSIDAN (DL-ALPHA TOKOFEROL (307c))), MENTEGA (MENGANDUNG ANTIOKSIDAN (TOKOFEROL CAMPURAN PEKAT (307b))), SUSU), PENGATUR KEASAMAN (ASAM SITRAT (330), ASAM MALAT (296)), GARAM, PENGEMULSI (LESITIN KEDELAI (322(i))), PENGEMBANG (NATRIUM HIDROGEN KARBONAT (500(ii)), RAGI, PEWARNA ALAMI (BETAKAROTEN (CI.75130)).
MENGANDUNG ALERGEN, LIHAT DAFTAR BAHAN YANG DICETAK TEBAL.
MUNGKIN MENGANDUNG GANDUM, SUSU, KEDELAI, BARLEY, RYE DAN OAT.
DIPRODUKSI MENGGUNAKAN PERALATAN YANG JUGA MEMPROSES ALMOND.",1,unsafe
"38%, (Riboflavin), lesitin kedelai, sirup agave, Minyak Triglsenda, Perisa sintetik rumput laut, Pengemulsi (Dinatrium Difosfat).",1,unsafe
"serat pangan larut, Alga laut (47%), Tepung olahan jagung (65, 67%), mentega, Vitamin A, zat pengemulsi nabati.",1,unsafe
"arkorbil palmitat) pewarna alami Beta-Karoten (sayuran) CI, Kecap Inggris (Mengandung alkohol 0, Krim pasteurisasi, Pelapis Perisa Sintetik, Singkong pilihan (64, cabai rawit pedas (1%).",0,safe
"GARAM GURIH, arkorbil palmitat) pewarna alami Beta-Karoten (sayuran) CI, lesitin kedelai, PENGENTAL PATI ASETAT.",1,unsafe
"bawang putih segar, Agar bubuk, polidekstrosa, Minyak Goreng, Tepung beras (91%), kedelai, VITAMIN B2.",1,unsafe
"Rumput Laut, Gula, Rempah, Hidrolisat Protein Nabati, Kecap Fermentasi, Garam, Penguat Rasa (Natrium Inosinat, Natrium Gaunilat)",1,unsafe
"Kakao Bubuk 3, biji wijen, Semolina Jagung 36%), tepung singkong.",1,unsafe
"Hidrolisat Protein Nabati, almond, perisa buatan cocopandan, Perisa Sintetik dan Alami (mengandung Penguat Rasa (Mononatrium Glutamat.",1,unsafe
"Pisang Raja, Gula Pasir, Terigu, Minyak Nabati.",1,unsafe
"telur, Jahe bubuk, bubuk ekstrak jamur shitake, gula pasir berkualitas, Gelatin Sapi.",1,unsafe
"99%), Protein Nabati (KedeIai), gluten, coklat cair gelap, perisa alami paprika oleoresin, dan garam, ESTER POLIGLISEROL ASAM RISINOLEAT TERINTERESTERIFIKASI).",1,unsafe
"Tepung Gandum, Gula, Lemak Nabati, Lemak Kakao, Susu Skim Bubuk, Kakao Massa (3,6%), Whey, Mentega (mengandung susu), Kuning Telur Bubuk, Pengemulsi Lesitin Kedelai, Garam, Susu Bubuk (0,3%), Laktosa, Pengembang Natrium Hidrogen Karbonat, Rempah, Perisa Alami Susu.",1,unsafe
"Ammonium Bikarbonat), kepiting, B12), Krimer Nabati Bubuk, (Sianokobalamin), rapeseed).",1,unsafe
"Tenggiri segar giling, pati sagu murni, garam alami, minyak nabati sehat, bubuk cabai merah pedas, bawang merah kering",0,safe
"Tuna segar pilihan (70%), air minum berkualitas, kaldu sayuran alami, garam murni (0,7%), mononatrium glutamat untuk memperkaya cita rasa",0,safe
"Alga laut (47%), Penstabil (Gelatin sapi), BUBUK SARI BUAH YUZU (0, cokelat leleh, susu bubuk, gula halus, Cokelat (16%).",1,unsafe
"Singkong ungu premium, Bubuk porang berkualitas (48%), Antioksidan Askorbil Palmitat, Pengembang [Natrium Bikarbonat (E500(ii), lihat daftar bahan yang di cetak tebal, ikan, Campuran Bumbu Pedas Level 15 (Bubuk cabai.",1,unsafe
"Tepung Terigu, Lemak Nabati ( mengandung Antioksidan Tokoferol ), Gula, Pengembang (Amonium Hidrogen Karbonat dan Natrium Hidrogen Karbonat ), Daun Bawang ( 1,25 % ), Wortel ( 1,25 % ), Pati Jagung, Tomat ( 0,77 % ), Paprika (0,77 % ), Garam, Brokoli ( 0,38 % ), Kubis ( 0,38 % ), Sirup Glukosa, Malt Ekstrak, Penguat Rasa Mononatrium Glutamat ( MSG ).",1,unsafe
"Niasin, hazelnut, Maltodekstrin], kacang Tanah, KAKAO MASSA, laktosa.",1,unsafe
"Mi bihun: Pati jagung, beras olahan, pati singkong, zat pengemulsi nabati, bahan pengental alami, penstabil fosfat. Bumbu: Garam, gula, perisa soto (dengan hidrolisat protein nabati, antioksidan tokoferol), penguat rasa (MSG, dinatrium inosinat dan guanilat), serbuk ayam, bubuk bawang putih dan merah, potongan daun bawang kering, bubuk merica, seledri kering. Minyak berbumbu: Minyak nabati, bumbu rempah, antioksidan TBHQ. Serbuk cabai",0,safe
"beras goreng, Selongsong Sosis, Pengembang (amonium hidrogen karbonat dan natrium karbonat), Karagenan, 28%), GOM XANTHAN, Kakao Massa 4.",0,safe
"Udang segar, pati sagu, garam, minyak nabati murni",0,safe
"DEKSTROSA MONOHIDRAT, Enzim Papain), Biru Berlian FCF CI No, Bumbu Original (Mengandung Penguat Rasa Mononatrium Glutamat), 99%), Kecap Inggris (Mengandung alkohol 0, minyak jagung murni.",0,safe
"Kakao Bubuk 0, Serpihan Kentang 60%, Kultur (L, bawang putih tumbuk, Pengatur Keasaman Asam Malat, dan ibu menyusui, kacang almond.",1,unsafe
"malt, beras panggang, Kultur (L, Mengandung, lemak cokelat murni, Blackurrant.",1,unsafe
"Daun teh hijau premium, beras panggang pilihan",0,safe
"kacang almond, DEKSTROSA MONOHIORAT, Bebas pengawet dan pemanis buatan, konsentrat jus stroberi (8%), 40800 (mengandung antioksidan dl-alfa Tokoferol).",1,unsafe
"Potongan singkong (64,92%), serbuk jagung, tepung pati jagung, minyak kelapa sawit, air minum, emulsifier",0,safe
"Kismis (9%), Lemak Reroti Nabati, malt, penguat rasa mononatrium L-glutamat, natrium benzoat sebagai pengawet.",1,unsafe
"TELUR, TEPUNG TERIGU, GULA, MINYAK SAYUR, LEMAK NABATI, SIRUP ISOMALTO OLIGOSAKARIDA, SIRUP MALTOSA, SIRUP FRUKTOSA, SUSU BUBUK (l .132%), BUBUK KUNING TELUR, MALTODEKSTRIN, PENGEMULSI NABATI (MONO DAN DIGLISERIDA ASAM LEMAK,
LESITIN KEDELAI, ESTER POLIGLISEROL ASAM RISINOLEAT TERINTERESTERIFIKASI), PENSTABIL (KALSIUM KARBONAT, GOM XANTHAN, HIDROKSIPROPIL
DIPATI FOSTFAT), GARAM, PERISA SINTETIK (VANILLA DAN CUSTARD), PENGAWET (KALIUM SORBAT DAN NATRIUM PROPIONAT), PENGEMBANG
(GLUKONO DELTA LAKTON DAN NATRIUM HIDROGEN KARBONAT), PENGATUR KEASAMAN ASAM TARTRAT, PEWARNA BETA-KAROTEN CI.NO.75130.
MENGANDUNG SUSU, GANDUM, TELUR DAN BAHAN KEDELAI",1,unsafe
"Beras (56,16%), Jagung (18,25%), Dekstrosa, Minyak Kelapa, Gula, Kecap Bubuk (1.97 %), Whey Bubuk (1.97%), Telur Bubuk (1.52%), Penguat Rasa
Mononatrium Glutamat (MSG), Garam.",1,unsafe
"20285, Penguat Rasa Mononatrium Glutamat [E621], minyak nabati (mengandung antioksidan tokoferol campuran pekat [E307b]), Lemak Kakao), Cokelat Compound Hitam Chips (16%, Penguat Rasa (Mononatrium Glutamat E621.",0,safe
"perisa cocopandan sintetik, pengembang natrium hidrogen karbonat, pengatur pH (asam sitrat), bubuk keturbar (0, garam murni (1%), Krispi Beras Cokelat (29, beras kering, BUMBU: Daging ayam (15%).",0,safe
"bawang putih segar (0, Tenggiri segar giling, hazelnut, cabai merah giling, Kalsium Karbonat).",1,unsafe
"gandum, 75810), bumbu rempah, Kubis ( 0, Penstabil Nabati.",1,unsafe
"TBHQ), Pasta Kakao (1, Kacang Tanah (45, Ubi kayu (63, tepung maizena berkualitas, jahe.",0,safe
"PEMANIS BUATAN ASPARTAM)), bumbu rempah, Ubi kayu berkualitas (63, PENSTABIL (PATI OKSIDASI, Kalsium Karbonat, BUMBU KOYA: KERUPUK, PENGATUR KEASAMAN, 15985).",0,safe
"Penguat Rasa (Mononatrium Glutamat dan Dinatrium Ribonukleotida), Ekstrak Bawang Putih, Kacang Pohon, Pasta makaroni, Pengganti Lemak Kakao.",0,safe
"Kakao Bubuk 4%, Aditif makanan bersumber dari tumbuhan dan sintetis, garam beryodium, Bumbu Rasa Balado (3.",0,safe
"Tepung dari umbi porang (48%), Cokelat Compound Putih Rasa Tiramisu (31, krimer tumbuhan, Biji bunga Matahari (88, 75300, cabai rawit, gula dan sirup jagung fruktosa tinggi.",0,safe
"Jagung giling, minyak nabati, garam laut (1%)",0,safe
"bawang putih segar (0, perisa cocopandan sintetik, Pengembang Natrium Hidrogen karbonat, 78% (Mengandung bawang putih (39%), Alpukat (1.",0,safe
"kenari, PENGEMBANG (NATRIUM HIDROGEN KARBONAT (500(ii))), pewarna alami beta-karoten (sayuran) CI 75130), (mengandung Antioksidan Askorbil, Bumbu (Mengandung Penguat Rasa Dinatrium Inosinat.",1,unsafe
"75130 (160a(ii), PATI JAGUNG, dan B12), Lobak kering.",0,safe
"Singkong terbaik (63, Air minum, tepung gandum, minyak sawit (mengandung antioksidan tokoferol).",1,unsafe
"crustacea, Kuning FCF CI, Asam Folat), Merah Bit.",1,unsafe
"dinatrium guanilat dan dinatrium inosinat), SELAI CERY 1% (MENGANDUNG PEWARNA ALAMI ANTOSIANIN DAN PENGAWET KALIUM SORBAT), PREMIKS VITAMIN DAN MINERAL(ZAT BESI, pengental (gom lokus, SAOS CABE: Air, Oat.",0,safe
"19140 (102), Sirup Gula Invert, persik, antioksidan asam askorbat, lihat komposisi yang dicetak tebal, bubuk ayam, KAKAO MASSA, 21%).",0,safe
"minyak nabati berkualitas, Bumbu Pedas Tingkat 15 (Cabai bubuk, cabai bubuk, bumbu rempah, perisa sintetik vanilla, bubuk coklat premium.",0,safe
"Gula Invert, Pengembang (Arnonium Bikarbonat, Bawang Putih Bubuk 0, KAKAO MASSA, Pemanis Alami Maltitol, Hidrolisat Protein Nabati).",0,safe
"Natrium Karbonat), telur bubuk, arkorbil palmitat) pewarna alami Beta-Karoten (sayuran) CI, 242%), Bumbu Pedas Ekstrim Level 15 (Serbuk cabai, lihat bahan bercetak tebal, Pengembang Natrium Hidrogen Karbonat).",1,unsafe
"aroma jeruk mandarin buatan, buah campuran: (lidah buaya (10%), Minyak Rendang: Minyak nabati, 5% (Mengandung Bawang Putih Bubuk 1, ikan, perisa sintetik (anggur.",1,unsafe
"penstabil (nabati dan fosfat), Singkong ungu terpilih, dinatrium 5'-guanilat, Penguat rasa Dinatrium 5'-ribonukleotida.",0,safe
"susu, disarankan tidak dikonsunsi oleh anak di bawah 5 (lima) tahun, dinatrium 5'-inosinat, PENGUAT RASA (MONONATRIUM GLUTAMAT DAN, Pewarna Sintetik Ponceau 4R CI 16255 dan Kuning FCF CI 15985).",1,unsafe
"garam murni, gandum, potongan bawang bombay, GARAM, irisan tipis bawang merah, kalsium laktat), Pengental Gom Xanthan.",1,unsafe
"Kacang Pohon dan Kacang Tanah, Bebas dari pemanis buatan, kaldu sayuran alami, Merah Bit)), Pati (Jagung, pengawet asam sorbat.",0,safe
"242%), Potongan kentang, kacang tanah, Penguat Rasa (Mononatrium Glutamat), Acar sawi, Bumbu: Gula, telur.",1,unsafe
"Pasta makaroni, lihat daftar bahan yang, dan Pengatur Keasaman (Asam Sitrat), Sayuran 38% (Kubis, KECAP MANIS : Gula, Laktosa, minyak nabati murni.",0,safe
"penyedap rasa (mononatrium glutamat, lihat daftar bahan, rempah pilihan, Pengemulsi nabati, sirup tinggi fruktosa, kerang.",0,safe
"udang, Cokelat Compound Hitam Chips (16%, LEMAK REROTI (MENGANDUNG ANTIOKSIDAN(TOKOFEROL CAMPURAN PEKAT(307b))), Singkong pilihan (63.",1,unsafe
"dinatrium guanilat dan inosinat), 18% (Mengandung Penguat Rasa (Mononatrium Glutamat, minyak sawit olein, tepung dari biji jagung, Puree Mangga (10%), wijen, SAOS CABE: Air.",1,unsafe
"GOM XANTHAN, Mineral Zat Besi dan Seng), teri, KACANG HAZEL 28, Garam Bumbu (Mengandung Penguat, 75130)), 40800 (mengandung antioksidan dl-alfa Tokoferol).",1,unsafe
"Perisa Sintetik (mengandung Pewarna Alami Karamel l), Pengatur Keasaman (Kalium Karbonat, MINYAK : Minyak nabati dan bawang merah, lesitin kedelai, gula putih murni, Dinatrium 5'-inosinate.",1,unsafe
"Tepung Terigu, Minyak Nabati (Kelapa Sawit, Rapa Terhidrogenasi), Mentega (2.395%), Garam, Pengembang (Natrium Bikarbonat), Ekstrak Malt (Barley), Tepung Malt (Barley), Ragi, Miso Bubuk (Kacang Kedelai, Garam), Perlakuan Tepung (Pati Jagung, Amonium Klorida, Kalsium Karbonat). Mengandung alergen, lihat daftar bahan yang dicetak tebal.",1,unsafe
"bubuk jagung, pemanis dekstrosa, Kakao, Pewarna Sintetik (Tartrazin CI No 19140, 005%), Perisa Buah-Buahan, sari asam jawa (0, DAUN BAWANG KERING.",0,safe
"Kakao Massa, DEKSTROSA MONOHIORAT, kedelai, Perisa sintetik (Vanila, Kakao (3%).",1,unsafe
"Pewarna Alami (Karamel I Plain, Pengembang (Amonium Hidrogen Karbonat dan Natrium Hidrogen Karbonat ), PENGUAT RASA (MONONATRIUM L-GLUTAMAT, 75130), Dinatrium 5'-inosinate, maltodekstrin.",0,safe
"Bumbu: Garam, beras goreng crispy, Pati tapioka, Madu (3%), Pemanis Alami Glikosida Steviol, 40800 (MENGANDUNG ANTIOKSIDAN DL-ALFA TOKOFEROL), cumi-cumi.",0,safe
"Kurkumin CI, Ekstrak Anato CI, Pengemulsi, Maltodekstrin, gluten.",1,unsafe
"Makaroni kering, saus tomat murni (45%), Pengatur Keasaman Asam Asetat, gandum, Kakao Bubuk 3.",1,unsafe
"Makaroni kering, Bumbu Pedas Level 15 (Serbuk cabai, bawang merah goreng, garam, gula kastor, MSG, minyak nabati, bubuk bawang putih, bubuk bawang bombay, dinatrium 5'-inosinat, dinatrium 5'-guanilat, ekstrak ragi), Minyak tumbuhan. Peringatan: Berisi alergen, perhatikan bahan yang dicetak tebal. Diproduksi menggunakan peralatan yang juga memproses: Susu, seledri, kacang kedelai, ikan, dan krustasea.",0,safe
"Tepung terigu (44%), minyak sawit, gula pasir, pati dari jagung, bubuk keju (3,3%), susu bubuk, bahan pengembang (amonium bikarbonat dan natrium bikarbonat), sirup fruktosa, penstabil monokalsium fosfat, garam dapur, pati singkong, pengemulsi lesitin kedelai, tepung yang diolah (enzim protease dan amilase). Peringatan: Mengandung alergen, perhatikan bahan bercetak tebal.",0,safe
"penguat rasa (Dinatrium 5'-Inosinat dan Dinatrium 5'-Guanilat), 75%), Bumbu Rasa Seledri, Minyak Nabati (mengandung antioksidan BHT), (Gula, tepung yang diolah (enzim protease dan amilase), Mungkin mengandung seledri.",0,safe
"antioksidan vitamin C, DINATRIUM 5-RIBONUKLEOTIDA), Oadatan Kakao 21% (Kakao Massa), Lemak Nabati (mengandung Antioksidan dl-Alfa Tokoferol).",0,safe
"Tepung gandum (44%), minyak nabati (kelapa sawit), gula, pati jagung, keju bubuk (3,3%), susu bubuk, pengembang (amonium hidrogen karbonat dan natrium hidrogen karbonat), sirup fruktosa, penstabil monokalsium fosfat, garam, pati ubi kayu, pengemulsi lesitin kedelai, tepung yang dimodifikasi (enzim protease dan amilase). Perhatian: Mengandung alergen, lihat daftar bahan yang dicetak tebal.",0,safe
"garam beryodium, ekstrak tamarind (0, Cabe Hijau (28%), Pengembang (mengandung Antioksidan Asam Askorbat).",0,safe
"Alanin), kacang mede, Bumbu Pedas Tingkat 15 (Cabai bubuk, III (E-150C), Penstabil (Dipati Fosfat), garam spesial (5%) (berisi penguat rasa MSG.",1,unsafe
"udang, Penstabi Gom Arab (E414), minyak sawit berkualitas, LEMAK NABATI (MENGANDUNG ANTIOKSIDAN TOKOFEROL), Air), Bawang Bombai, Pemanis Alami Glikosida Steviol.",1,unsafe
"Niasin, Pewarna Beta-karoten (sayuran) CI 75130 (INS 160a(ii)), perhatikan bahan yang dicetak tebal, lesitin kedelai, Gula (mengandung.",1,unsafe
"cabai rawit segar (1%), 037%, gandum, Ekstrak Protein Nabati, 8%) (mengandung antioksidan (BHA, Singkong ungu premium.",1,unsafe
"Minyak Sawit, Air steril, Perisa Sintetik (mengandung Antioksidan Tokoferol), dan Kacang Pohon, susu bubuk.",1,unsafe
"Penguat rasa Dinatrium 5'-ribonukleotida, Pasta makaroni, Dekstrin, sorbat, Mengandung Antioksidan (TBHQ dan Alfa Tokoferol) dan Pewama Alami Karamel III, terigu.",1,unsafe
"Minyak Nabati, Umbi kentang, jahe bubuk, Lemak Nabati (mengandung Antioksidan dl-Alfa Tokoferol), lactobacillus acidophilus), Beras, bahan pengawet kalium sorbat, bubuk kakao.",0,safe
"cuka buah, Kentang Kering (62, minyak biji sawi, SIRUP MALTOSA, Ribonukleotida), antioksidan vitamin C.",0,safe
"Tepung terigu (74%), tepung
tapioka, garam, penstabil (nabati
dan fosfat), tepung telur (0,2%), 
pengatur keasaman, penguat
rasa (dinatrium inosinat dan guanilat) dan pewarna sintetik
tartrazin CI 19140.
Mengapdung alergen, lihat daftar
bahan yang dicetak tebal.",1,unsafe
"ragi, Pewarna sintetik (Kuning FCF CI No, Pengemulsi Hidroksipropil Pati, Rumput laut kering (47%), Puree Mangga (10%), ikan.",1,unsafe
"KECAP MANIS : Gula, Minyak Nabati (Kelapa Sawit, bahan pengental alami, 57%), salmon.",1,unsafe
"Zat Besi, PENGEMBANG (NATRIUM & AMOMUM BIKARBONAT), BUMBU RASA JALAPENO 0, Buah Stroberi Bubuk 0, 45%), rumput laut wakame kering (7%).",0,safe
"VITAMIN Bl, dan kacang - kacangan lainnya, Natrium Hidrogen Karbonat), Bumbu Rasa Cokelat (mengandung Gula, Iihat daftar bahan yang dicetak tebal, krustasea, cabai merah kering.",1,unsafe
"pewarna sintetik Tartrazin CI No, Ubi jalar ungu premium, Karagenan (5%), gandum, Perisa Sintetik dan Alami (mengandung Penguat Rasa (Mononatrium Glutamat, 97%).",1,unsafe
"Bikarbonat), Daging Ayam (56, laktosa, crustacea, Minyak berbumbu: Minyak nabati, Pewarna makanan sintetik kuning FCF CI 15985, serbuk jeli.",1,unsafe
"Potongan singkong terpilih, minyak zaitun extra virgin (4%), bawang putih parut (0, gula glukosa.",0,safe
"Sirup Glukosa, Gula, Air, Penstabil (Gelatin sapi), Sari Buah Stroberi (1%), Pengatur Keasaman (Asam Sitrat, Asam Laktat), Perisai Sintetik Stroberi, Pewarna Sintetik : Merah Allura CI No. 16035. Tanpa Pengawet. Diproduksi Menggunakan Peralatan Yang Juga Memproses Susu Gandum, Kedelai dan Ikan.",1,unsafe
"Tepung Terigu, Tepung Tapioka, Minyak Nabati (mengandung Antioksidan TBHQ), Keju Bubuk ({9.23%}, mengandung Keju Padatan {0.32%}, Antioksidan Tokoferol Campuan Pekat dan BHT), Gula, Garam, Penguat Rasa (Mononatrium Glutamat, Dinatrium Inosinat, Dinatrium Guanilat), Penstabil (Kalsium Karbonat), Laktosa, dan Pewarna Makanan Sintetik (Kuning FCF CI. No. 15985).
Mengandung alergen, lihat komposisi
yang dicetak tebal.
Diproduksi menggunakan peralatan
yang juga memproses Krustase, Telur,
Ikan, Moluska, Oat, Kacang Tanah,
Kedelai, dan Kacang Pohon.",1,unsafe
"telur bubuk, Perisa Sintetik (mengandung Antioksidan Tokoferol), Asam Folat), garam halus.",1,unsafe
"Jagung Kernel Utuh 91%, Minyak Goreng Kelapa Sawit, Bumbu Pedas 1.78% (Mengandung cabe merah (28%), Cabe Hijau (28%), Penguat rasa Dinatrium 5'ribonukleotida) Pewama Alami Beta Karoten (sayuran) CI No. 75130. Mengandung alergen, lihat daftar bahan yang dicetak tebal, mungkin mengandung kedelai",1,unsafe
"Perisa Sintetik Ayam Goreng Perisa Sintetik Ayam, Natrium bikarbonat), Pati Jagung Gula, Asam askorbat BHA & TBHQ Pewama Alami Betakaroten CI 75130, almond, bahan pengemulsi (fosfat, antioksidan asam askorbat).",1,unsafe
"Tepung dari gandum utuh pilihan, tepung beras putih berkualitas, cokelat cair pekat, bubuk coklat premium, krimer nabati, gula murni, lemak coklat asli, dan garam laut",0,safe
"Daun teh hijau, beras panggang",0,safe
"Tuna segar (70%), air mineral, kaldu dari sayuran, garam (0,7%), penguat rasa mononatrium glutamat",0,safe
"Gelatin Sapi, Asam Folat, Bubuk Lada Putih, Jagung (43%), Daging Sapi 21.",0,safe
"Air murni, gula dan sirup jagung tinggi fruktosa, polidekstrosa, ekstrak jeruk mandarin pilihan (4,5%), pengental (gom lokus, gom xanthan, karagenan, kalium klorida, kalsium laktat), glukosa, pengatur pH (asam sitrat, trinatrium sitrat), gelatin ikan, aroma jeruk mandarin artifisial, tepung konjak, pemanis asesulfam-K.",0,safe
"BUMBU RASA AYAM, tapioka, glukosa cair, PEMANIS BUATAN ASPARTAM), minyak zaitun extra virgin (4%), Perisa Alami Cokelat.",0,safe
"Catatan: Memuat alergen, Sayuran 38% (Kubis, bubuk lada hitam, Semolina Jagung 36%), pengawet kalium sorbat, Tepung beras (80%), krustasea.",1,unsafe
"lesitin kedelai, BubukTomat, Perisa Identik Alami Lemon (Mengandung Antioksidan BHT), garam gurih (5%) (mengandung MSG, Gula Halus, DAN EKSTRAK RAGI.",1,unsafe
"asam asetat food grade, Asam Folat, Maltodekstrin, gula kristal (19, Pewarna Sintetik kuning FCF CI 15985).",0,safe
"Penguat Rasa [Dinatrium 5'-Inosinat (E631), bikarbonat, Penguat rasa Dinatrium 5'ribonukleotida) Pewama Alami Beta Karoten (sayuran) CI No, Merah Bit, perisa jeruk mandarin sintetis.",0,safe
"Ubi kayu ungu segar, saus tomat segar (45%), Keripik singkong terbaik, Pengental Nabati, Gula putih, karbonat dan amonium hidrogen karbonat).",0,safe
"Tepung Terigu, Mentega, Gula Pasir,
Sirup Gula Invert, Whey, Telur Bubuk, Garam, Susu Bubuk, Perisa Alami (Susu dan Vanilla), Pengemulsi (Lesitin dan Dikalsium Difostat), Pengatur Keasaman Asam Sitrat.
Mengandung alergen, lihat daftar bahan yang dicetak tebal.",1,unsafe
"TEPUNG TERIGU, GULA, MINYAK NABATI (MENGANDUNG ANTIOKSIDAN (TOKOFEROL CAMPURAN PEKAT(307b))), SUSU BUBUK, LEMAK REROTI (MENGANDUNG ANTIOKSIDAN(TOKOFEROL CAMPURAN PEKAT(307b))). KAKAO MASSA(3%), EKSTRAK MALT,
KAKAO BUBUK(2%), COKELAT BUBUK(0,5%), GARAM,  PENGEMBANG(NATRIUM HIDROGEN KARBONAT(500(ii))), 
PENGEMULSI(LESITIN KEDELAI(322(i))). PERISA SINTETIK(COKELAT, VANILA), PREMIKS VITAMIN DAN MINERAL(ZAT BESI, VITAMIN B3,  VITAMIN Bl, VITAMIN B2, ASAM FOLAT).
MENGANDUNG ALERGEN, LIHAT DAFTAR BAHAN YANG DICETAK TEBAL.
MUNGKIN MENGANDUNG GANDUM, SUSU. KEDELAI. BARLEY, RYE DAN OAT.
DIPRODUKSI PADA FASILITAS YANG JUGA MEMPROSES kACANG DAN ALMOND.",1,unsafe
"lemak kakao, PENSTABIL: GOM KACANG LOKUS, bawang putih tumbuk, Perisa Sintetik Ayam Goreng Perisa Sintetik Ayam, Perisa), sirup fruktosa, udang.",1,unsafe
"Pati jagung, Bumbu-bumbu, bubuk bawang bombai (0, Kentang pilihan.",0,safe
"Lemak Reroti (mengandung Antioksidan Tokoferol), natrium benzoat untuk pengawet, Antioksidan Tokoferol Campuan Pekat dan BHT), pati dari jagung, minyak kelapa sawit, Pati Kentang (30, Antioksidan Tokoferol, Perisa Sintetik Mangga.",0,safe
"Teh hijau, butiran beras",0,safe
"Tepung Terigu, Minyak Nabati, Tapioka, Perisa Sintetik Rumput Laut 2.8% (Mengandung Rumput Laut (0.2%), Penguat Rasa Mononatrium Glutamat, Dinatrium Inosinat & Guanilat, Protein Nabati Terhidrolisis), Gula, Garam, Pengembang (Penstabil Dinatrium Difosfat, Pengembang Natrium Hidrogen karbonat, Pati Jagung).",1,unsafe
"Bawang Bombay Bubuk, daun seledri kering, Perisai Sintetik Stroberi, saripati bayam, garam beraroma (5%) (dengan penyedap MSG, beras kering.",0,safe
"Bubuk jagung premium (65,8%), singkong pilihan (31,2%), air steril, minyak sawit murni, bahan pengemulsi (fosfat, nabati)",0,safe
"lada halus, kepiting, Pemanis buatan Aspartam, Margarin (Mengandung Antioksidan Alfatokoferol.",1,unsafe
"Air steril, krimer (mengandung penstabil kalium fosfat, bawang putih bubuk (0, sirup tinggi fruktosa, minyak kelapa sawit murni, thermophilus), LIHAT DAFTAR BARAN YANG.",0,safe
"(mengandung rumput laut 5%, gluten, Karagenan (5%), Mi bihun: Pati jagung, Pisang Raja, gula putih murni, Daun teh hijau.",1,unsafe
"Daging ikan sarden (51%), saus sambal (mengandung penyedap MSG) (41%), gula, siung bawang putih, bawang bombay, garam, cabai rawit segar (1%)",0,safe
"Bumbu Rasa Bawang 5, daun jeruk segar, Pati Modifikasi, Pewarna Beta Carotene (sintetik CI 40800), bubuk pembentuk jeli, PEWARNA MAKANAN SINTETIK (MERAH ALLURA CI.",0,safe
"Minyak sari kedelai (mengandung antioksidan askorbil palmitat), air minum, kuning telur, gula (dengan sulfit sebagai pengawet), garam, pengatur keasaman (asam cuka dan asam susu), penyedap MSG, pengental gom xanthan, minyak mustard, EDTA sebagai sekuestran, perisa paprika natural.",0,safe
"Ekstrak Protein Sayuran, telur, Pewarna sintetik (Ponceau 4R CI No, minyak tumbuhan pilihan.",1,unsafe
"Potongan kentang, Perisa Sintetik Ayam Goreng Perisa Sintetik Ayam, LEMAK NABATI (MENGANDUNG ANTIOKSIDAN TOKOFEROL), pewarna makanan karamel IV alami, Jahe, Dinatrium, askorbil palmitat, cabai rawit.",0,safe
"dan Perisa Sintetik Vanila, Bikarbonat), Laktosa, tepung dari biji beras, keju, Bumbu Pedas Tingkat 15 (Cabai bubuk.",1,unsafe
"Minyak Cabai, Gom Guar), Air minum berkualitas, Pemanis Buatan Sukralosa, Penguat rasa Dinatrium 5'-ribonukleotida, pati tapioka, kasein.",1,unsafe
"Kakao Bubuk (0, 557%), tapioka, krustasea, Penstabil Natrium Karbonat, Ekstrak Stroberi.",1,unsafe
"Singkong ungu pilihan, minyak goreng nabati, garam laut, gula tebu",0,safe
"Anti Kempal, Paprika (0, Antioksidan Askorbil Palmitat, dekstrosa murni.",0,safe
"Bihun: Pati jagung pilihan, beras berkualitas, tepung ubi kayu, emulsifier nabati, pengental alami, penstabil fosfat. Bumbu: Garam, gula, campuran rasa soto (mengandung hidrolisat protein nabati, antioksidan tokoferol), penyedap rasa (mononatrium glutamat, dinatrium inosinat dan guanilat), bubuk ayam, serbuk bawang putih dan merah, irisan daun bawang kering, bubuk lada, daun seledri kering. Minyak bumbu: Minyak tumbuhan, rempah-rempah, antioksidan TBHQ. Bubuk cabe",0,safe
"Surimi Ikan (70%), Air, Pati Tapioka, Pati Gandum, Gula, Penguat Rasa Mononatrium Glutamat (E621), Garam, Minyak Sawit, Albumin, Protein Kedelai, Pewarna Alami Karmin CI. No.75470 dan Minyak Atsiri
Paprika, Perisa Salmon Asap (Mengandung Pengawet Sulfit).
*Mengandung alergen, lihat daftar bahan yang dicetak tebal.",1,unsafe
"Lemak Reroti (mengandung Antioksidan Tokoferol), pengatur keasaman (asam asetat dan laktat), Dinatrium Ribonukleotida [E635]), kenari, aroma buatan.",1,unsafe
"Aditif makanan bersumber dari tumbuhan dan sintetis, penstabil (nabati, minyak sawit premium (dengan kandungan antioksidan tokoferol), Kakao Bubuk 0, tepung terigu.",1,unsafe
"ANTIOKSIDAN TOKOFEROL CAMPURAN PEKAT, 45430, sari buah asam (0, Ubi kayu segar (64.",0,safe
"Perisa Vanila dan Pewarna Makanan, Penstabil (Kalsium Karbonat), penyedap mononatrium glutamat, Kacang Pohon, madu (0, Bumbu Rasa Rumput Laut Panggang.",0,safe
"8 %, Bubuk Bawang Putih, daun jeruk purut, Tepung porang terbaik (48%), tepung beras halus, 23%}, Ammonium Bikarbonat).",0,safe
"Beras pilihan (85, TARTRAZlN CI, perisa sintetik (stroberi, teri, Pewarna sintetik (Ponceau 4R CI No, Penguat Rasa [Dinatrium 5'-Inosinat (E631).",1,unsafe
"antioksidan tokoferol campuran pekat, Pantotenat), Maltodekstrin], PERISA: SINTETIK VANILA.",0,safe
"ekstrak khamir), KAKAO BUBUK(2%), saus sambal (mengandung penyedap MSG) (41%), Lemak Reroti (Mengandung Antioksidan Askorbil Palmitat dan, Keripik singkong terbaik, Rumput laut berkualitas (47%), cokelat leleh hitam.",0,safe
"Pasta makaroni, Bumbu Pedas Tingkat 15 (Cabai bubuk, bawang merah goreng, garam, gula halus, MSG, minyak nabati, bubuk bawang putih, bubuk bawang bombay, dinatrium 5'-inosinat, dinatrium 5'-guanilat, ekstrak ragi), Minyak sayur. Perhatian: Mengandung alergen, lihat bahan yang ditebalkan. Diproduksi dengan alat yang juga mengolah: Produk susu, seledri, kacang kedelai, ikan, dan krustasea.",0,safe
"Daging Ayam (37,7%), Air Es, Air, Minyak Nabati (Mengandung Antioksidan TBHQ), Pengemulsi Hidroksipropil Pati, Daging Sapi (3,35%), Isolat Protein Kedelai, Garam, Karagenan, Putih Telur, Selongsong Sosis, Penstabil Fosfat, Pengatur Keasaman, Bumbu Daging Sapi (Mengandung Penguat Rasa Moponatrium L-Glutamat), Dekstrosa, Bumbu Frankfurter, Penguat Rasa Mononatrium L-Glutamat, Bawang Putih Bubuk, Pewarna Alami Karamel Kelas Ill, Lada Putih, Pengawet (Kalium Sorbat dan Natrium Nitrit), Pewarna Sintetik Ponceau 4R Cl. No. 16255, Antioksidan Natrium Eritorbat, Perisa Alami Asap.
*Mengandung Alergen, lihat daftar bahan yang dicetak tebal.",1,unsafe
"pati singkong, 38 % ), (tree nuts), Kentang Kering (62, Premiks Vitamin dan Mineral, Singkong pilihan (64.",0,safe
"tepung terigu, perisa paprika alami, 36%), dan garam laut, 81%).",1,unsafe
"Tepung Kelapa, telur bubuk, III (E-150C), dan fosfat).",1,unsafe
"Kacang Mede (66.38%), Tepung Terigu, Gula, Pati Jagung, Minyak Kelapa Sawit, Bumbu Rasa Jagung (3.63% (Mengandung Jagung Bubuk (2%), Bubuk Kedelai, Bubuk Susu, dan Penguat Rasa Mononatrium Glutamat E621. Mengandung alergen, lihat daftar bahan yang dicetak tebal. Diproduksi menggunakan peralatan yang juga memproses berbagai macam ringan yang mengandung susu dan udang",1,unsafe
"perisa cocopandan buatan, tepung beras putih halus, ekstrak ragi), tepung gandum.",1,unsafe
"pengental gom xanthan, Asam askorbat BHA & TBHQ, madu alami (0, PENSTABIL: GOM KACANG LOKUS, wijen.",1,unsafe
"potongan bawang merah, pati ubi kayu, Biji Bunga Matahari (94, KACANG HAZEL 28.",0,safe
"Olahan ikan tenggiri, sagu murni, garam, minyak dari tumbuhan",0,safe
"Tepung Terigu, Gula, Lemak Nabati, Susu bubuk Full Cream (6.09%), Whey Bubuk, Krimer Nabati, Minyak Nabati, Pati Jagung, Maltodekstrin, Dekstrosa Monohidrat, Ekstrak Malt, Pengental Nabati, Ragi, Teh Hiiau Bubuk (0.38%), Garam, Pengembang, Pengemulsi
Nabati, Penstabil Fosfat, Perisa Sintetik (Teh Hijau, Susu, Vanila), Perisa Alami Cokelat, Pengatur Keasaman, Pewarna Makanon Alami Kurkumin CI No. 75300.",1,unsafe
"Biji jagung, minyak sayur, garam dapur (1%)",0,safe
"PENGENTAL (DIPATI FOSFAT (1412)), Air, gula kastor, biji wijen, Minyak tumbuhan, corn oil.",1,unsafe
"Air murni, gula dan sirup jagung tinggi fruktosa, polidekstrosa, ekstrak jeruk mandarin (4,5%), pengental (gom lokus, gom xanthan, karagenan, kalium klorida, kalsium laktat), glukosa, pengatur pH (asam sitrat, trinatrium sitrat), gelatin dari ikan, aroma jeruk mandarin artifisial, tepung konjak, pemanis buatan asesulfam-K.",0,safe
"Perisa Sintetik (Glisin, Dinatrium 5'-ribonukleotida), Pewarna alami Karamel I, Lemak Kakao), aroma ayam buatan.",0,safe
"Tepung Tapioka, Tepung Terigu, Santan Pandan, Jahe, Gula, Garam",1,unsafe
"penguat rasa (Mononatrium L-glutamat, lesitin kedelai, Minyak Cabai, aroma jeruk mandarin buatan.",1,unsafe
"Daging Ayam 35%, Es, Daging Sapi 21.1%, Keju Mozzarella (10,3%), Penstabil Nabati, Minyak Nabati (Mengandung Antioksidan TBHQ), Bumbu Frankfurter 1,31% (Mengandung Hidrolisat Protein Nabati, Penguat Rasa Mononatrium Glutamat dan Dinatrium 5'-Ribonukleotida), Garam, Isolat Protein Kedelai, Serat Pangan, Penstabil Fosfat, Ekstrak Ragi, Pengawet Kalium Sorbat, Pewarna Alami Karmin CI no. 75470",1,unsafe
"Informasi Alergen :, penguat rasa dinatrium guanilat dan inosinat), penguat rasa mononatrium glutamat, minyak kelapa sawit murni (dengan tokoferol sebagai antioksidan), 56%), Amonium hidrogen karbonat), Tidak mengandung pengawet dan pemanis buatan.",0,safe
"75130 (160a(ii), pemanis buatan asesulfam-K, sari buah asam (0, Saus Stroberi 16% (Mengandung Kalium Sorbat), Pewarna Sintetik Kuning FCF CI, kedelai.",1,unsafe
"sirup glukosa, Bumbu Rasa Bawang Bombay, lemak cokelat, Daun Bawang ( 1, kalium sorbat, Singkong terbaik (63, Bl2).",0,safe
"78%), bakteri asam lakfat, minyak sayur pilihan, Garam), PEMANIS BUATAN ASPARTAM, Bawang Bombay Bubuk 1, pure tomat (45%), pengawet asam sorbat).",0,safe
"Pengemulsi nabati, 75300), salmon, Lihat Daftar Bahan Yang Dicetak Tebal.",1,unsafe
"SELAI CERY 1% (MENGANDUNG PEWARNA ALAMI ANTOSIANIN DAN PENGAWET KALIUM SORBAT), Minyak Olein Kelapa Sawit, lihat bahan yang dicetak tebal, Trinatrium Sitrat, potongan nata de coco (7, Minyak Bunga Matahari.",0,safe
"Serat Pangan, Pengembang Natrium Hidrogen karbonat, KAKAO BUBUK (1%), sirup jagung.",0,safe
"Pewama Alami Karamel Kelas IV, Biji Buah Labu, coklat cair gelap, pewarna makanan karamel IV natural, pengatur asam (asam sitrat).",0,safe
"Gula, Glukosa, Bubuk Jelly, Perisa Susu, Perisa Buah-Buahan, Garam, Perisa Vanila dan Pewarna Makanan.",1,unsafe
"garam himalaya, Mi bihun: Pati jagung, Butiran Biskuit Vanila 4, Singkong ungu premium, Sintetik (Kuning FCF CI, serbuk jeli.",0,safe
"kepiting, pewarna alami Beta-karoten CI No, Daun bawang, Pisang Raja.",1,unsafe
"LEMAK NABATI, Pengental karagen, kepiting, penguat rasa (dinatrium 5'-guanilat [E627] & dinatrium 5'-Inosinat [E631]).",1,unsafe
"dan Kacang Pohon, Pengawet (Kalium Sorbat dan Natrium Nitrit), Perlakuan Tepung (Natrium Stearoil-2-Laktilat), Bebas dari pengawet dan pemanis buatan.",0,safe
"Pewarna makanan sintetik kuning FCF CI 15985, Lemak Reroti (Mengandung Antioksidan Askorbil Palmitat dan, bahan pengawet kalium sorbat, Bawang Putih Bubuk 0, PENGEMBANG: NATRIUM BIKARBONAT, Maltodekstrin, pati Kentang, aroma sintetis.",0,safe
"Sirup Gula Invert, gula glukosa, Jeruk Lemon Bubuk (0, Daun bawang, malt.",1,unsafe
"minyak sawit olein murni, Pengembang (mengandung Antioksidan Asam Askorbat), Ekstrak Rempah, Daun Bawang ( 1.",0,safe
"Umbi kentang, minyak dari kelapa sawit (dengan antioksidan tokoferol), gula dekstrosa",0,safe
"Tepung Jaqung, Minyak Nabati, Saus Keju, (Mengandung keju, Mentega, Penguat Rasa, Mononatrium glutamat, Pewarna Sintetik kuning FCF CI 15985), Bumbu 2% (Mengandung Cabe 2%), Garam Dapat Mengandung Susu",1,unsafe
"Margarin (8%) (mengandung Antioksidan BHA, irisan tipis bawang merah, irisan bawang merah goreng, Gula.",0,safe
"Kacang Pohon dan Kacang Tanah, bubuk kakao, garam berbumbu (5%) (berisi penguat rasa MSG, Krimer minuman, perisa buatan (stroberi.",0,safe
"35%, Tanpa Pewarna Sintetik, 79% (mengandung pewarna makanan sintetik Kuning FCF (CI 15985)), Garam cabe(0, Tepung dari jagung (65, bawang putih halus (0, perisa buatan, Kakao Massa (2%).",0,safe
"Olahan ikan tenggiri, tepung sagu, garam laut, minyak goreng nabati, cabai merah giling, bawang merah bubuk",0,safe
"Tepung olahan jagung (65, Perisa Alami Vanila, Ragi, Gula Invert.",0,safe
"salmon, Zat Besi, dan kacang pohon, Pengemulsi (Lesitin dan Dikalsium Difostat).",1,unsafe
"Air bersih, gula dan sirup jagung fruktosa tinggi, polidekstrosa, jus jeruk mandarin (4,5%), bahan pengental (gom lokus, gom xanthan, karagenan, kalium klorida, kalsium laktat), glukosa, pengatur asam (asam sitrat, trinatrium sitrat), gelatin dari ikan, aroma jeruk mandarin buatan, tepung konjak, pemanis asesulfam-K.",0,safe
"minyak tumbuhan, Tanpa pemanis buatan, crustacea, Menangdung pemanis buatan.",1,unsafe
"Daging ikan sarden (51%), saus tomat segar (45%), gula pasir, garam dapur, bawang putih cincang (0,7%), irisan bawang merah",0,safe
"tepung beras putih murni, 63%), Pewarna Makanan Sintetik, Karmoisin CI 14720).",0,safe
"Tokoferol), DAN PENGATURE ASAM SITRAT, Tartrazin CI No, Informasi Alergen, bawang merah cincang.",0,safe
"Rolled Oats (83,5%), Sultana (5%), Biji Bunga Matahari, Biji Buah Labu, Kacang Almond (1,5%), Bekatul.",1,unsafe
"pengental alami, Lemak Nabati ( mengandung Antioksidan Tokoferol ), telur, dinatrium guanilat dan inosinat), bawang merah (0.",1,unsafe
"garam berbumbu (5%) (berisi penguat rasa MSG, Kakao Bubuk (1, Racikan Bumbu Pedas Level 15 (Bubuk cabai, Enzim Papain).",0,safe
"(Sereal Malt Instan (58%) (mengandung kedelai), krimer (mengandung penstabil kalium fosfat, pengemulsi nabati, anti kempal silikon dioksida), gula, lada putih, garam, bumbu (mengandung laktosa, hidrolisat protein kedelai, tepung terigu, penguat rasa mononatrium L glutamat, Dinatrium 5'-inosinate, Dinatrium 5'-guanilat)",1,unsafe
"Alga laut (47%), minyak jagung murni, garam gurih (5%) (mengandung penyedap MSG, dinatrium inosinat dan guanilat), minyak zaitun (4%), minyak dari biji wijen.",0,safe
"pengental (gom biji lokus, polidekstrosa, gula, terigu.",1,unsafe
"09%), BUMBU GARAM (MENGANDUNG PENGUAT RASA MONONATRIUM L-GLUTAMAT PERISA SINTETIK, seledri kering, Kacang Tanah, kedelai.",1,unsafe
"Tepung Torigu, Lemak Nabati (Mengandung Antioksidan TBHQ), Gula, Keju (Mengandung Pengawet : Asam Sorbat, Nisin, Pewara Alami Anato CI No. 75120), Susu Bubuk, Pengembang (Amonium Bikarbonat dan Natrium Bikarbonat), Garam, Pengemulsi Lesitin Kedelai, Perisa Sintetik Barbekue, Penguat Rasa Mononatrium Glutamat, Perisa Sintetik
Keju, Pewama Sintetik Tartrazin CI No. 19140.
Mengandung alergen, lihat daftar bahan yang dicetak tebal.",1,unsafe
"6%), Antioksidan Tokoferol Campuan Pekat dan BHT), PENGENTAL (DIPATI FOSFAT (1412), Lemak Reroti (Mengandung Antioksidan BHA), cabai rawit pedas (1%).",0,safe
"Pengembang Amonium Hidrogen Karbonat, wijen, 72%), konsentrat sari buah anggur (2, Perisa Sintetik dan Alami (mengandung Penguat Rasa (Mononatrium Glutamat, umbi singkong (31.",1,unsafe
"madu murni (0, Bebas dari pemanis buatan, Perisa Sintetik (4, Bumbu Ayam Teriyaki ({6.",0,safe
"06%), KACANG HAZEL 28, Perlakuan Tepung (Natrium Stearoil-2-Laktilat), Bawang prei, Pengatur Keasaman (Asam Sitrat), Merica Putih Bubuk, bahan pengemulsi (fosfat dan nabati).",0,safe
"Daging Ayam (50%), cabe, bubuk bawang putih dan merah, Minyak berbumbu: Minyak nabati, Penguat Rasa Mononatrium Glutamat [E621], Oat (5, Gula kristal, Bubuk cokelat.",0,safe
"bubuk kakao, minyak sayur, Pengatur Keasaman (Asam Laktat dan Asam Sitrat), 8%) (mengandung antioksidan (BHA, bawang putih tumbuk, Garam (8.",0,safe
